0 conductor definition file for the following objects
* - A_NodoNegativoAmplificadorInversor
* created using FreeCAD's ElectroMagnetic workbench
* see http://www.freecad.org and http://www.fastfieldsolvers.com

Q Nodo054  160.001092 -96.35 1.51  160.001092 -96.35 1.55  160.151092 -96.2 1.55  160.151092 -96.19999999999102 1.51
Q Nodo054  160.151092 -96.2 1.51  160.151092 -96.2 1.55  160.451092 -96.2 1.55  160.451092 -96.2 1.51
Q Nodo054  160.451092 -96.2 1.51  160.451092 -96.2 1.55  160.601092 -96.35 1.55  160.601091999999 -96.35 1.51
Q Nodo054  160.601092 -96.35 1.51  160.601092 -96.35 1.55  160.601092 -98.0 1.55  160.601092 -98.0 1.51
Q Nodo054  160.601092 -98.0 1.51  160.601092 -98.0 1.55  160.451092 -98.15 1.55  160.451092 -98.14999999999898 1.51
Q Nodo054  160.151092 -98.15 1.51  160.151092 -98.15 1.55  160.001092 -98.0 1.55  160.001091999991 -98.0 1.51
Q Nodo054  160.001092 -98.0 1.51  160.001092 -98.0 1.55  160.001092 -96.35 1.55  160.001092 -96.35 1.51
Q Nodo054  160.401092 -98.30967 1.545  160.4008262474 -98.15 1.545  160.4008262474 -98.15 1.51  160.401092 -98.30967 1.51
Q Nodo054  160.401092 -98.30967 1.51  160.401092 -98.30967 1.545  160.971422 -98.88 1.545  160.971422 -98.88 1.51
Q Nodo054  160.971422 -98.88 1.51  160.971422 -98.88 1.545  162.629509 -98.881921 1.545  162.629509 -98.881921 1.51
Q Nodo054  162.629509 -98.881921 1.51  162.629509 -98.881921 1.545  162.665557 -98.896853 1.545  162.665557 -98.89685300000001 1.51
Q Nodo054  162.665557 -98.896853 1.51  162.665557 -98.896853 1.545  163.363147 -99.594443 1.545  163.363147 -99.594443 1.51
Q Nodo054  163.363147 -99.594443 1.51  163.363147 -99.594443 1.545  163.378079 -99.630491 1.545  163.378079 -99.630491 1.51
Q Nodo054  163.378079 -100.0 1.545  163.378079 -99.630491 1.545  163.378079 -99.630491 1.51  163.378079 -100.0 1.51
Q Nodo054  163.18 -99.691422 1.545  163.18 -100.0 1.545  163.18 -100.0 1.51  163.18 -99.691422 1.51
Q Nodo054  163.18 -99.691422 1.51  163.18 -99.691422 1.545  162.568578 -99.08 1.545  162.568578 -99.08 1.51
Q Nodo054  162.568578 -99.08 1.51  162.568578 -99.08 1.545  160.910491 -99.078079 1.545  160.910491 -99.078079 1.51
Q Nodo054  160.910491 -99.078079 1.51  160.910491 -99.078079 1.545  160.874442 -99.063147 1.545  160.874442 -99.06314699999999 1.51
Q Nodo054  160.874442 -99.063147 1.51  160.874442 -99.063147 1.545  160.217945 -98.406649 1.545  160.21794500000007 -98.40664899999992 1.51
Q Nodo054  160.217945 -98.406649 1.51  160.217945 -98.406649 1.545  160.203013 -98.370601 1.545  160.20301299999997 -98.37060100000001 1.51
Q Nodo054  160.203013 -98.15 1.545  160.203013 -98.370601 1.545  160.203013 -98.370601 1.51  160.203013 -98.15 1.51
Q Nodo054  163.63 -100.0 1.51  163.63 -100.0 1.55  163.88 -100.25 1.55  163.87999999999283 -100.25 1.51
Q Nodo054  162.68 -100.25 1.51  162.68 -100.25 1.55  162.93 -100.0 1.55  162.93 -99.99999999991716 1.51
Q Nodo054  163.88 -100.25 1.51  163.88 -100.25 1.55  163.88 -101.15 1.55  163.88 -101.15 1.51
Q Nodo054  163.88 -101.15 1.51  163.88 -101.15 1.55  163.63 -101.4 1.55  163.63 -101.39999999998284 1.51
Q Nodo054  163.378079 -102.159509 1.545  163.378079 -101.4 1.545  163.378079 -101.4 1.51  163.378079 -102.159509 1.51
Q Nodo054  163.378079 -102.159509 1.51  163.378079 -102.159509 1.545  163.363147 -102.195557 1.545  163.363147 -102.195557 1.51
Q Nodo054  163.363147 -102.195557 1.51  163.363147 -102.195557 1.545  162.955557 -102.603147 1.545  162.955557 -102.603147 1.51
Q Nodo054  162.955557 -102.603147 1.51  162.955557 -102.603147 1.545  162.919509 -102.618079 1.545  162.919509 -102.61807900000001 1.51
Q Nodo054  162.919509 -102.618079 1.51  162.919509 -102.618079 1.545  161.801422 -102.62 1.545  161.801422 -102.62 1.51
Q Nodo054  161.801422 -102.62 1.51  161.801422 -102.62 1.545  161.35 -103.071422 1.545  161.35 -103.07142200000001 1.51
Q Nodo054  161.3492724999607 -103.51 1.545  161.35 -103.071422 1.545  161.35 -103.071422 1.51  161.34927249996 -103.51 1.51
Q Nodo054  161.151921 -103.010491 1.545  161.151921 -103.51 1.545  161.151921 -103.51 1.51  161.151921 -103.010491 1.51
Q Nodo054  161.151921 -103.010491 1.51  161.151921 -103.010491 1.545  161.166853 -102.974443 1.545  161.166853 -102.974443 1.51
Q Nodo054  161.166853 -102.974443 1.51  161.166853 -102.974443 1.545  161.704443 -102.436853 1.545  161.704443 -102.436853 1.51
Q Nodo054  161.704443 -102.436853 1.51  161.704443 -102.436853 1.545  161.740491 -102.421921 1.545  161.740491 -102.421921 1.51
Q Nodo054  161.740491 -102.421921 1.51  161.740491 -102.421921 1.545  162.858578 -102.42 1.545  162.858578 -102.42 1.51
Q Nodo054  162.858578 -102.42 1.51  162.858578 -102.42 1.545  163.18 -102.098578 1.545  163.18 -102.09857799999999 1.51
Q Nodo054  163.18 -101.4 1.545  163.18 -102.098578 1.545  163.18 -102.098578 1.51  163.18 -101.4 1.51
Q Nodo054  162.93 -101.4 1.51  162.93 -101.4 1.55  162.68 -101.15 1.55  162.67999999999716 -101.15 1.51
Q Nodo054  162.68 -101.15 1.51  162.68 -101.15 1.55  162.68 -100.25 1.55  162.68 -100.25 1.51
Q Nodo054  161.6 -103.51 1.51  161.6 -103.51 1.55  161.85 -103.76 1.55  161.84999999999283 -103.76 1.51
Q Nodo054  160.65 -103.76 1.51  160.65 -103.76 1.55  160.9 -103.51 1.55  160.9 -103.50999999991716 1.51
Q Nodo054  161.85 -103.76 1.51  161.85 -103.76 1.55  161.85 -104.66 1.55  161.85 -104.66 1.51
Q Nodo054  161.85 -104.66 1.51  161.85 -104.66 1.55  161.6 -104.91 1.55  161.6 -104.90999999998284 1.51
Q Nodo054  161.6 -104.91 1.51  161.6 -104.91 1.55  160.9 -104.91 1.55  160.9 -104.91 1.51
Q Nodo054  160.9 -104.91 1.51  160.9 -104.91 1.55  160.65 -104.66 1.55  160.64999999999716 -104.66 1.51
Q Nodo054  160.65 -104.66 1.51  160.65 -104.66 1.55  160.65 -103.76 1.55  160.65 -103.76 1.51
T Nodo054  160.0010986328125 -96.3499984741211 1.5099999904632568  160.04502868652344 -96.24393463134766 1.5099999904632568  160.1235809326172 -96.29931640625 1.5099999904632568
T Nodo054  160.04502868652344 -96.24393463134766 1.5099999904632568  160.15109252929688 -96.19999694824219 1.5099999904632568  160.1235809326172 -96.29931640625 1.5099999904632568
T Nodo054  160.0010986328125 -98.0 1.5099999904632568  160.0010986328125 -97.82510375976562 1.5099999904632568  160.1442108154297 -97.95523834228516 1.5099999904632568
T Nodo054  160.0010986328125 -97.82510375976562 1.5099999904632568  160.0010986328125 -97.42745208740234 1.5099999904632568  160.60108947753906 -97.72775268554688 1.5099999904632568
T Nodo054  160.0010986328125 -97.42745208740234 1.5099999904632568  160.0010986328125 -96.873046875 1.5099999904632568  160.60108947753906 -97.10900115966797 1.5099999904632568
T Nodo054  160.0010986328125 -96.54634857177734 1.5099999904632568  160.0010986328125 -96.3499984741211 1.5099999904632568  160.14801025390625 -96.39632415771484 1.5099999904632568
T Nodo054  160.0010986328125 -96.3499984741211 1.5099999904632568  160.1235809326172 -96.29931640625 1.5099999904632568  160.14801025390625 -96.39632415771484 1.5099999904632568
T Nodo054  160.0430450439453 -98.10404968261719 1.5099999904632568  160.0010986328125 -98.0 1.5099999904632568  160.13356018066406 -98.0517578125 1.5099999904632568
T Nodo054  160.15109252929688 -98.1500015258789 1.5099999904632568  160.0430450439453 -98.10404968261719 1.5099999904632568  160.13356018066406 -98.0517578125 1.5099999904632568
T Nodo054  160.0010986328125 -98.0 1.5099999904632568  160.1442108154297 -97.95523834228516 1.5099999904632568  160.13356018066406 -98.0517578125 1.5099999904632568
T Nodo054  160.8744354248047 -99.06314849853516 1.5099999904632568  160.79698181152344 -98.98567962646484 1.5099999904632568  160.88087463378906 -98.95966339111328 1.5099999904632568
T Nodo054  160.7149200439453 -98.90361785888672 1.5099999904632568  160.6367950439453 -98.82549285888672 1.5099999904632568  160.75460815429688 -98.81148529052734 1.5099999904632568
T Nodo054  160.6367950439453 -98.82549285888672 1.5099999904632568  160.55670166015625 -98.74539947509766 1.5099999904632568  160.68003845214844 -98.73021697998047 1.5099999904632568
T Nodo054  160.55670166015625 -98.74539947509766 1.5099999904632568  160.4766082763672 -98.6653060913086 1.5099999904632568  160.6002960205078 -98.64918518066406 1.5099999904632568
T Nodo054  160.4766082763672 -98.6653060913086 1.5099999904632568  160.3984832763672 -98.58718872070312 1.5099999904632568  160.52044677734375 -98.56895446777344 1.5099999904632568
T Nodo054  160.4766082763672 -98.6653060913086 1.5099999904632568  160.52044677734375 -98.56895446777344 1.5099999904632568  160.6002960205078 -98.64918518066406 1.5099999904632568
T Nodo054  160.3984832763672 -98.58718872070312 1.5099999904632568  160.3137969970703 -98.50249481201172 1.5099999904632568  160.43930053710938 -98.48683166503906 1.5099999904632568
T Nodo054  160.3137969970703 -98.50249481201172 1.5099999904632568  160.2179412841797 -98.40664672851562 1.5099999904632568  160.35943603515625 -98.40151977539062 1.5099999904632568
T Nodo054  160.3137969970703 -98.50249481201172 1.5099999904632568  160.35943603515625 -98.40151977539062 1.5099999904632568  160.43930053710938 -98.48683166503906 1.5099999904632568
T Nodo054  162.56857299804688 -99.08000183105469 1.5099999904632568  162.4259796142578 -99.079833984375 1.5099999904632568  162.50965881347656 -98.97479248046875 1.5099999904632568
T Nodo054  161.4079132080078 -99.07865905761719 1.5099999904632568  161.04977416992188 -99.07823944091797 1.5099999904632568  161.21681213378906 -98.88028717041016 1.5099999904632568
T Nodo054  163.10296630859375 -99.6143798828125 1.5099999904632568  163.01980590820312 -99.5312271118164 1.5099999904632568  163.14889526367188 -99.51885223388672 1.5099999904632568
T Nodo054  163.01980590820312 -99.5312271118164 1.5099999904632568  162.93727111816406 -99.44868469238281 1.5099999904632568  163.06057739257812 -99.43173217773438 1.5099999904632568
T Nodo054  163.01980590820312 -99.5312271118164 1.5099999904632568  163.06057739257812 -99.43173217773438 1.5099999904632568  163.14889526367188 -99.51885223388672 1.5099999904632568
T Nodo054  162.93727111816406 -99.44868469238281 1.5099999904632568  162.8651123046875 -99.37654113769531 1.5099999904632568  162.97743225097656 -99.34880065917969 1.5099999904632568
T Nodo054  162.93727111816406 -99.44868469238281 1.5099999904632568  162.97743225097656 -99.34880065917969 1.5099999904632568  163.06057739257812 -99.43173217773438 1.5099999904632568
T Nodo054  162.8651123046875 -99.37654113769531 1.5099999904632568  162.7923583984375 -99.30377960205078 1.5099999904632568  162.89808654785156 -99.2694320678711 1.5099999904632568
T Nodo054  162.8651123046875 -99.37654113769531 1.5099999904632568  162.89808654785156 -99.2694320678711 1.5099999904632568  162.97743225097656 -99.34880065917969 1.5099999904632568
T Nodo054  162.7923583984375 -99.30377960205078 1.5099999904632568  162.71409606933594 -99.22551727294922 1.5099999904632568  162.819580078125 -99.19068145751953 1.5099999904632568
T Nodo054  162.71409606933594 -99.22551727294922 1.5099999904632568  162.64073181152344 -99.15214538574219 1.5099999904632568  162.7420654296875 -99.11202239990234 1.5099999904632568
T Nodo054  162.71409606933594 -99.22551727294922 1.5099999904632568  162.7420654296875 -99.11202239990234 1.5099999904632568  162.819580078125 -99.19068145751953 1.5099999904632568
T Nodo054  162.64073181152344 -99.15214538574219 1.5099999904632568  162.56857299804688 -99.08000183105469 1.5099999904632568  162.6697235107422 -99.03569793701172 1.5099999904632568
T Nodo054  162.64073181152344 -99.15214538574219 1.5099999904632568  162.6697235107422 -99.03569793701172 1.5099999904632568  162.7420654296875 -99.11202239990234 1.5099999904632568
T Nodo054  163.17999267578125 -100.0 1.5099999904632568  163.17999267578125 -99.89693450927734 1.5099999904632568  163.27511596679688 -99.94398498535156 1.5099999904632568
T Nodo054  163.17999267578125 -99.89693450927734 1.5099999904632568  163.17999267578125 -99.79170989990234 1.5099999904632568  163.27767944335938 -99.83251953125 1.5099999904632568
T Nodo054  163.17999267578125 -99.89693450927734 1.5099999904632568  163.27767944335938 -99.83251953125 1.5099999904632568  163.27511596679688 -99.94398498535156 1.5099999904632568
T Nodo054  163.17999267578125 -99.79170989990234 1.5099999904632568  163.17999267578125 -99.69142150878906 1.5099999904632568  163.27523803710938 -99.72219848632812 1.5099999904632568
T Nodo054  163.17999267578125 -99.79170989990234 1.5099999904632568  163.27523803710938 -99.72219848632812 1.5099999904632568  163.27767944335938 -99.83251953125 1.5099999904632568
T Nodo054  162.92999267578125 -100.0 1.5099999904632568  163.08200073242188 -100.0 1.5099999904632568  163.01449584960938 -100.12286376953125 1.5099999904632568
T Nodo054  162.7532196044922 -100.0732192993164 1.5099999904632568  162.92999267578125 -100.0 1.5099999904632568  162.87359619140625 -100.13993835449219 1.5099999904632568
T Nodo054  162.67999267578125 -100.25 1.5099999904632568  162.7532196044922 -100.0732192993164 1.5099999904632568  162.87359619140625 -100.13993835449219 1.5099999904632568
T Nodo054  162.92999267578125 -100.0 1.5099999904632568  163.01449584960938 -100.12286376953125 1.5099999904632568  162.87359619140625 -100.13993835449219 1.5099999904632568
T Nodo054  162.67999267578125 -101.1500015258789 1.5099999904632568  162.67999267578125 -100.79180145263672 1.5099999904632568  162.94235229492188 -100.90797424316406 1.5099999904632568
T Nodo054  162.7532196044922 -101.32677459716797 1.5099999904632568  162.67999267578125 -101.1500015258789 1.5099999904632568  162.9031219482422 -101.18376159667969 1.5099999904632568
T Nodo054  162.92999267578125 -101.4000015258789 1.5099999904632568  162.7532196044922 -101.32677459716797 1.5099999904632568  162.9031219482422 -101.18376159667969 1.5099999904632568
T Nodo054  162.67999267578125 -101.1500015258789 1.5099999904632568  162.94235229492188 -100.90797424316406 1.5099999904632568  162.9031219482422 -101.18376159667969 1.5099999904632568
T Nodo054  163.17999267578125 -101.4000015258789 1.5099999904632568  163.08050537109375 -101.4000015258789 1.5099999904632568  163.17779541015625 -101.29945373535156 1.5099999904632568
T Nodo054  163.08050537109375 -101.4000015258789 1.5099999904632568  162.92999267578125 -101.4000015258789 1.5099999904632568  163.05816650390625 -101.25208282470703 1.5099999904632568
T Nodo054  163.17779541015625 -101.29945373535156 1.5099999904632568  163.08050537109375 -101.4000015258789 1.5099999904632568  163.05816650390625 -101.25208282470703 1.5099999904632568
T Nodo054  162.92999267578125 -101.4000015258789 1.5099999904632568  162.9031219482422 -101.18376159667969 1.5099999904632568  163.05816650390625 -101.25208282470703 1.5099999904632568
T Nodo054  163.17999267578125 -102.09857940673828 1.5099999904632568  163.17999267578125 -101.98051452636719 1.5099999904632568  163.29055786132812 -102.04075622558594 1.5099999904632568
T Nodo054  163.17999267578125 -101.98051452636719 1.5099999904632568  163.17999267578125 -101.86245727539062 1.5099999904632568  163.2804412841797 -101.90705871582031 1.5099999904632568
T Nodo054  163.17999267578125 -101.86245727539062 1.5099999904632568  163.17999267578125 -101.73741149902344 1.5099999904632568  163.27932739257812 -101.78935241699219 1.5099999904632568
T Nodo054  163.17999267578125 -101.86245727539062 1.5099999904632568  163.27932739257812 -101.78935241699219 1.5099999904632568  163.2804412841797 -101.90705871582031 1.5099999904632568
T Nodo054  163.17999267578125 -101.73741149902344 1.5099999904632568  163.17999267578125 -101.62982940673828 1.5099999904632568  163.27911376953125 -101.67711639404297 1.5099999904632568
T Nodo054  163.17999267578125 -101.62982940673828 1.5099999904632568  163.17999267578125 -101.50688171386719 1.5099999904632568  163.27926635742188 -101.56458282470703 1.5099999904632568
T Nodo054  163.17999267578125 -101.62982940673828 1.5099999904632568  163.27926635742188 -101.56458282470703 1.5099999904632568  163.27911376953125 -101.67711639404297 1.5099999904632568
T Nodo054  163.17999267578125 -101.50688171386719 1.5099999904632568  163.17999267578125 -101.4000015258789 1.5099999904632568  163.28050231933594 -101.45418548583984 1.5099999904632568
T Nodo054  163.17999267578125 -101.50688171386719 1.5099999904632568  163.28050231933594 -101.45418548583984 1.5099999904632568  163.27926635742188 -101.56458282470703 1.5099999904632568
T Nodo054  162.85858154296875 -102.41999816894531 1.5099999904632568  162.94149780273438 -102.33707427978516 1.5099999904632568  162.95095825195312 -102.48318481445312 1.5099999904632568
T Nodo054  162.94149780273438 -102.33707427978516 1.5099999904632568  163.0196075439453 -102.25896453857422 1.5099999904632568  163.0325469970703 -102.36351013183594 1.5099999904632568
T Nodo054  162.94149780273438 -102.33707427978516 1.5099999904632568  163.0325469970703 -102.36351013183594 1.5099999904632568  162.95095825195312 -102.48318481445312 1.5099999904632568
T Nodo054  163.0196075439453 -102.25896453857422 1.5099999904632568  163.10028076171875 -102.17829132080078 1.5099999904632568  163.114990234375 -102.30104064941406 1.5099999904632568
T Nodo054  163.10028076171875 -102.17829132080078 1.5099999904632568  163.17999267578125 -102.09857940673828 1.5099999904632568  163.2154083251953 -102.21847534179688 1.5099999904632568
T Nodo054  161.74049377441406 -102.42192077636719 1.5099999904632568  161.85565185546875 -102.42172241210938 1.5099999904632568  161.76962280273438 -102.50760650634766 1.5099999904632568
T Nodo054  161.97080993652344 -102.42152404785156 1.5099999904632568  162.0736846923828 -102.42134857177734 1.5099999904632568  162.00689697265625 -102.51702117919922 1.5099999904632568
T Nodo054  162.0736846923828 -102.42134857177734 1.5099999904632568  162.18995666503906 -102.42115020751953 1.5099999904632568  162.13235473632812 -102.52519989013672 1.5099999904632568
T Nodo054  162.0736846923828 -102.42134857177734 1.5099999904632568  162.13235473632812 -102.52519989013672 1.5099999904632568  162.00689697265625 -102.51702117919922 1.5099999904632568
T Nodo054  162.18995666503906 -102.42115020751953 1.5099999904632568  162.30288696289062 -102.42095184326172 1.5099999904632568  162.2436981201172 -102.50137329101562 1.5099999904632568
T Nodo054  162.18995666503906 -102.42115020751953 1.5099999904632568  162.2436981201172 -102.50137329101562 1.5099999904632568  162.13235473632812 -102.52519989013672 1.5099999904632568
T Nodo054  162.30288696289062 -102.42095184326172 1.5099999904632568  162.40687561035156 -102.4207763671875 1.5099999904632568  162.34219360351562 -102.516845703125 1.5099999904632568
T Nodo054  162.30288696289062 -102.42095184326172 1.5099999904632568  162.34219360351562 -102.516845703125 1.5099999904632568  162.2436981201172 -102.50137329101562 1.5099999904632568
T Nodo054  162.40687561035156 -102.4207763671875 1.5099999904632568  162.52427673339844 -102.42057800292969 1.5099999904632568  162.47232055664062 -102.52702331542969 1.5099999904632568
T Nodo054  162.40687561035156 -102.4207763671875 1.5099999904632568  162.47232055664062 -102.52702331542969 1.5099999904632568  162.34219360351562 -102.516845703125 1.5099999904632568
T Nodo054  162.52427673339844 -102.42057800292969 1.5099999904632568  162.64166259765625 -102.42037200927734 1.5099999904632568  162.60679626464844 -102.51927947998047 1.5099999904632568
T Nodo054  162.52427673339844 -102.42057800292969 1.5099999904632568  162.60679626464844 -102.51927947998047 1.5099999904632568  162.47232055664062 -102.52702331542969 1.5099999904632568
T Nodo054  162.64166259765625 -102.42037200927734 1.5099999904632568  162.7545928955078 -102.42018127441406 1.5099999904632568  162.71575927734375 -102.51353454589844 1.5099999904632568
T Nodo054  162.64166259765625 -102.42037200927734 1.5099999904632568  162.71575927734375 -102.51353454589844 1.5099999904632568  162.60679626464844 -102.51927947998047 1.5099999904632568
T Nodo054  162.7545928955078 -102.42018127441406 1.5099999904632568  162.85858154296875 -102.41999816894531 1.5099999904632568  162.7999267578125 -102.49702453613281 1.5099999904632568
T Nodo054  162.7545928955078 -102.42018127441406 1.5099999904632568  162.7999267578125 -102.49702453613281 1.5099999904632568  162.71575927734375 -102.51353454589844 1.5099999904632568
T Nodo054  161.16685485839844 -102.97444152832031 1.5099999904632568  161.2421112060547 -102.89917755126953 1.5099999904632568  161.23098754882812 -103.02101135253906 1.5099999904632568
T Nodo054  161.4017791748047 -102.73951721191406 1.5099999904632568  161.47918701171875 -102.66210174560547 1.5099999904632568  161.5084228515625 -102.77284240722656 1.5099999904632568
T Nodo054  161.47918701171875 -102.66210174560547 1.5099999904632568  161.55499267578125 -102.5863037109375 1.5099999904632568  161.59194946289062 -102.68925476074219 1.5099999904632568
T Nodo054  161.47918701171875 -102.66210174560547 1.5099999904632568  161.59194946289062 -102.68925476074219 1.5099999904632568  161.5084228515625 -102.77284240722656 1.5099999904632568
T Nodo054  161.55499267578125 -102.5863037109375 1.5099999904632568  161.62918090820312 -102.51211547851562 1.5099999904632568  161.67543029785156 -102.60525512695312 1.5099999904632568
T Nodo054  161.55499267578125 -102.5863037109375 1.5099999904632568  161.67543029785156 -102.60525512695312 1.5099999904632568  161.59194946289062 -102.68925476074219 1.5099999904632568
T Nodo054  161.15191650390625 -103.51000213623047 1.5099999904632568  161.15191650390625 -103.40560150146484 1.5099999904632568  161.25347900390625 -103.45946502685547 1.5099999904632568
T Nodo054  161.15191650390625 -103.40560150146484 1.5099999904632568  161.15191650390625 -103.30770111083984 1.5099999904632568  161.2510986328125 -103.35232543945312 1.5099999904632568
T Nodo054  161.15191650390625 -103.40560150146484 1.5099999904632568  161.2510986328125 -103.35232543945312 1.5099999904632568  161.25347900390625 -103.45946502685547 1.5099999904632568
T Nodo054  161.15191650390625 -103.30770111083984 1.5099999904632568  161.15191650390625 -103.21429443359375 1.5099999904632568  161.2501983642578 -103.24866485595703 1.5099999904632568
T Nodo054  161.15191650390625 -103.30770111083984 1.5099999904632568  161.2501983642578 -103.24866485595703 1.5099999904632568  161.2510986328125 -103.35232543945312 1.5099999904632568
T Nodo054  161.15191650390625 -103.21429443359375 1.5099999904632568  161.15191650390625 -103.10889434814453 1.5099999904632568  161.24777221679688 -103.14126586914062 1.5099999904632568
T Nodo054  161.15191650390625 -103.21429443359375 1.5099999904632568  161.24777221679688 -103.14126586914062 1.5099999904632568  161.2501983642578 -103.24866485595703 1.5099999904632568
T Nodo054  160.89999389648438 -103.51000213623047 1.5099999904632568  161.05191040039062 -103.51000213623047 1.5099999904632568  161.00531005859375 -103.67681121826172 1.5099999904632568
T Nodo054  160.724609375 -103.58184051513672 1.5099999904632568  160.89999389648438 -103.51000213623047 1.5099999904632568  160.83993530273438 -103.69310760498047 1.5099999904632568
T Nodo054  160.64999389648438 -103.76000213623047 1.5099999904632568  160.724609375 -103.58184051513672 1.5099999904632568  160.83993530273438 -103.69310760498047 1.5099999904632568
T Nodo054  160.89999389648438 -103.51000213623047 1.5099999904632568  161.00531005859375 -103.67681121826172 1.5099999904632568  160.83993530273438 -103.69310760498047 1.5099999904632568
T Nodo054  160.64999389648438 -104.66000366210938 1.5099999904632568  160.64999389648438 -104.2072982788086 1.5099999904632568  161.09434509277344 -104.43443298339844 1.5099999904632568
T Nodo054  161.60000610351562 -104.91000366210938 1.5099999904632568  161.260498046875 -104.91000366210938 1.5099999904632568  161.43417358398438 -104.69300842285156 1.5099999904632568
T Nodo054  161.85000610351562 -103.76000213623047 1.5099999904632568  161.85000610351562 -104.1947021484375 1.5099999904632568  161.4040985107422 -104.02333068847656 1.5099999904632568
T Nodo054  161.35000610351562 -103.07141876220703 1.5099999904632568  161.3498077392578 -103.18282318115234 1.5099999904632568  161.24777221679688 -103.14126586914062 1.5099999904632568
T Nodo054  161.3498077392578 -103.18282318115234 1.5099999904632568  161.34963989257812 -103.29115295410156 1.5099999904632568  161.2501983642578 -103.24866485595703 1.5099999904632568
T Nodo054  161.34963989257812 -103.29115295410156 1.5099999904632568  161.34945678710938 -103.39947509765625 1.5099999904632568  161.2510986328125 -103.35232543945312 1.5099999904632568
T Nodo054  161.34945678710938 -103.39947509765625 1.5099999904632568  161.34927368164062 -103.51000213623047 1.5099999904632568  161.25347900390625 -103.45946502685547 1.5099999904632568
T Nodo054  161.80142211914062 -102.62000274658203 1.5099999904632568  161.7129364013672 -102.70848083496094 1.5099999904632568  161.67543029785156 -102.60525512695312 1.5099999904632568
T Nodo054  161.7129364013672 -102.70848083496094 1.5099999904632568  161.62266540527344 -102.79875946044922 1.5099999904632568  161.59194946289062 -102.68925476074219 1.5099999904632568
T Nodo054  161.62266540527344 -102.79875946044922 1.5099999904632568  161.53012084960938 -102.89130401611328 1.5099999904632568  161.5084228515625 -102.77284240722656 1.5099999904632568
T Nodo054  162.9195098876953 -102.61808013916016 1.5099999904632568  162.81552124023438 -102.61825561523438 1.5099999904632568  162.87149047851562 -102.52685546875 1.5099999904632568
T Nodo054  162.81552124023438 -102.61825561523438 1.5099999904632568  162.70147705078125 -102.61845397949219 1.5099999904632568  162.71575927734375 -102.51353454589844 1.5099999904632568
T Nodo054  162.70147705078125 -102.61845397949219 1.5099999904632568  162.58407592773438 -102.61865234375 1.5099999904632568  162.60679626464844 -102.51927947998047 1.5099999904632568
T Nodo054  162.58407592773438 -102.61865234375 1.5099999904632568  162.4756317138672 -102.61884307861328 1.5099999904632568  162.47232055664062 -102.52702331542969 1.5099999904632568
T Nodo054  162.4756317138672 -102.61884307861328 1.5099999904632568  162.36941528320312 -102.61902618408203 1.5099999904632568  162.47232055664062 -102.52702331542969 1.5099999904632568
T Nodo054  162.36941528320312 -102.61902618408203 1.5099999904632568  162.25201416015625 -102.61922454833984 1.5099999904632568  162.34219360351562 -102.516845703125 1.5099999904632568
T Nodo054  162.25201416015625 -102.61922454833984 1.5099999904632568  162.13572692871094 -102.61942291259766 1.5099999904632568  162.13235473632812 -102.52519989013672 1.5099999904632568
T Nodo054  162.13572692871094 -102.61942291259766 1.5099999904632568  162.03509521484375 -102.61959838867188 1.5099999904632568  162.13235473632812 -102.52519989013672 1.5099999904632568
T Nodo054  162.03509521484375 -102.61959838867188 1.5099999904632568  161.91770935058594 -102.61979675292969 1.5099999904632568  162.00689697265625 -102.51702117919922 1.5099999904632568
T Nodo054  161.91770935058594 -102.61979675292969 1.5099999904632568  161.80142211914062 -102.62000274658203 1.5099999904632568  161.76962280273438 -102.50760650634766 1.5099999904632568
T Nodo054  163.36314392089844 -102.195556640625 1.5099999904632568  163.28489685058594 -102.27381134033203 1.5099999904632568  163.2154083251953 -102.21847534179688 1.5099999904632568
T Nodo054  163.28489685058594 -102.27381134033203 1.5099999904632568  163.2037811279297 -102.35492706298828 1.5099999904632568  163.2154083251953 -102.21847534179688 1.5099999904632568
T Nodo054  163.2037811279297 -102.35492706298828 1.5099999904632568  163.11981201171875 -102.43888854980469 1.5099999904632568  163.114990234375 -102.30104064941406 1.5099999904632568
T Nodo054  163.11981201171875 -102.43888854980469 1.5099999904632568  163.0342254638672 -102.52448272705078 1.5099999904632568  162.95095825195312 -102.48318481445312 1.5099999904632568
T Nodo054  163.0342254638672 -102.52448272705078 1.5099999904632568  162.95555114746094 -102.6031494140625 1.5099999904632568  162.95095825195312 -102.48318481445312 1.5099999904632568
T Nodo054  163.37808227539062 -101.4000015258789 1.5099999904632568  163.37808227539062 -101.50708770751953 1.5099999904632568  163.28050231933594 -101.45418548583984 1.5099999904632568
T Nodo054  163.37808227539062 -101.50708770751953 1.5099999904632568  163.37808227539062 -101.61341857910156 1.5099999904632568  163.27926635742188 -101.56458282470703 1.5099999904632568
T Nodo054  163.37808227539062 -101.61341857910156 1.5099999904632568  163.37808227539062 -101.72734832763672 1.5099999904632568  163.27911376953125 -101.67711639404297 1.5099999904632568
T Nodo054  163.37808227539062 -101.72734832763672 1.5099999904632568  163.37808227539062 -101.8291244506836 1.5099999904632568  163.27932739257812 -101.78935241699219 1.5099999904632568
T Nodo054  163.37808227539062 -101.8291244506836 1.5099999904632568  163.37808227539062 -101.94456481933594 1.5099999904632568  163.2804412841797 -101.90705871582031 1.5099999904632568
T Nodo054  163.37808227539062 -101.94456481933594 1.5099999904632568  163.37808227539062 -102.05469512939453 1.5099999904632568  163.29055786132812 -102.04075622558594 1.5099999904632568
T Nodo054  163.37808227539062 -102.05469512939453 1.5099999904632568  163.37808227539062 -102.15950775146484 1.5099999904632568  163.29055786132812 -102.04075622558594 1.5099999904632568
T Nodo054  163.6300048828125 -101.4000015258789 1.5099999904632568  163.47784423828125 -101.4000015258789 1.5099999904632568  163.53378295898438 -101.30155181884766 1.5099999904632568
T Nodo054  163.80398559570312 -101.32952880859375 1.5099999904632568  163.6300048828125 -101.4000015258789 1.5099999904632568  163.66429138183594 -101.26305389404297 1.5099999904632568
T Nodo054  163.8800048828125 -101.1500015258789 1.5099999904632568  163.80398559570312 -101.32952880859375 1.5099999904632568  163.66429138183594 -101.26305389404297 1.5099999904632568
T Nodo054  163.6300048828125 -101.4000015258789 1.5099999904632568  163.53378295898438 -101.30155181884766 1.5099999904632568  163.66429138183594 -101.26305389404297 1.5099999904632568
T Nodo054  163.8800048828125 -100.25 1.5099999904632568  163.8800048828125 -100.6874008178711 1.5099999904632568  163.54615783691406 -100.40641784667969 1.5099999904632568
T Nodo054  163.37808227539062 -100.0 1.5099999904632568  163.6300048828125 -100.0 1.5099999904632568  163.5018768310547 -100.1558609008789 1.5099999904632568
T Nodo054  163.37808227539062 -99.6304931640625 1.5099999904632568  163.37808227539062 -99.75759887695312 1.5099999904632568  163.27523803710938 -99.72219848632812 1.5099999904632568
T Nodo054  163.37808227539062 -99.75759887695312 1.5099999904632568  163.37808227539062 -99.87879943847656 1.5099999904632568  163.27767944335938 -99.83251953125 1.5099999904632568
T Nodo054  163.37808227539062 -99.87879943847656 1.5099999904632568  163.37808227539062 -100.0 1.5099999904632568  163.27511596679688 -99.94398498535156 1.5099999904632568
T Nodo054  162.66555786132812 -98.8968505859375 1.5099999904632568  162.75694274902344 -98.98823547363281 1.5099999904632568  162.6697235107422 -99.03569793701172 1.5099999904632568
T Nodo054  162.75694274902344 -98.98823547363281 1.5099999904632568  162.8455352783203 -99.07682800292969 1.5099999904632568  162.7420654296875 -99.11202239990234 1.5099999904632568
T Nodo054  162.8455352783203 -99.07682800292969 1.5099999904632568  162.92506408691406 -99.15635681152344 1.5099999904632568  162.819580078125 -99.19068145751953 1.5099999904632568
T Nodo054  162.92506408691406 -99.15635681152344 1.5099999904632568  163.00877380371094 -99.24006652832031 1.5099999904632568  162.89808654785156 -99.2694320678711 1.5099999904632568
T Nodo054  163.00877380371094 -99.24006652832031 1.5099999904632568  163.0973663330078 -99.32865905761719 1.5099999904632568  162.97743225097656 -99.34880065917969 1.5099999904632568
T Nodo054  163.0973663330078 -99.32865905761719 1.5099999904632568  163.1845703125 -99.41586303710938 1.5099999904632568  163.06057739257812 -99.43173217773438 1.5099999904632568
T Nodo054  163.1845703125 -99.41586303710938 1.5099999904632568  163.2787322998047 -99.5100326538086 1.5099999904632568  163.14889526367188 -99.51885223388672 1.5099999904632568
T Nodo054  160.97142028808594 -98.87999725341797 1.5099999904632568  161.21681213378906 -98.88028717041016 1.5099999904632568  161.04977416992188 -99.07823944091797 1.5099999904632568
T Nodo054  161.21681213378906 -98.88028717041016 1.5099999904632568  161.6761016845703 -98.88081359863281 1.5099999904632568  161.4079132080078 -99.07865905761719 1.5099999904632568
T Nodo054  160.40109252929688 -98.3096694946289 1.5099999904632568  160.47923278808594 -98.38780212402344 1.5099999904632568  160.35943603515625 -98.40151977539062 1.5099999904632568
T Nodo054  160.47923278808594 -98.38780212402344 1.5099999904632568  160.5647735595703 -98.47335815429688 1.5099999904632568  160.43930053710938 -98.48683166503906 1.5099999904632568
T Nodo054  160.5647735595703 -98.47335815429688 1.5099999904632568  160.6434783935547 -98.55206298828125 1.5099999904632568  160.52044677734375 -98.56895446777344 1.5099999904632568
T Nodo054  160.6434783935547 -98.55206298828125 1.5099999904632568  160.72503662109375 -98.63362121582031 1.5099999904632568  160.6002960205078 -98.64918518066406 1.5099999904632568
T Nodo054  160.72503662109375 -98.63362121582031 1.5099999904632568  160.8088836669922 -98.71745300292969 1.5099999904632568  160.68003845214844 -98.73021697998047 1.5099999904632568
T Nodo054  160.8088836669922 -98.71745300292969 1.5099999904632568  160.89157104492188 -98.80015563964844 1.5099999904632568  160.75460815429688 -98.81148529052734 1.5099999904632568
T Nodo054  160.89157104492188 -98.80015563964844 1.5099999904632568  160.97142028808594 -98.87999725341797 1.5099999904632568  160.88087463378906 -98.95966339111328 1.5099999904632568
T Nodo054  160.4008331298828 -98.1500015258789 1.5099999904632568  160.4009552001953 -98.22919464111328 1.5099999904632568  160.3189239501953 -98.19429779052734 1.5099999904632568
T Nodo054  160.4009552001953 -98.22919464111328 1.5099999904632568  160.40109252929688 -98.3096694946289 1.5099999904632568  160.2979278564453 -98.31119537353516 1.5099999904632568
T Nodo054  160.4009552001953 -98.22919464111328 1.5099999904632568  160.2979278564453 -98.31119537353516 1.5099999904632568  160.3189239501953 -98.19429779052734 1.5099999904632568
T Nodo054  160.4510955810547 -98.1500015258789 1.5099999904632568  160.4008331298828 -98.1500015258789 1.5099999904632568  160.40025329589844 -98.07093811035156 1.5099999904632568
T Nodo054  160.54171752929688 -98.1195297241211 1.5099999904632568  160.4510955810547 -98.1500015258789 1.5099999904632568  160.40025329589844 -98.07093811035156 1.5099999904632568
T Nodo054  160.60108947753906 -96.3499984741211 1.5099999904632568  160.60108947753906 -96.56780242919922 1.5099999904632568  160.3771209716797 -96.43416595458984 1.5099999904632568
T Nodo054  160.60108947753906 -96.56780242919922 1.5099999904632568  160.60108947753906 -97.10900115966797 1.5099999904632568  160.0010986328125 -96.873046875 1.5099999904632568
T Nodo054  160.60108947753906 -97.10900115966797 1.5099999904632568  160.60108947753906 -97.72775268554688 1.5099999904632568  160.0010986328125 -97.42745208740234 1.5099999904632568
T Nodo054  160.5573272705078 -96.24410247802734 1.5099999904632568  160.60108947753906 -96.3499984741211 1.5099999904632568  160.45681762695312 -96.30845642089844 1.5099999904632568
T Nodo054  160.4510955810547 -96.19999694824219 1.5099999904632568  160.5573272705078 -96.24410247802734 1.5099999904632568  160.45681762695312 -96.30845642089844 1.5099999904632568
T Nodo054  160.60108947753906 -96.3499984741211 1.5099999904632568  160.3771209716797 -96.43416595458984 1.5099999904632568  160.45681762695312 -96.30845642089844 1.5099999904632568
T Nodo054  160.0010986328125 -96.873046875 1.5099999904632568  160.0010986328125 -96.54634857177734 1.5099999904632568  160.60108947753906 -96.56780242919922 1.5099999904632568
T Nodo054  160.75460815429688 -98.81148529052734 1.5099999904632568  160.6367950439453 -98.82549285888672 1.5099999904632568  160.68003845214844 -98.73021697998047 1.5099999904632568
T Nodo054  160.20301818847656 -98.37059783935547 1.5099999904632568  160.20301818847656 -98.1500015258789 1.5099999904632568  160.2979278564453 -98.31119537353516 1.5099999904632568
T Nodo054  160.79698181152344 -98.98567962646484 1.5099999904632568  160.7149200439453 -98.90361785888672 1.5099999904632568  160.8076934814453 -98.89229583740234 1.5099999904632568
T Nodo054  160.55670166015625 -98.74539947509766 1.5099999904632568  160.6002960205078 -98.64918518066406 1.5099999904632568  160.68003845214844 -98.73021697998047 1.5099999904632568
T Nodo054  160.40109252929688 -98.3096694946289 1.5099999904632568  160.35943603515625 -98.40151977539062 1.5099999904632568  160.2979278564453 -98.31119537353516 1.5099999904632568
T Nodo054  162.4259796142578 -99.079833984375 1.5099999904632568  162.0761260986328 -99.07942962646484 1.5099999904632568  162.33934020996094 -98.88158416748047 1.5099999904632568
T Nodo054  163.10296630859375 -99.6143798828125 1.5099999904632568  163.14889526367188 -99.51885223388672 1.5099999904632568  163.26097106933594 -99.6181411743164 1.5099999904632568
T Nodo054  163.17999267578125 -99.69142150878906 1.5099999904632568  163.10296630859375 -99.6143798828125 1.5099999904632568  163.26097106933594 -99.6181411743164 1.5099999904632568
T Nodo054  163.14889526367188 -99.51885223388672 1.5099999904632568  163.2787322998047 -99.5100326538086 1.5099999904632568  163.26097106933594 -99.6181411743164 1.5099999904632568
T Nodo054  161.04977416992188 -99.07823944091797 1.5099999904632568  160.91049194335938 -99.07807922363281 1.5099999904632568  160.97142028808594 -98.87999725341797 1.5099999904632568
T Nodo054  162.7923583984375 -99.30377960205078 1.5099999904632568  162.819580078125 -99.19068145751953 1.5099999904632568  162.89808654785156 -99.2694320678711 1.5099999904632568
T Nodo054  163.27523803710938 -99.72219848632812 1.5099999904632568  163.17999267578125 -99.69142150878906 1.5099999904632568  163.26097106933594 -99.6181411743164 1.5099999904632568
T Nodo054  163.08200073242188 -100.0 1.5099999904632568  163.17999267578125 -100.0 1.5099999904632568  163.15211486816406 -100.10334014892578 1.5099999904632568
T Nodo054  163.29055786132812 -102.04075622558594 1.5099999904632568  163.17999267578125 -101.98051452636719 1.5099999904632568  163.2804412841797 -101.90705871582031 1.5099999904632568
T Nodo054  163.17999267578125 -101.73741149902344 1.5099999904632568  163.27911376953125 -101.67711639404297 1.5099999904632568  163.27932739257812 -101.78935241699219 1.5099999904632568
T Nodo054  163.28050231933594 -101.45418548583984 1.5099999904632568  163.17999267578125 -101.4000015258789 1.5099999904632568  163.2866668701172 -101.34637451171875 1.5099999904632568
T Nodo054  163.28050231933594 -101.45418548583984 1.5099999904632568  163.2866668701172 -101.34637451171875 1.5099999904632568  163.37808227539062 -101.4000015258789 1.5099999904632568
T Nodo054  163.0196075439453 -102.25896453857422 1.5099999904632568  163.114990234375 -102.30104064941406 1.5099999904632568  163.0325469970703 -102.36351013183594 1.5099999904632568
T Nodo054  163.114990234375 -102.30104064941406 1.5099999904632568  163.10028076171875 -102.17829132080078 1.5099999904632568  163.2154083251953 -102.21847534179688 1.5099999904632568
T Nodo054  161.85565185546875 -102.42172241210938 1.5099999904632568  161.97080993652344 -102.42152404785156 1.5099999904632568  161.90573120117188 -102.50068664550781 1.5099999904632568
T Nodo054  162.7999267578125 -102.49702453613281 1.5099999904632568  162.85858154296875 -102.41999816894531 1.5099999904632568  162.87149047851562 -102.52685546875 1.5099999904632568
T Nodo054  161.4017791748047 -102.73951721191406 1.5099999904632568  161.5084228515625 -102.77284240722656 1.5099999904632568  161.42393493652344 -102.85682678222656 1.5099999904632568
T Nodo054  161.32168579101562 -102.81961822509766 1.5099999904632568  161.4017791748047 -102.73951721191406 1.5099999904632568  161.42393493652344 -102.85682678222656 1.5099999904632568
T Nodo054  161.5084228515625 -102.77284240722656 1.5099999904632568  161.53012084960938 -102.89130401611328 1.5099999904632568  161.42393493652344 -102.85682678222656 1.5099999904632568
T Nodo054  160.1442108154297 -97.95523834228516 1.5099999904632568  160.39236450195312 -97.91781616210938 1.5099999904632568  160.25596618652344 -98.02609252929688 1.5099999904632568
T Nodo054  160.0010986328125 -96.54634857177734 1.5099999904632568  160.14801025390625 -96.39632415771484 1.5099999904632568  160.3771209716797 -96.43416595458984 1.5099999904632568
T Nodo054  161.67543029785156 -102.60525512695312 1.5099999904632568  161.62918090820312 -102.51211547851562 1.5099999904632568  161.76962280273438 -102.50760650634766 1.5099999904632568
T Nodo054  161.24777221679688 -103.14126586914062 1.5099999904632568  161.15191650390625 -103.10889434814453 1.5099999904632568  161.23098754882812 -103.02101135253906 1.5099999904632568
T Nodo054  161.05191040039062 -103.51000213623047 1.5099999904632568  161.15191650390625 -103.51000213623047 1.5099999904632568  161.14898681640625 -103.63687133789062 1.5099999904632568
T Nodo054  161.43417358398438 -104.69300842285156 1.5099999904632568  161.260498046875 -104.91000366210938 1.5099999904632568  161.09434509277344 -104.43443298339844 1.5099999904632568
T Nodo054  160.64999389648438 -104.2072982788086 1.5099999904632568  160.64999389648438 -103.76000213623047 1.5099999904632568  160.9435577392578 -103.94261169433594 1.5099999904632568
T Nodo054  160.89999389648438 -104.91000366210938 1.5099999904632568  160.7229461669922 -104.83650207519531 1.5099999904632568  160.9264373779297 -104.72433471679688 1.5099999904632568
T Nodo054  160.7229461669922 -104.83650207519531 1.5099999904632568  160.64999389648438 -104.66000366210938 1.5099999904632568  160.9264373779297 -104.72433471679688 1.5099999904632568
T Nodo054  161.260498046875 -104.91000366210938 1.5099999904632568  160.89999389648438 -104.91000366210938 1.5099999904632568  160.9264373779297 -104.72433471679688 1.5099999904632568
T Nodo054  161.85000610351562 -104.66000366210938 1.5099999904632568  161.77650451660156 -104.83705139160156 1.5099999904632568  161.64678955078125 -104.71114349365234 1.5099999904632568
T Nodo054  161.77650451660156 -104.83705139160156 1.5099999904632568  161.60000610351562 -104.91000366210938 1.5099999904632568  161.64678955078125 -104.71114349365234 1.5099999904632568
T Nodo054  161.35000610351562 -103.07141876220703 1.5099999904632568  161.24777221679688 -103.14126586914062 1.5099999904632568  161.23098754882812 -103.02101135253906 1.5099999904632568
T Nodo054  161.85000610351562 -104.1947021484375 1.5099999904632568  161.85000610351562 -104.66000366210938 1.5099999904632568  161.5704803466797 -104.44825744628906 1.5099999904632568
T Nodo054  161.60000610351562 -103.51000213623047 1.5099999904632568  161.7770538330078 -103.58350372314453 1.5099999904632568  161.5609893798828 -103.71765899658203 1.5099999904632568
T Nodo054  161.7770538330078 -103.58350372314453 1.5099999904632568  161.85000610351562 -103.76000213623047 1.5099999904632568  161.5609893798828 -103.71765899658203 1.5099999904632568
T Nodo054  161.3498077392578 -103.18282318115234 1.5099999904632568  161.2501983642578 -103.24866485595703 1.5099999904632568  161.24777221679688 -103.14126586914062 1.5099999904632568
T Nodo054  161.34963989257812 -103.29115295410156 1.5099999904632568  161.2510986328125 -103.35232543945312 1.5099999904632568  161.2501983642578 -103.24866485595703 1.5099999904632568
T Nodo054  161.34945678710938 -103.39947509765625 1.5099999904632568  161.25347900390625 -103.45946502685547 1.5099999904632568  161.2510986328125 -103.35232543945312 1.5099999904632568
T Nodo054  161.80142211914062 -102.62000274658203 1.5099999904632568  161.67543029785156 -102.60525512695312 1.5099999904632568  161.76962280273438 -102.50760650634766 1.5099999904632568
T Nodo054  161.7129364013672 -102.70848083496094 1.5099999904632568  161.59194946289062 -102.68925476074219 1.5099999904632568  161.67543029785156 -102.60525512695312 1.5099999904632568
T Nodo054  161.62266540527344 -102.79875946044922 1.5099999904632568  161.5084228515625 -102.77284240722656 1.5099999904632568  161.59194946289062 -102.68925476074219 1.5099999904632568
T Nodo054  161.53012084960938 -102.89130401611328 1.5099999904632568  161.44345092773438 -102.97797393798828 1.5099999904632568  161.42393493652344 -102.85682678222656 1.5099999904632568
T Nodo054  161.44345092773438 -102.97797393798828 1.5099999904632568  161.35000610351562 -103.07141876220703 1.5099999904632568  161.33670043945312 -102.9408950805664 1.5099999904632568
T Nodo054  162.70147705078125 -102.61845397949219 1.5099999904632568  162.60679626464844 -102.51927947998047 1.5099999904632568  162.71575927734375 -102.51353454589844 1.5099999904632568
T Nodo054  162.58407592773438 -102.61865234375 1.5099999904632568  162.47232055664062 -102.52702331542969 1.5099999904632568  162.60679626464844 -102.51927947998047 1.5099999904632568
T Nodo054  162.47232055664062 -102.52702331542969 1.5099999904632568  162.36941528320312 -102.61902618408203 1.5099999904632568  162.34219360351562 -102.516845703125 1.5099999904632568
T Nodo054  163.2154083251953 -102.21847534179688 1.5099999904632568  163.2037811279297 -102.35492706298828 1.5099999904632568  163.114990234375 -102.30104064941406 1.5099999904632568
T Nodo054  163.28050231933594 -101.45418548583984 1.5099999904632568  163.37808227539062 -101.50708770751953 1.5099999904632568  163.27926635742188 -101.56458282470703 1.5099999904632568
T Nodo054  163.37808227539062 -101.61341857910156 1.5099999904632568  163.27911376953125 -101.67711639404297 1.5099999904632568  163.27926635742188 -101.56458282470703 1.5099999904632568
T Nodo054  163.37808227539062 -101.72734832763672 1.5099999904632568  163.27932739257812 -101.78935241699219 1.5099999904632568  163.27911376953125 -101.67711639404297 1.5099999904632568
T Nodo054  163.37808227539062 -101.8291244506836 1.5099999904632568  163.2804412841797 -101.90705871582031 1.5099999904632568  163.27932739257812 -101.78935241699219 1.5099999904632568
T Nodo054  163.37808227539062 -101.94456481933594 1.5099999904632568  163.29055786132812 -102.04075622558594 1.5099999904632568  163.2804412841797 -101.90705871582031 1.5099999904632568
T Nodo054  163.47784423828125 -101.4000015258789 1.5099999904632568  163.37808227539062 -101.4000015258789 1.5099999904632568  163.4084014892578 -101.30352783203125 1.5099999904632568
T Nodo054  163.37808227539062 -100.0 1.5099999904632568  163.5018768310547 -100.1558609008789 1.5099999904632568  163.30099487304688 -100.20904541015625 1.5099999904632568
T Nodo054  163.8800048828125 -100.6874008178711 1.5099999904632568  163.8800048828125 -101.1500015258789 1.5099999904632568  163.36431884765625 -100.84091186523438 1.5099999904632568
T Nodo054  163.6300048828125 -100.0 1.5099999904632568  163.80677795410156 -100.0732192993164 1.5099999904632568  163.6759490966797 -100.17755126953125 1.5099999904632568
T Nodo054  163.80677795410156 -100.0732192993164 1.5099999904632568  163.8800048828125 -100.25 1.5099999904632568  163.6759490966797 -100.17755126953125 1.5099999904632568
T Nodo054  163.37808227539062 -99.6304931640625 1.5099999904632568  163.27523803710938 -99.72219848632812 1.5099999904632568  163.26097106933594 -99.6181411743164 1.5099999904632568
T Nodo054  163.37808227539062 -99.75759887695312 1.5099999904632568  163.27767944335938 -99.83251953125 1.5099999904632568  163.27523803710938 -99.72219848632812 1.5099999904632568
T Nodo054  163.37808227539062 -99.87879943847656 1.5099999904632568  163.27511596679688 -99.94398498535156 1.5099999904632568  163.27767944335938 -99.83251953125 1.5099999904632568
T Nodo054  162.75694274902344 -98.98823547363281 1.5099999904632568  162.7420654296875 -99.11202239990234 1.5099999904632568  162.6697235107422 -99.03569793701172 1.5099999904632568
T Nodo054  162.8455352783203 -99.07682800292969 1.5099999904632568  162.819580078125 -99.19068145751953 1.5099999904632568  162.7420654296875 -99.11202239990234 1.5099999904632568
T Nodo054  162.92506408691406 -99.15635681152344 1.5099999904632568  162.89808654785156 -99.2694320678711 1.5099999904632568  162.819580078125 -99.19068145751953 1.5099999904632568
T Nodo054  163.00877380371094 -99.24006652832031 1.5099999904632568  162.97743225097656 -99.34880065917969 1.5099999904632568  162.89808654785156 -99.2694320678711 1.5099999904632568
T Nodo054  163.0973663330078 -99.32865905761719 1.5099999904632568  163.06057739257812 -99.43173217773438 1.5099999904632568  162.97743225097656 -99.34880065917969 1.5099999904632568
T Nodo054  163.1845703125 -99.41586303710938 1.5099999904632568  163.14889526367188 -99.51885223388672 1.5099999904632568  163.06057739257812 -99.43173217773438 1.5099999904632568
T Nodo054  160.35943603515625 -98.40151977539062 1.5099999904632568  160.47923278808594 -98.38780212402344 1.5099999904632568  160.43930053710938 -98.48683166503906 1.5099999904632568
T Nodo054  160.6434783935547 -98.55206298828125 1.5099999904632568  160.6002960205078 -98.64918518066406 1.5099999904632568  160.52044677734375 -98.56895446777344 1.5099999904632568
T Nodo054  160.72503662109375 -98.63362121582031 1.5099999904632568  160.68003845214844 -98.73021697998047 1.5099999904632568  160.6002960205078 -98.64918518066406 1.5099999904632568
T Nodo054  160.8088836669922 -98.71745300292969 1.5099999904632568  160.75460815429688 -98.81148529052734 1.5099999904632568  160.68003845214844 -98.73021697998047 1.5099999904632568
T Nodo054  160.4008331298828 -98.1500015258789 1.5099999904632568  160.3189239501953 -98.19429779052734 1.5099999904632568  160.29371643066406 -98.11289978027344 1.5099999904632568
T Nodo054  160.4008331298828 -98.1500015258789 1.5099999904632568  160.29371643066406 -98.11289978027344 1.5099999904632568  160.40025329589844 -98.07093811035156 1.5099999904632568
T Nodo054  160.54171752929688 -98.1195297241211 1.5099999904632568  160.40025329589844 -98.07093811035156 1.5099999904632568  160.39236450195312 -97.91781616210938 1.5099999904632568
T Nodo054  160.54171752929688 -98.1195297241211 1.5099999904632568  160.39236450195312 -97.91781616210938 1.5099999904632568  160.60108947753906 -98.0 1.5099999904632568
T Nodo054  160.60108947753906 -97.72775268554688 1.5099999904632568  160.60108947753906 -98.0 1.5099999904632568  160.39236450195312 -97.91781616210938 1.5099999904632568
T Nodo054  160.15109252929688 -96.19999694824219 1.5099999904632568  160.4510955810547 -96.19999694824219 1.5099999904632568  160.27816772460938 -96.30644226074219 1.5099999904632568
T Nodo054  160.3984832763672 -98.58718872070312 1.5099999904632568  160.43930053710938 -98.48683166503906 1.5099999904632568  160.52044677734375 -98.56895446777344 1.5099999904632568
T Nodo054  163.17999267578125 -100.0 1.5099999904632568  163.27511596679688 -99.94398498535156 1.5099999904632568  163.2586669921875 -100.05235290527344 1.5099999904632568
T Nodo054  163.15211486816406 -100.10334014892578 1.5099999904632568  163.17999267578125 -100.0 1.5099999904632568  163.2586669921875 -100.05235290527344 1.5099999904632568
T Nodo054  163.27511596679688 -99.94398498535156 1.5099999904632568  163.37808227539062 -100.0 1.5099999904632568  163.2586669921875 -100.05235290527344 1.5099999904632568
T Nodo054  163.17999267578125 -101.4000015258789 1.5099999904632568  163.17779541015625 -101.29945373535156 1.5099999904632568  163.2866668701172 -101.34637451171875 1.5099999904632568
T Nodo054  163.37808227539062 -101.4000015258789 1.5099999904632568  163.2866668701172 -101.34637451171875 1.5099999904632568  163.4084014892578 -101.30352783203125 1.5099999904632568
T Nodo054  162.85858154296875 -102.41999816894531 1.5099999904632568  162.95095825195312 -102.48318481445312 1.5099999904632568  162.87149047851562 -102.52685546875 1.5099999904632568
T Nodo054  161.76962280273438 -102.50760650634766 1.5099999904632568  161.85565185546875 -102.42172241210938 1.5099999904632568  161.90573120117188 -102.50068664550781 1.5099999904632568
T Nodo054  161.15191650390625 -103.51000213623047 1.5099999904632568  161.25347900390625 -103.45946502685547 1.5099999904632568  161.2690887451172 -103.57916259765625 1.5099999904632568
T Nodo054  161.25347900390625 -103.45946502685547 1.5099999904632568  161.34927368164062 -103.51000213623047 1.5099999904632568  161.2690887451172 -103.57916259765625 1.5099999904632568
T Nodo054  161.4040985107422 -104.02333068847656 1.5099999904632568  161.85000610351562 -104.1947021484375 1.5099999904632568  161.5704803466797 -104.44825744628906 1.5099999904632568
T Nodo054  162.87149047851562 -102.52685546875 1.5099999904632568  162.81552124023438 -102.61825561523438 1.5099999904632568  162.7999267578125 -102.49702453613281 1.5099999904632568
T Nodo054  163.47784423828125 -101.4000015258789 1.5099999904632568  163.4084014892578 -101.30352783203125 1.5099999904632568  163.53378295898438 -101.30155181884766 1.5099999904632568
T Nodo054  160.8076934814453 -98.89229583740234 1.5099999904632568  160.7149200439453 -98.90361785888672 1.5099999904632568  160.75460815429688 -98.81148529052734 1.5099999904632568
T Nodo054  160.79698181152344 -98.98567962646484 1.5099999904632568  160.8076934814453 -98.89229583740234 1.5099999904632568  160.88087463378906 -98.95966339111328 1.5099999904632568
T Nodo054  161.14898681640625 -103.63687133789062 1.5099999904632568  161.15191650390625 -103.51000213623047 1.5099999904632568  161.2690887451172 -103.57916259765625 1.5099999904632568
T Nodo054  162.7999267578125 -102.49702453613281 1.5099999904632568  162.81552124023438 -102.61825561523438 1.5099999904632568  162.71575927734375 -102.51353454589844 1.5099999904632568
T Nodo054  161.05191040039062 -103.51000213623047 1.5099999904632568  161.14898681640625 -103.63687133789062 1.5099999904632568  161.00531005859375 -103.67681121826172 1.5099999904632568
T Nodo054  160.64999389648438 -104.2072982788086 1.5099999904632568  160.9435577392578 -103.94261169433594 1.5099999904632568  161.09434509277344 -104.43443298339844 1.5099999904632568
T Nodo054  161.35000610351562 -103.07141876220703 1.5099999904632568  161.23098754882812 -103.02101135253906 1.5099999904632568  161.33670043945312 -102.9408950805664 1.5099999904632568
T Nodo054  163.8800048828125 -100.6874008178711 1.5099999904632568  163.36431884765625 -100.84091186523438 1.5099999904632568  163.54615783691406 -100.40641784667969 1.5099999904632568
T Nodo054  163.6300048828125 -100.0 1.5099999904632568  163.6759490966797 -100.17755126953125 1.5099999904632568  163.5018768310547 -100.1558609008789 1.5099999904632568
T Nodo054  160.20245361328125 -98.0943603515625 1.5099999904632568  160.13356018066406 -98.0517578125 1.5099999904632568  160.25596618652344 -98.02609252929688 1.5099999904632568
T Nodo054  162.4259796142578 -99.079833984375 1.5099999904632568  162.33934020996094 -98.88158416748047 1.5099999904632568  162.50965881347656 -98.97479248046875 1.5099999904632568
T Nodo054  161.14898681640625 -103.63687133789062 1.5099999904632568  161.2690887451172 -103.57916259765625 1.5099999904632568  161.31997680664062 -103.734619140625 1.5099999904632568
T Nodo054  160.20301818847656 -98.1500015258789 1.5099999904632568  160.15109252929688 -98.1500015258789 1.5099999904632568  160.20245361328125 -98.0943603515625 1.5099999904632568
T Nodo054  160.15109252929688 -98.1500015258789 1.5099999904632568  160.13356018066406 -98.0517578125 1.5099999904632568  160.20245361328125 -98.0943603515625 1.5099999904632568
T Nodo054  162.56857299804688 -99.08000183105469 1.5099999904632568  162.50965881347656 -98.97479248046875 1.5099999904632568  162.60916137695312 -98.97254180908203 1.5099999904632568
T Nodo054  162.33934020996094 -98.88158416748047 1.5099999904632568  162.0761260986328 -99.07942962646484 1.5099999904632568  161.6761016845703 -98.88081359863281 1.5099999904632568
T Nodo054  163.08200073242188 -100.0 1.5099999904632568  163.15211486816406 -100.10334014892578 1.5099999904632568  163.01449584960938 -100.12286376953125 1.5099999904632568
T Nodo054  162.6697235107422 -99.03569793701172 1.5099999904632568  162.56857299804688 -99.08000183105469 1.5099999904632568  162.60916137695312 -98.97254180908203 1.5099999904632568
T Nodo054  162.94235229492188 -100.90797424316406 1.5099999904632568  162.67999267578125 -100.79180145263672 1.5099999904632568  163.06039428710938 -100.50112915039062 1.5099999904632568
T Nodo054  162.67999267578125 -100.79180145263672 1.5099999904632568  162.67999267578125 -100.25 1.5099999904632568  163.06039428710938 -100.50112915039062 1.5099999904632568
T Nodo054  163.4084014892578 -101.30352783203125 1.5099999904632568  163.2866668701172 -101.34637451171875 1.5099999904632568  163.29867553710938 -101.22850036621094 1.5099999904632568
T Nodo054  161.90573120117188 -102.50068664550781 1.5099999904632568  161.97080993652344 -102.42152404785156 1.5099999904632568  162.00689697265625 -102.51702117919922 1.5099999904632568
T Nodo054  161.00531005859375 -103.67681121826172 1.5099999904632568  161.14898681640625 -103.63687133789062 1.5099999904632568  161.14825439453125 -103.80403137207031 1.5099999904632568
T Nodo054  161.14898681640625 -103.63687133789062 1.5099999904632568  161.31997680664062 -103.734619140625 1.5099999904632568  161.14825439453125 -103.80403137207031 1.5099999904632568
T Nodo054  161.23098754882812 -103.02101135253906 1.5099999904632568  161.2421112060547 -102.89917755126953 1.5099999904632568  161.33670043945312 -102.9408950805664 1.5099999904632568
T Nodo054  161.09434509277344 -104.43443298339844 1.5099999904632568  160.9435577392578 -103.94261169433594 1.5099999904632568  161.4040985107422 -104.02333068847656 1.5099999904632568
T Nodo054  161.15191650390625 -103.10889434814453 1.5099999904632568  161.15191650390625 -103.01049041748047 1.5099999904632568  161.23098754882812 -103.02101135253906 1.5099999904632568
T Nodo054  163.54615783691406 -100.40641784667969 1.5099999904632568  163.36431884765625 -100.84091186523438 1.5099999904632568  163.06039428710938 -100.50112915039062 1.5099999904632568
T Nodo054  162.34219360351562 -102.516845703125 1.5099999904632568  162.25201416015625 -102.61922454833984 1.5099999904632568  162.2436981201172 -102.50137329101562 1.5099999904632568
T Nodo054  162.25201416015625 -102.61922454833984 1.5099999904632568  162.13235473632812 -102.52519989013672 1.5099999904632568  162.2436981201172 -102.50137329101562 1.5099999904632568
T Nodo054  161.91770935058594 -102.61979675292969 1.5099999904632568  161.76962280273438 -102.50760650634766 1.5099999904632568  161.90573120117188 -102.50068664550781 1.5099999904632568
T Nodo054  163.114990234375 -102.30104064941406 1.5099999904632568  163.11981201171875 -102.43888854980469 1.5099999904632568  163.0325469970703 -102.36351013183594 1.5099999904632568
T Nodo054  163.11981201171875 -102.43888854980469 1.5099999904632568  162.95095825195312 -102.48318481445312 1.5099999904632568  163.0325469970703 -102.36351013183594 1.5099999904632568
T Nodo054  163.37808227539062 -102.15950775146484 1.5099999904632568  163.36314392089844 -102.195556640625 1.5099999904632568  163.28781127929688 -102.1434097290039 1.5099999904632568
T Nodo054  163.37808227539062 -100.0 1.5099999904632568  163.30099487304688 -100.20904541015625 1.5099999904632568  163.2586669921875 -100.05235290527344 1.5099999904632568
T Nodo054  163.8800048828125 -101.1500015258789 1.5099999904632568  163.66429138183594 -101.26305389404297 1.5099999904632568  163.48538208007812 -101.14508056640625 1.5099999904632568
T Nodo054  163.2787322998047 -99.5100326538086 1.5099999904632568  163.36314392089844 -99.59444427490234 1.5099999904632568  163.26097106933594 -99.6181411743164 1.5099999904632568
T Nodo054  162.6295166015625 -98.88191986083984 1.5099999904632568  162.66555786132812 -98.8968505859375 1.5099999904632568  162.60916137695312 -98.97254180908203 1.5099999904632568
T Nodo054  160.43930053710938 -98.48683166503906 1.5099999904632568  160.5647735595703 -98.47335815429688 1.5099999904632568  160.52044677734375 -98.56895446777344 1.5099999904632568
T Nodo054  162.33934020996094 -98.88158416748047 1.5099999904632568  162.6295166015625 -98.88191986083984 1.5099999904632568  162.50965881347656 -98.97479248046875 1.5099999904632568
T Nodo054  160.89157104492188 -98.80015563964844 1.5099999904632568  160.88087463378906 -98.95966339111328 1.5099999904632568  160.8076934814453 -98.89229583740234 1.5099999904632568
T Nodo054  160.39236450195312 -97.91781616210938 1.5099999904632568  160.40025329589844 -98.07093811035156 1.5099999904632568  160.25596618652344 -98.02609252929688 1.5099999904632568
T Nodo054  160.15109252929688 -96.19999694824219 1.5099999904632568  160.27816772460938 -96.30644226074219 1.5099999904632568  160.1235809326172 -96.29931640625 1.5099999904632568
T Nodo054  160.89157104492188 -98.80015563964844 1.5099999904632568  160.8076934814453 -98.89229583740234 1.5099999904632568  160.75460815429688 -98.81148529052734 1.5099999904632568
T Nodo054  160.20301818847656 -98.1500015258789 1.5099999904632568  160.20245361328125 -98.0943603515625 1.5099999904632568  160.29371643066406 -98.11289978027344 1.5099999904632568
T Nodo054  162.6295166015625 -98.88191986083984 1.5099999904632568  162.60916137695312 -98.97254180908203 1.5099999904632568  162.50965881347656 -98.97479248046875 1.5099999904632568
T Nodo054  163.06039428710938 -100.50112915039062 1.5099999904632568  163.36431884765625 -100.84091186523438 1.5099999904632568  162.94235229492188 -100.90797424316406 1.5099999904632568
T Nodo054  163.2586669921875 -100.05235290527344 1.5099999904632568  163.30099487304688 -100.20904541015625 1.5099999904632568  163.15211486816406 -100.10334014892578 1.5099999904632568
T Nodo054  160.1235809326172 -96.29931640625 1.5099999904632568  160.27816772460938 -96.30644226074219 1.5099999904632568  160.14801025390625 -96.39632415771484 1.5099999904632568
T Nodo054  163.15211486816406 -100.10334014892578 1.5099999904632568  163.30099487304688 -100.20904541015625 1.5099999904632568  163.09938049316406 -100.23634338378906 1.5099999904632568
T Nodo054  163.15211486816406 -100.10334014892578 1.5099999904632568  163.09938049316406 -100.23634338378906 1.5099999904632568  163.01449584960938 -100.12286376953125 1.5099999904632568
T Nodo054  160.35943603515625 -98.40151977539062 1.5099999904632568  160.2179412841797 -98.40664672851562 1.5099999904632568  160.2979278564453 -98.31119537353516 1.5099999904632568
T Nodo054  161.4079132080078 -99.07865905761719 1.5099999904632568  161.6761016845703 -98.88081359863281 1.5099999904632568  162.0761260986328 -99.07942962646484 1.5099999904632568
T Nodo054  162.87359619140625 -100.13993835449219 1.5099999904632568  163.01449584960938 -100.12286376953125 1.5099999904632568  162.94796752929688 -100.25827026367188 1.5099999904632568
T Nodo054  163.01449584960938 -100.12286376953125 1.5099999904632568  163.09938049316406 -100.23634338378906 1.5099999904632568  162.94796752929688 -100.25827026367188 1.5099999904632568
T Nodo054  163.2154083251953 -102.21847534179688 1.5099999904632568  163.17999267578125 -102.09857940673828 1.5099999904632568  163.28781127929688 -102.1434097290039 1.5099999904632568
T Nodo054  163.2866668701172 -101.34637451171875 1.5099999904632568  163.17779541015625 -101.29945373535156 1.5099999904632568  163.29867553710938 -101.22850036621094 1.5099999904632568
T Nodo054  160.40025329589844 -98.07093811035156 1.5099999904632568  160.29371643066406 -98.11289978027344 1.5099999904632568  160.25596618652344 -98.02609252929688 1.5099999904632568
T Nodo054  163.28781127929688 -102.1434097290039 1.5099999904632568  163.17999267578125 -102.09857940673828 1.5099999904632568  163.29055786132812 -102.04075622558594 1.5099999904632568
T Nodo054  160.20301818847656 -98.1500015258789 1.5099999904632568  160.29371643066406 -98.11289978027344 1.5099999904632568  160.3189239501953 -98.19429779052734 1.5099999904632568
T Nodo054  160.0010986328125 -97.82510375976562 1.5099999904632568  160.60108947753906 -97.72775268554688 1.5099999904632568  160.39236450195312 -97.91781616210938 1.5099999904632568
T Nodo054  160.13356018066406 -98.0517578125 1.5099999904632568  160.1442108154297 -97.95523834228516 1.5099999904632568  160.25596618652344 -98.02609252929688 1.5099999904632568
T Nodo054  160.2979278564453 -98.31119537353516 1.5099999904632568  160.20301818847656 -98.1500015258789 1.5099999904632568  160.3189239501953 -98.19429779052734 1.5099999904632568
T Nodo054  161.33670043945312 -102.9408950805664 1.5099999904632568  161.2421112060547 -102.89917755126953 1.5099999904632568  161.32168579101562 -102.81961822509766 1.5099999904632568
T Nodo054  160.91049194335938 -99.07807922363281 1.5099999904632568  160.8744354248047 -99.06314849853516 1.5099999904632568  160.88087463378906 -98.95966339111328 1.5099999904632568
T Nodo054  163.4084014892578 -101.30352783203125 1.5099999904632568  163.29867553710938 -101.22850036621094 1.5099999904632568  163.48538208007812 -101.14508056640625 1.5099999904632568
T Nodo054  163.4084014892578 -101.30352783203125 1.5099999904632568  163.48538208007812 -101.14508056640625 1.5099999904632568  163.53378295898438 -101.30155181884766 1.5099999904632568
T Nodo054  161.44345092773438 -102.97797393798828 1.5099999904632568  161.33670043945312 -102.9408950805664 1.5099999904632568  161.42393493652344 -102.85682678222656 1.5099999904632568
T Nodo054  163.37808227539062 -102.15950775146484 1.5099999904632568  163.28781127929688 -102.1434097290039 1.5099999904632568  163.29055786132812 -102.04075622558594 1.5099999904632568
T Nodo054  163.28781127929688 -102.1434097290039 1.5099999904632568  163.36314392089844 -102.195556640625 1.5099999904632568  163.2154083251953 -102.21847534179688 1.5099999904632568
T Nodo054  161.4040985107422 -104.02333068847656 1.5099999904632568  160.9435577392578 -103.94261169433594 1.5099999904632568  161.14825439453125 -103.80403137207031 1.5099999904632568
T Nodo054  161.70443725585938 -102.43685150146484 1.5099999904632568  161.74049377441406 -102.42192077636719 1.5099999904632568  161.76962280273438 -102.50760650634766 1.5099999904632568
T Nodo054  163.54615783691406 -100.40641784667969 1.5099999904632568  163.06039428710938 -100.50112915039062 1.5099999904632568  163.30099487304688 -100.20904541015625 1.5099999904632568
T Nodo054  161.62918090820312 -102.51211547851562 1.5099999904632568  161.70443725585938 -102.43685150146484 1.5099999904632568  161.76962280273438 -102.50760650634766 1.5099999904632568
T Nodo054  161.15191650390625 -103.01049041748047 1.5099999904632568  161.16685485839844 -102.97444152832031 1.5099999904632568  161.23098754882812 -103.02101135253906 1.5099999904632568
T Nodo054  160.64999389648438 -104.66000366210938 1.5099999904632568  161.09434509277344 -104.43443298339844 1.5099999904632568  160.9264373779297 -104.72433471679688 1.5099999904632568
T Nodo054  163.54615783691406 -100.40641784667969 1.5099999904632568  163.30099487304688 -100.20904541015625 1.5099999904632568  163.5018768310547 -100.1558609008789 1.5099999904632568
T Nodo054  160.9264373779297 -104.72433471679688 1.5099999904632568  161.09434509277344 -104.43443298339844 1.5099999904632568  161.260498046875 -104.91000366210938 1.5099999904632568
T Nodo054  161.85000610351562 -104.66000366210938 1.5099999904632568  161.64678955078125 -104.71114349365234 1.5099999904632568  161.5704803466797 -104.44825744628906 1.5099999904632568
T Nodo054  161.85000610351562 -103.76000213623047 1.5099999904632568  161.4040985107422 -104.02333068847656 1.5099999904632568  161.5609893798828 -103.71765899658203 1.5099999904632568
T Nodo054  161.64678955078125 -104.71114349365234 1.5099999904632568  161.60000610351562 -104.91000366210938 1.5099999904632568  161.43417358398438 -104.69300842285156 1.5099999904632568
T Nodo054  161.5609893798828 -103.71765899658203 1.5099999904632568  161.4040985107422 -104.02333068847656 1.5099999904632568  161.31997680664062 -103.734619140625 1.5099999904632568
T Nodo054  161.60000610351562 -103.51000213623047 1.5099999904632568  161.5609893798828 -103.71765899658203 1.5099999904632568  161.41310119628906 -103.61782836914062 1.5099999904632568
T Nodo054  162.9195098876953 -102.61808013916016 1.5099999904632568  162.87149047851562 -102.52685546875 1.5099999904632568  162.95095825195312 -102.48318481445312 1.5099999904632568
T Nodo054  162.13235473632812 -102.52519989013672 1.5099999904632568  162.03509521484375 -102.61959838867188 1.5099999904632568  162.00689697265625 -102.51702117919922 1.5099999904632568
T Nodo054  163.5018768310547 -100.1558609008789 1.5099999904632568  163.6759490966797 -100.17755126953125 1.5099999904632568  163.54615783691406 -100.40641784667969 1.5099999904632568
T Nodo054  163.6759490966797 -100.17755126953125 1.5099999904632568  163.8800048828125 -100.25 1.5099999904632568  163.54615783691406 -100.40641784667969 1.5099999904632568
T Nodo054  162.66555786132812 -98.8968505859375 1.5099999904632568  162.6697235107422 -99.03569793701172 1.5099999904632568  162.60916137695312 -98.97254180908203 1.5099999904632568
T Nodo054  160.45681762695312 -96.30845642089844 1.5099999904632568  160.3771209716797 -96.43416595458984 1.5099999904632568  160.27816772460938 -96.30644226074219 1.5099999904632568
T Nodo054  163.29867553710938 -101.22850036621094 1.5099999904632568  163.17779541015625 -101.29945373535156 1.5099999904632568  163.18284606933594 -101.18514251708984 1.5099999904632568
T Nodo054  163.17779541015625 -101.29945373535156 1.5099999904632568  163.05816650390625 -101.25208282470703 1.5099999904632568  163.18284606933594 -101.18514251708984 1.5099999904632568
T Nodo054  160.83993530273438 -103.69310760498047 1.5099999904632568  161.00531005859375 -103.67681121826172 1.5099999904632568  160.9435577392578 -103.94261169433594 1.5099999904632568
T Nodo054  160.4510955810547 -96.19999694824219 1.5099999904632568  160.45681762695312 -96.30845642089844 1.5099999904632568  160.27816772460938 -96.30644226074219 1.5099999904632568
T Nodo054  160.2179412841797 -98.40664672851562 1.5099999904632568  160.20301818847656 -98.37059783935547 1.5099999904632568  160.2979278564453 -98.31119537353516 1.5099999904632568
T Nodo054  163.48538208007812 -101.14508056640625 1.5099999904632568  163.29867553710938 -101.22850036621094 1.5099999904632568  163.2863006591797 -101.08973693847656 1.5099999904632568
T Nodo054  163.29867553710938 -101.22850036621094 1.5099999904632568  163.18284606933594 -101.18514251708984 1.5099999904632568  163.2863006591797 -101.08973693847656 1.5099999904632568
T Nodo054  160.9435577392578 -103.94261169433594 1.5099999904632568  160.64999389648438 -103.76000213623047 1.5099999904632568  160.83993530273438 -103.69310760498047 1.5099999904632568
T Nodo054  160.1442108154297 -97.95523834228516 1.5099999904632568  160.0010986328125 -97.82510375976562 1.5099999904632568  160.39236450195312 -97.91781616210938 1.5099999904632568
T Nodo054  163.06039428710938 -100.50112915039062 1.5099999904632568  162.67999267578125 -100.25 1.5099999904632568  162.94796752929688 -100.25827026367188 1.5099999904632568
T Nodo054  163.05816650390625 -101.25208282470703 1.5099999904632568  162.9031219482422 -101.18376159667969 1.5099999904632568  163.1000213623047 -101.06925964355469 1.5099999904632568
T Nodo054  163.05816650390625 -101.25208282470703 1.5099999904632568  163.1000213623047 -101.06925964355469 1.5099999904632568  163.18284606933594 -101.18514251708984 1.5099999904632568
T Nodo054  163.1000213623047 -101.06925964355469 1.5099999904632568  162.9031219482422 -101.18376159667969 1.5099999904632568  162.94235229492188 -100.90797424316406 1.5099999904632568
T Nodo054  161.64678955078125 -104.71114349365234 1.5099999904632568  161.43417358398438 -104.69300842285156 1.5099999904632568  161.5704803466797 -104.44825744628906 1.5099999904632568
T Nodo054  161.34927368164062 -103.51000213623047 1.5099999904632568  161.60000610351562 -103.51000213623047 1.5099999904632568  161.41310119628906 -103.61782836914062 1.5099999904632568
T Nodo054  161.91770935058594 -102.61979675292969 1.5099999904632568  161.90573120117188 -102.50068664550781 1.5099999904632568  162.00689697265625 -102.51702117919922 1.5099999904632568
T Nodo054  161.2690887451172 -103.57916259765625 1.5099999904632568  161.34927368164062 -103.51000213623047 1.5099999904632568  161.41310119628906 -103.61782836914062 1.5099999904632568
T Nodo054  163.36314392089844 -99.59444427490234 1.5099999904632568  163.37808227539062 -99.6304931640625 1.5099999904632568  163.26097106933594 -99.6181411743164 1.5099999904632568
T Nodo054  162.94235229492188 -100.90797424316406 1.5099999904632568  163.36431884765625 -100.84091186523438 1.5099999904632568  163.1000213623047 -101.06925964355469 1.5099999904632568
T Nodo054  160.9435577392578 -103.94261169433594 1.5099999904632568  161.00531005859375 -103.67681121826172 1.5099999904632568  161.14825439453125 -103.80403137207031 1.5099999904632568
T Nodo054  163.06039428710938 -100.50112915039062 1.5099999904632568  162.94796752929688 -100.25827026367188 1.5099999904632568  163.09938049316406 -100.23634338378906 1.5099999904632568
T Nodo054  163.36431884765625 -100.84091186523438 1.5099999904632568  163.8800048828125 -101.1500015258789 1.5099999904632568  163.48538208007812 -101.14508056640625 1.5099999904632568
T Nodo054  163.36431884765625 -100.84091186523438 1.5099999904632568  163.48538208007812 -101.14508056640625 1.5099999904632568  163.2863006591797 -101.08973693847656 1.5099999904632568
T Nodo054  160.27816772460938 -96.30644226074219 1.5099999904632568  160.3771209716797 -96.43416595458984 1.5099999904632568  160.14801025390625 -96.39632415771484 1.5099999904632568
T Nodo054  163.1000213623047 -101.06925964355469 1.5099999904632568  163.2863006591797 -101.08973693847656 1.5099999904632568  163.18284606933594 -101.18514251708984 1.5099999904632568
T Nodo054  161.42393493652344 -102.85682678222656 1.5099999904632568  161.33670043945312 -102.9408950805664 1.5099999904632568  161.32168579101562 -102.81961822509766 1.5099999904632568
T Nodo054  161.09434509277344 -104.43443298339844 1.5099999904632568  161.4040985107422 -104.02333068847656 1.5099999904632568  161.5704803466797 -104.44825744628906 1.5099999904632568
T Nodo054  162.95555114746094 -102.6031494140625 1.5099999904632568  162.9195098876953 -102.61808013916016 1.5099999904632568  162.95095825195312 -102.48318481445312 1.5099999904632568
T Nodo054  163.36431884765625 -100.84091186523438 1.5099999904632568  163.2863006591797 -101.08973693847656 1.5099999904632568  163.1000213623047 -101.06925964355469 1.5099999904632568
T Nodo054  160.97142028808594 -98.87999725341797 1.5099999904632568  160.91049194335938 -99.07807922363281 1.5099999904632568  160.88087463378906 -98.95966339111328 1.5099999904632568
T Nodo054  160.60108947753906 -96.56780242919922 1.5099999904632568  160.0010986328125 -96.54634857177734 1.5099999904632568  160.3771209716797 -96.43416595458984 1.5099999904632568
T Nodo054  163.53378295898438 -101.30155181884766 1.5099999904632568  163.48538208007812 -101.14508056640625 1.5099999904632568  163.66429138183594 -101.26305389404297 1.5099999904632568
T Nodo054  162.67999267578125 -100.25 1.5099999904632568  162.87359619140625 -100.13993835449219 1.5099999904632568  162.94796752929688 -100.25827026367188 1.5099999904632568
T Nodo054  161.5704803466797 -104.44825744628906 1.5099999904632568  161.43417358398438 -104.69300842285156 1.5099999904632568  161.09434509277344 -104.43443298339844 1.5099999904632568
T Nodo054  161.31997680664062 -103.734619140625 1.5099999904632568  161.4040985107422 -104.02333068847656 1.5099999904632568  161.14825439453125 -103.80403137207031 1.5099999904632568
T Nodo054  161.2690887451172 -103.57916259765625 1.5099999904632568  161.41310119628906 -103.61782836914062 1.5099999904632568  161.31997680664062 -103.734619140625 1.5099999904632568
T Nodo054  163.30099487304688 -100.20904541015625 1.5099999904632568  163.06039428710938 -100.50112915039062 1.5099999904632568  163.09938049316406 -100.23634338378906 1.5099999904632568
T Nodo054  161.31997680664062 -103.734619140625 1.5099999904632568  161.41310119628906 -103.61782836914062 1.5099999904632568  161.5609893798828 -103.71765899658203 1.5099999904632568
T Nodo054  160.25596618652344 -98.02609252929688 1.5099999904632568  160.29371643066406 -98.11289978027344 1.5099999904632568  160.20245361328125 -98.0943603515625 1.5099999904632568
T Nodo054  160.4008331298828 -98.1500015258789 1.5099999904632568  160.4510955810547 -98.1500015258789 1.5099999904632568  160.4510955810547 -98.1500015258789 1.5499999523162842
T Nodo054  160.18438720703125 -98.1500015258789 1.5499999523162842  160.15109252929688 -98.1500015258789 1.5499999523162842  160.15109252929688 -98.1500015258789 1.5099999904632568
T Nodo054  160.15109252929688 -98.1500015258789 1.5099999904632568  160.20301818847656 -98.1500015258789 1.5099999904632568  160.20301818847656 -98.1500015258789 1.5449999570846558
T Nodo054  160.4510955810547 -98.1500015258789 1.5499999523162842  160.41749572753906 -98.1500015258789 1.5499999523162842  160.4008331298828 -98.1500015258789 1.5099999904632568
T Nodo054  160.41749572753906 -98.1500015258789 1.5499999523162842  160.38418579101562 -98.1500015258789 1.5499999523162842  160.4008331298828 -98.1500015258789 1.5449999570846558
T Nodo054  160.38418579101562 -98.1500015258789 1.5499999523162842  160.35089111328125 -98.1500015258789 1.5499999523162842  160.3679962158203 -98.1500015258789 1.5449999570846558
T Nodo054  160.35089111328125 -98.1500015258789 1.5499999523162842  160.31759643554688 -98.1500015258789 1.5499999523162842  160.3349609375 -98.1500015258789 1.5449999570846558
T Nodo054  160.31759643554688 -98.1500015258789 1.5499999523162842  160.28428649902344 -98.1500015258789 1.5499999523162842  160.3021240234375 -98.1500015258789 1.5449999570846558
T Nodo054  160.28428649902344 -98.1500015258789 1.5499999523162842  160.25099182128906 -98.1500015258789 1.5499999523162842  160.2690887451172 -98.1500015258789 1.5449999570846558
T Nodo054  160.25099182128906 -98.1500015258789 1.5499999523162842  160.2176971435547 -98.1500015258789 1.5499999523162842  160.23605346679688 -98.1500015258789 1.5449999570846558
T Nodo054  160.2176971435547 -98.1500015258789 1.5499999523162842  160.18438720703125 -98.1500015258789 1.5499999523162842  160.20301818847656 -98.1500015258789 1.5449999570846558
T Nodo054  160.41749572753906 -98.1500015258789 1.5499999523162842  160.4008331298828 -98.1500015258789 1.5449999570846558  160.4008331298828 -98.1500015258789 1.5099999904632568
T Nodo054  160.20301818847656 -98.1500015258789 1.5449999570846558  160.18438720703125 -98.1500015258789 1.5499999523162842  160.15109252929688 -98.1500015258789 1.5099999904632568
T Nodo054  160.3021240234375 -98.1500015258789 1.5449999570846558  160.28428649902344 -98.1500015258789 1.5499999523162842  160.2690887451172 -98.1500015258789 1.5449999570846558
T Nodo054  160.4008331298828 -98.1500015258789 1.5449999570846558  160.38418579101562 -98.1500015258789 1.5499999523162842  160.3679962158203 -98.1500015258789 1.5449999570846558
T Nodo054  160.35089111328125 -98.1500015258789 1.5499999523162842  160.3349609375 -98.1500015258789 1.5449999570846558  160.3679962158203 -98.1500015258789 1.5449999570846558
T Nodo054  160.31759643554688 -98.1500015258789 1.5499999523162842  160.3021240234375 -98.1500015258789 1.5449999570846558  160.3349609375 -98.1500015258789 1.5449999570846558
T Nodo054  160.25099182128906 -98.1500015258789 1.5499999523162842  160.23605346679688 -98.1500015258789 1.5449999570846558  160.2690887451172 -98.1500015258789 1.5449999570846558
T Nodo054  160.2176971435547 -98.1500015258789 1.5499999523162842  160.20301818847656 -98.1500015258789 1.5449999570846558  160.23605346679688 -98.1500015258789 1.5449999570846558
T Nodo054  160.04502868652344 -96.24393463134766 1.5499999523162842  160.0010986328125 -96.3499984741211 1.5499999523162842  160.12452697753906 -96.30433654785156 1.5499999523162842
T Nodo054  160.04502868652344 -96.24393463134766 1.5499999523162842  160.12452697753906 -96.30433654785156 1.5499999523162842  160.15109252929688 -96.19999694824219 1.5499999523162842
T Nodo054  160.2965850830078 -96.19999694824219 1.5499999523162842  160.15109252929688 -96.19999694824219 1.5499999523162842  160.22760009765625 -96.29011535644531 1.5499999523162842
T Nodo054  160.15109252929688 -96.19999694824219 1.5499999523162842  160.12452697753906 -96.30433654785156 1.5499999523162842  160.22760009765625 -96.29011535644531 1.5499999523162842
T Nodo054  160.4510955810547 -96.19999694824219 1.5499999523162842  160.2965850830078 -96.19999694824219 1.5499999523162842  160.35113525390625 -96.31584167480469 1.5499999523162842
T Nodo054  160.2965850830078 -96.19999694824219 1.5499999523162842  160.22760009765625 -96.29011535644531 1.5499999523162842  160.35113525390625 -96.31584167480469 1.5499999523162842
T Nodo054  160.5573272705078 -96.24410247802734 1.5499999523162842  160.4510955810547 -96.19999694824219 1.5499999523162842  160.4783172607422 -96.31281280517578 1.5499999523162842
T Nodo054  160.60108947753906 -96.3499984741211 1.5499999523162842  160.5573272705078 -96.24410247802734 1.5499999523162842  160.4783172607422 -96.31281280517578 1.5499999523162842
T Nodo054  160.4510955810547 -96.19999694824219 1.5499999523162842  160.35113525390625 -96.31584167480469 1.5499999523162842  160.4783172607422 -96.31281280517578 1.5499999523162842
T Nodo054  160.60108947753906 -97.45384979248047 1.5499999523162842  160.60108947753906 -96.97039794921875 1.5499999523162842  160.0010986328125 -97.12055206298828 1.5499999523162842
T Nodo054  160.60108947753906 -98.0 1.5499999523162842  160.60108947753906 -97.8052978515625 1.5499999523162842  160.39195251464844 -97.89443969726562 1.5499999523162842
T Nodo054  160.55699157714844 -98.10623168945312 1.5499999523162842  160.60108947753906 -98.0 1.5499999523162842  160.4259490966797 -98.04360961914062 1.5499999523162842
T Nodo054  160.4510955810547 -98.1500015258789 1.5499999523162842  160.55699157714844 -98.10623168945312 1.5499999523162842  160.4259490966797 -98.04360961914062 1.5499999523162842
T Nodo054  160.60108947753906 -98.0 1.5499999523162842  160.39195251464844 -97.89443969726562 1.5499999523162842  160.4259490966797 -98.04360961914062 1.5499999523162842
T Nodo054  160.28939819335938 -98.1500015258789 1.5499999523162842  160.4510955810547 -98.1500015258789 1.5499999523162842  160.4259490966797 -98.04360961914062 1.5499999523162842
T Nodo054  160.15109252929688 -98.1500015258789 1.5499999523162842  160.28939819335938 -98.1500015258789 1.5499999523162842  160.2555694580078 -98.02703094482422 1.5499999523162842
T Nodo054  160.04486083984375 -98.10589599609375 1.5499999523162842  160.15109252929688 -98.1500015258789 1.5499999523162842  160.12474060058594 -98.03487396240234 1.5499999523162842
T Nodo054  160.0010986328125 -98.0 1.5499999523162842  160.04486083984375 -98.10589599609375 1.5499999523162842  160.12474060058594 -98.03487396240234 1.5499999523162842
T Nodo054  160.15109252929688 -98.1500015258789 1.5499999523162842  160.2555694580078 -98.02703094482422 1.5499999523162842  160.12474060058594 -98.03487396240234 1.5499999523162842
T Nodo054  160.60108947753906 -96.56285095214844 1.5499999523162842  160.60108947753906 -96.3499984741211 1.5499999523162842  160.4339141845703 -96.44884490966797 1.5499999523162842
T Nodo054  160.60108947753906 -96.97039794921875 1.5499999523162842  160.60108947753906 -96.56285095214844 1.5499999523162842  160.3231658935547 -96.68505096435547 1.5499999523162842
T Nodo054  160.28939819335938 -98.1500015258789 1.5499999523162842  160.4259490966797 -98.04360961914062 1.5499999523162842  160.2555694580078 -98.02703094482422 1.5499999523162842
T Nodo054  160.60108947753906 -97.8052978515625 1.5499999523162842  160.60108947753906 -97.45384979248047 1.5499999523162842  160.30728149414062 -97.6664047241211 1.5499999523162842
T Nodo054  160.0010986328125 -97.76899719238281 1.5499999523162842  160.0010986328125 -98.0 1.5499999523162842  160.169677734375 -97.89466094970703 1.5499999523162842
T Nodo054  160.0010986328125 -97.12055206298828 1.5499999523162842  160.0010986328125 -97.76899719238281 1.5499999523162842  160.30728149414062 -97.6664047241211 1.5499999523162842
T Nodo054  160.0010986328125 -96.3499984741211 1.5499999523162842  160.0010986328125 -96.61399841308594 1.5499999523162842  160.2042236328125 -96.43395233154297 1.5499999523162842
T Nodo054  160.60108947753906 -97.45384979248047 1.5499999523162842  160.0010986328125 -97.12055206298828 1.5499999523162842  160.30728149414062 -97.6664047241211 1.5499999523162842
T Nodo054  160.30728149414062 -97.6664047241211 1.5499999523162842  160.0010986328125 -97.76899719238281 1.5499999523162842  160.169677734375 -97.89466094970703 1.5499999523162842
T Nodo054  160.2042236328125 -96.43395233154297 1.5499999523162842  160.0010986328125 -96.61399841308594 1.5499999523162842  160.3231658935547 -96.68505096435547 1.5499999523162842
T Nodo054  160.39195251464844 -97.89443969726562 1.5499999523162842  160.60108947753906 -97.8052978515625 1.5499999523162842  160.30728149414062 -97.6664047241211 1.5499999523162842
T Nodo054  160.2555694580078 -98.02703094482422 1.5499999523162842  160.4259490966797 -98.04360961914062 1.5499999523162842  160.39195251464844 -97.89443969726562 1.5499999523162842
T Nodo054  160.60108947753906 -96.56285095214844 1.5499999523162842  160.4339141845703 -96.44884490966797 1.5499999523162842  160.3231658935547 -96.68505096435547 1.5499999523162842
T Nodo054  160.0010986328125 -96.3499984741211 1.5499999523162842  160.2042236328125 -96.43395233154297 1.5499999523162842  160.12452697753906 -96.30433654785156 1.5499999523162842
T Nodo054  160.0010986328125 -96.61399841308594 1.5499999523162842  160.0010986328125 -97.12055206298828 1.5499999523162842  160.3231658935547 -96.68505096435547 1.5499999523162842
T Nodo054  160.3231658935547 -96.68505096435547 1.5499999523162842  160.0010986328125 -97.12055206298828 1.5499999523162842  160.60108947753906 -96.97039794921875 1.5499999523162842
T Nodo054  160.12452697753906 -96.30433654785156 1.5499999523162842  160.2042236328125 -96.43395233154297 1.5499999523162842  160.22760009765625 -96.29011535644531 1.5499999523162842
T Nodo054  160.60108947753906 -96.3499984741211 1.5499999523162842  160.4783172607422 -96.31281280517578 1.5499999523162842  160.4339141845703 -96.44884490966797 1.5499999523162842
T Nodo054  160.35113525390625 -96.31584167480469 1.5499999523162842  160.22760009765625 -96.29011535644531 1.5499999523162842  160.2042236328125 -96.43395233154297 1.5499999523162842
T Nodo054  160.4783172607422 -96.31281280517578 1.5499999523162842  160.35113525390625 -96.31584167480469 1.5499999523162842  160.4339141845703 -96.44884490966797 1.5499999523162842
T Nodo054  160.4339141845703 -96.44884490966797 1.5499999523162842  160.35113525390625 -96.31584167480469 1.5499999523162842  160.2042236328125 -96.43395233154297 1.5499999523162842
T Nodo054  160.30728149414062 -97.6664047241211 1.5499999523162842  160.169677734375 -97.89466094970703 1.5499999523162842  160.39195251464844 -97.89443969726562 1.5499999523162842
T Nodo054  160.2042236328125 -96.43395233154297 1.5499999523162842  160.3231658935547 -96.68505096435547 1.5499999523162842  160.4339141845703 -96.44884490966797 1.5499999523162842
T Nodo054  160.169677734375 -97.89466094970703 1.5499999523162842  160.0010986328125 -98.0 1.5499999523162842  160.12474060058594 -98.03487396240234 1.5499999523162842
T Nodo054  160.12474060058594 -98.03487396240234 1.5499999523162842  160.2555694580078 -98.02703094482422 1.5499999523162842  160.169677734375 -97.89466094970703 1.5499999523162842
T Nodo054  160.2555694580078 -98.02703094482422 1.5499999523162842  160.39195251464844 -97.89443969726562 1.5499999523162842  160.169677734375 -97.89466094970703 1.5499999523162842
T Nodo054  160.4009552001953 -98.2298355102539 1.5449999570846558  160.4008331298828 -98.1500015258789 1.5449999570846558  160.31300354003906 -98.1500015258789 1.5449999570846558
T Nodo054  160.97142028808594 -98.87999725341797 1.5449999570846558  160.8744354248047 -99.06314849853516 1.5449999570846558  160.91049194335938 -99.07807922363281 1.5449999570846558
T Nodo054  160.40109252929688 -98.3096694946289 1.5449999570846558  160.4009552001953 -98.2298355102539 1.5449999570846558  160.3055419921875 -98.29806518554688 1.5449999570846558
T Nodo054  160.4009552001953 -98.2298355102539 1.5449999570846558  160.31300354003906 -98.1500015258789 1.5449999570846558  160.3055419921875 -98.29806518554688 1.5449999570846558
T Nodo054  160.31300354003906 -98.1500015258789 1.5449999570846558  160.20301818847656 -98.1500015258789 1.5449999570846558  160.20301818847656 -98.26029968261719 1.5449999570846558
T Nodo054  160.20301818847656 -98.26029968261719 1.5449999570846558  160.20301818847656 -98.37059783935547 1.5449999570846558  160.3055419921875 -98.29806518554688 1.5449999570846558
T Nodo054  160.7845001220703 -98.97320556640625 1.5449999570846558  160.8744354248047 -99.06314849853516 1.5449999570846558  160.97142028808594 -98.87999725341797 1.5449999570846558
T Nodo054  160.6971893310547 -98.88589477539062 1.5449999570846558  160.7845001220703 -98.97320556640625 1.5449999570846558  160.90127563476562 -98.80985260009766 1.5449999570846558
T Nodo054  160.5396270751953 -98.72833251953125 1.5449999570846558  160.62562561035156 -98.8143310546875 1.5449999570846558  160.647216796875 -98.69595336914062 1.5449999570846558
T Nodo054  160.46412658691406 -98.65283203125 1.5449999570846558  160.5396270751953 -98.72833251953125 1.5449999570846558  160.57415771484375 -98.62263488769531 1.5449999570846558
T Nodo054  160.3787841796875 -98.56748962402344 1.5449999570846558  160.46412658691406 -98.65283203125 1.5449999570846558  160.49989318847656 -98.54754638671875 1.5449999570846558
T Nodo054  160.46412658691406 -98.65283203125 1.5449999570846558  160.57415771484375 -98.62263488769531 1.5449999570846558  160.49989318847656 -98.54754638671875 1.5449999570846558
T Nodo054  160.29541015625 -98.48411560058594 1.5449999570846558  160.3787841796875 -98.56748962402344 1.5449999570846558  160.42611694335938 -98.46961975097656 1.5449999570846558
T Nodo054  162.45582580566406 -99.07987213134766 1.5449999570846558  162.56857299804688 -99.08000183105469 1.5449999570846558  162.58682250976562 -98.95638275146484 1.5449999570846558
T Nodo054  163.0998992919922 -99.611328125 1.5449999570846558  163.17999267578125 -99.69142150878906 1.5449999570846558  163.2933807373047 -99.5246810913086 1.5449999570846558
T Nodo054  162.95254516601562 -99.46397399902344 1.5449999570846558  163.03265380859375 -99.5440673828125 1.5449999570846558  163.06895446777344 -99.4288558959961 1.5449999570846558
T Nodo054  162.8859100341797 -99.39733123779297 1.5449999570846558  162.95254516601562 -99.46397399902344 1.5449999570846558  162.98727416992188 -99.35655212402344 1.5449999570846558
T Nodo054  162.95254516601562 -99.46397399902344 1.5449999570846558  163.06895446777344 -99.4288558959961 1.5449999570846558  162.98727416992188 -99.35655212402344 1.5449999570846558
T Nodo054  162.80030822753906 -99.31172943115234 1.5449999570846558  162.8859100341797 -99.39733123779297 1.5449999570846558  162.9125213623047 -99.28355407714844 1.5449999570846558
T Nodo054  162.8859100341797 -99.39733123779297 1.5449999570846558  162.98727416992188 -99.35655212402344 1.5449999570846558  162.9125213623047 -99.28355407714844 1.5449999570846558
T Nodo054  162.72877502441406 -99.24019622802734 1.5449999570846558  162.80030822753906 -99.31172943115234 1.5449999570846558  162.8389892578125 -99.20985412597656 1.5449999570846558
T Nodo054  162.80030822753906 -99.31172943115234 1.5449999570846558  162.9125213623047 -99.28355407714844 1.5449999570846558  162.8389892578125 -99.20985412597656 1.5449999570846558
T Nodo054  162.653564453125 -99.16498565673828 1.5449999570846558  162.72877502441406 -99.24019622802734 1.5449999570846558  162.7682647705078 -99.13763427734375 1.5449999570846558
T Nodo054  162.72877502441406 -99.24019622802734 1.5449999570846558  162.8389892578125 -99.20985412597656 1.5449999570846558  162.7682647705078 -99.13763427734375 1.5449999570846558
T Nodo054  162.56857299804688 -99.08000183105469 1.5449999570846558  162.653564453125 -99.16498565673828 1.5449999570846558  162.70196533203125 -99.06446838378906 1.5449999570846558
T Nodo054  162.653564453125 -99.16498565673828 1.5449999570846558  162.7682647705078 -99.13763427734375 1.5449999570846558  162.70196533203125 -99.06446838378906 1.5449999570846558
T Nodo054  163.17999267578125 -99.89693450927734 1.5449999570846558  163.17999267578125 -100.0 1.5449999570846558  163.27685546875 -100.0 1.5449999570846558
T Nodo054  163.17999267578125 -99.79418182373047 1.5449999570846558  163.17999267578125 -99.89693450927734 1.5449999570846558  163.28076171875 -99.83433532714844 1.5449999570846558
T Nodo054  163.17999267578125 -99.69142150878906 1.5449999570846558  163.17999267578125 -99.79418182373047 1.5449999570846558  163.29039001464844 -99.75493621826172 1.5449999570846558
T Nodo054  163.17999267578125 -99.79418182373047 1.5449999570846558  163.28076171875 -99.83433532714844 1.5449999570846558  163.29039001464844 -99.75493621826172 1.5449999570846558
T Nodo054  163.27685546875 -100.0 1.5449999570846558  163.37808227539062 -100.0 1.5449999570846558  163.37808227539062 -99.90762329101562 1.5449999570846558
T Nodo054  163.27685546875 -100.0 1.5449999570846558  163.37808227539062 -99.90762329101562 1.5449999570846558  163.17999267578125 -99.89693450927734 1.5449999570846558
T Nodo054  163.37808227539062 -99.72286987304688 1.5449999570846558  163.37808227539062 -99.6304931640625 1.5449999570846558  163.32093811035156 -99.6762924194336 1.5449999570846558
T Nodo054  163.37808227539062 -99.81524658203125 1.5449999570846558  163.37808227539062 -99.72286987304688 1.5449999570846558  163.29039001464844 -99.75493621826172 1.5449999570846558
T Nodo054  162.73670959472656 -98.96800994873047 1.5449999570846558  162.66555786132812 -98.8968505859375 1.5449999570846558  162.6551513671875 -98.99243927001953 1.5449999570846558
T Nodo054  162.8071746826172 -99.03846740722656 1.5449999570846558  162.73670959472656 -98.96800994873047 1.5449999570846558  162.70196533203125 -99.06446838378906 1.5449999570846558
T Nodo054  162.87623596191406 -99.10752868652344 1.5449999570846558  162.8071746826172 -99.03846740722656 1.5449999570846558  162.7682647705078 -99.13763427734375 1.5449999570846558
T Nodo054  162.94668579101562 -99.177978515625 1.5449999570846558  162.87623596191406 -99.10752868652344 1.5449999570846558  162.8389892578125 -99.20985412597656 1.5449999570846558
T Nodo054  163.01644897460938 -99.24774169921875 1.5449999570846558  162.94668579101562 -99.177978515625 1.5449999570846558  162.9125213623047 -99.28355407714844 1.5449999570846558
T Nodo054  163.08619689941406 -99.31749725341797 1.5449999570846558  163.01644897460938 -99.24774169921875 1.5449999570846558  162.98727416992188 -99.35655212402344 1.5449999570846558
T Nodo054  163.15457153320312 -99.3858642578125 1.5449999570846558  163.08619689941406 -99.31749725341797 1.5449999570846558  163.06895446777344 -99.4288558959961 1.5449999570846558
T Nodo054  161.1355743408203 -98.88018798828125 1.5449999570846558  160.97142028808594 -98.87999725341797 1.5449999570846558  161.06137084960938 -99.07825469970703 1.5449999570846558
T Nodo054  162.6295166015625 -98.88191986083984 1.5449999570846558  162.49685668945312 -98.88176727294922 1.5449999570846558  162.58682250976562 -98.95638275146484 1.5449999570846558
T Nodo054  160.46896362304688 -98.3775405883789 1.5449999570846558  160.40109252929688 -98.3096694946289 1.5449999570846558  160.3640899658203 -98.38832092285156 1.5449999570846558
T Nodo054  160.6103973388672 -98.51898193359375 1.5449999570846558  160.5425262451172 -98.45111083984375 1.5449999570846558  160.49989318847656 -98.54754638671875 1.5449999570846558
T Nodo054  160.68397521972656 -98.5925521850586 1.5449999570846558  160.6103973388672 -98.51898193359375 1.5449999570846558  160.57415771484375 -98.62263488769531 1.5449999570846558
T Nodo054  160.75697326660156 -98.66555786132812 1.5449999570846558  160.68397521972656 -98.5925521850586 1.5449999570846558  160.647216796875 -98.69595336914062 1.5449999570846558
T Nodo054  160.40109252929688 -98.3096694946289 1.5449999570846558  160.3055419921875 -98.29806518554688 1.5449999570846558  160.3640899658203 -98.38832092285156 1.5449999570846558
T Nodo054  160.7845001220703 -98.97320556640625 1.5449999570846558  160.97142028808594 -98.87999725341797 1.5449999570846558  160.90127563476562 -98.80985260009766 1.5449999570846558
T Nodo054  160.6971893310547 -98.88589477539062 1.5449999570846558  160.90127563476562 -98.80985260009766 1.5449999570846558  160.83055114746094 -98.73912811279297 1.5449999570846558
T Nodo054  160.5396270751953 -98.72833251953125 1.5449999570846558  160.647216796875 -98.69595336914062 1.5449999570846558  160.57415771484375 -98.62263488769531 1.5449999570846558
T Nodo054  160.29541015625 -98.48411560058594 1.5449999570846558  160.42611694335938 -98.46961975097656 1.5449999570846558  160.3640899658203 -98.38832092285156 1.5449999570846558
T Nodo054  160.3787841796875 -98.56748962402344 1.5449999570846558  160.49989318847656 -98.54754638671875 1.5449999570846558  160.42611694335938 -98.46961975097656 1.5449999570846558
T Nodo054  162.45582580566406 -99.07987213134766 1.5449999570846558  162.58682250976562 -98.95638275146484 1.5449999570846558  162.49685668945312 -98.88176727294922 1.5449999570846558
T Nodo054  162.22203063964844 -99.07959747314453 1.5449999570846558  162.45582580566406 -99.07987213134766 1.5449999570846558  162.49685668945312 -98.88176727294922 1.5449999570846558
T Nodo054  163.03265380859375 -99.5440673828125 1.5449999570846558  163.2236328125 -99.45492553710938 1.5449999570846558  163.06895446777344 -99.4288558959961 1.5449999570846558
T Nodo054  160.2179412841797 -98.40664672851562 1.5449999570846558  160.29541015625 -98.48411560058594 1.5449999570846558  160.27725219726562 -98.3851089477539 1.5449999570846558
T Nodo054  163.0998992919922 -99.611328125 1.5449999570846558  163.2933807373047 -99.5246810913086 1.5449999570846558  163.2236328125 -99.45492553710938 1.5449999570846558
T Nodo054  161.78099060058594 -99.07908630371094 1.5449999570846558  162.22203063964844 -99.07959747314453 1.5449999570846558  162.1652374267578 -98.88138580322266 1.5449999570846558
T Nodo054  161.30511474609375 -99.07853698730469 1.5449999570846558  161.78099060058594 -99.07908630371094 1.5449999570846558  161.49868774414062 -98.88060760498047 1.5449999570846558
T Nodo054  161.06137084960938 -99.07825469970703 1.5449999570846558  161.30511474609375 -99.07853698730469 1.5449999570846558  161.1355743408203 -98.88018798828125 1.5449999570846558
T Nodo054  163.37808227539062 -99.72286987304688 1.5449999570846558  163.32093811035156 -99.6762924194336 1.5449999570846558  163.29039001464844 -99.75493621826172 1.5449999570846558
T Nodo054  162.56857299804688 -99.08000183105469 1.5449999570846558  162.70196533203125 -99.06446838378906 1.5449999570846558  162.6551513671875 -98.99243927001953 1.5449999570846558
T Nodo054  163.17999267578125 -99.69142150878906 1.5449999570846558  163.29039001464844 -99.75493621826172 1.5449999570846558  163.32093811035156 -99.6762924194336 1.5449999570846558
T Nodo054  162.56857299804688 -99.08000183105469 1.5449999570846558  162.6551513671875 -98.99243927001953 1.5449999570846558  162.58682250976562 -98.95638275146484 1.5449999570846558
T Nodo054  163.37808227539062 -99.81524658203125 1.5449999570846558  163.29039001464844 -99.75493621826172 1.5449999570846558  163.28076171875 -99.83433532714844 1.5449999570846558
T Nodo054  163.37808227539062 -99.90762329101562 1.5449999570846558  163.37808227539062 -99.81524658203125 1.5449999570846558  163.28076171875 -99.83433532714844 1.5449999570846558
T Nodo054  162.8071746826172 -99.03846740722656 1.5449999570846558  162.70196533203125 -99.06446838378906 1.5449999570846558  162.7682647705078 -99.13763427734375 1.5449999570846558
T Nodo054  162.87623596191406 -99.10752868652344 1.5449999570846558  162.7682647705078 -99.13763427734375 1.5449999570846558  162.8389892578125 -99.20985412597656 1.5449999570846558
T Nodo054  162.94668579101562 -99.177978515625 1.5449999570846558  162.8389892578125 -99.20985412597656 1.5449999570846558  162.9125213623047 -99.28355407714844 1.5449999570846558
T Nodo054  163.01644897460938 -99.24774169921875 1.5449999570846558  162.9125213623047 -99.28355407714844 1.5449999570846558  162.98727416992188 -99.35655212402344 1.5449999570846558
T Nodo054  163.08619689941406 -99.31749725341797 1.5449999570846558  162.98727416992188 -99.35655212402344 1.5449999570846558  163.06895446777344 -99.4288558959961 1.5449999570846558
T Nodo054  163.2236328125 -99.45492553710938 1.5449999570846558  163.15457153320312 -99.3858642578125 1.5449999570846558  163.06895446777344 -99.4288558959961 1.5449999570846558
T Nodo054  161.30511474609375 -99.07853698730469 1.5449999570846558  161.49868774414062 -98.88060760498047 1.5449999570846558  161.1355743408203 -98.88018798828125 1.5449999570846558
T Nodo054  162.1652374267578 -98.88138580322266 1.5449999570846558  162.22203063964844 -99.07959747314453 1.5449999570846558  162.49685668945312 -98.88176727294922 1.5449999570846558
T Nodo054  163.36314392089844 -99.59444427490234 1.5449999570846558  163.2933807373047 -99.5246810913086 1.5449999570846558  163.17999267578125 -99.69142150878906 1.5449999570846558
T Nodo054  160.6103973388672 -98.51898193359375 1.5449999570846558  160.49989318847656 -98.54754638671875 1.5449999570846558  160.57415771484375 -98.62263488769531 1.5449999570846558
T Nodo054  160.5425262451172 -98.45111083984375 1.5449999570846558  160.46896362304688 -98.3775405883789 1.5449999570846558  160.42611694335938 -98.46961975097656 1.5449999570846558
T Nodo054  160.68397521972656 -98.5925521850586 1.5449999570846558  160.57415771484375 -98.62263488769531 1.5449999570846558  160.647216796875 -98.69595336914062 1.5449999570846558
T Nodo054  160.83055114746094 -98.73912811279297 1.5449999570846558  160.75697326660156 -98.66555786132812 1.5449999570846558  160.71246337890625 -98.75927734375 1.5449999570846558
T Nodo054  160.71246337890625 -98.75927734375 1.5449999570846558  160.75697326660156 -98.66555786132812 1.5449999570846558  160.647216796875 -98.69595336914062 1.5449999570846558
T Nodo054  160.647216796875 -98.69595336914062 1.5449999570846558  160.62562561035156 -98.8143310546875 1.5449999570846558  160.71246337890625 -98.75927734375 1.5449999570846558
T Nodo054  162.66555786132812 -98.8968505859375 1.5449999570846558  162.6295166015625 -98.88191986083984 1.5449999570846558  162.58682250976562 -98.95638275146484 1.5449999570846558
T Nodo054  160.3055419921875 -98.29806518554688 1.5449999570846558  160.20301818847656 -98.37059783935547 1.5449999570846558  160.27725219726562 -98.3851089477539 1.5449999570846558
T Nodo054  160.49989318847656 -98.54754638671875 1.5449999570846558  160.5425262451172 -98.45111083984375 1.5449999570846558  160.42611694335938 -98.46961975097656 1.5449999570846558
T Nodo054  160.20301818847656 -98.26029968261719 1.5449999570846558  160.3055419921875 -98.29806518554688 1.5449999570846558  160.31300354003906 -98.1500015258789 1.5449999570846558
T Nodo054  160.62562561035156 -98.8143310546875 1.5449999570846558  160.6971893310547 -98.88589477539062 1.5449999570846558  160.71246337890625 -98.75927734375 1.5449999570846558
T Nodo054  161.49868774414062 -98.88060760498047 1.5449999570846558  161.78099060058594 -99.07908630371094 1.5449999570846558  162.1652374267578 -98.88138580322266 1.5449999570846558
T Nodo054  163.0998992919922 -99.611328125 1.5449999570846558  163.2236328125 -99.45492553710938 1.5449999570846558  163.03265380859375 -99.5440673828125 1.5449999570846558
T Nodo054  162.6551513671875 -98.99243927001953 1.5449999570846558  162.66555786132812 -98.8968505859375 1.5449999570846558  162.58682250976562 -98.95638275146484 1.5449999570846558
T Nodo054  162.73670959472656 -98.96800994873047 1.5449999570846558  162.6551513671875 -98.99243927001953 1.5449999570846558  162.70196533203125 -99.06446838378906 1.5449999570846558
T Nodo054  163.17999267578125 -99.89693450927734 1.5449999570846558  163.37808227539062 -99.90762329101562 1.5449999570846558  163.28076171875 -99.83433532714844 1.5449999570846558
T Nodo054  163.37808227539062 -99.6304931640625 1.5449999570846558  163.36314392089844 -99.59444427490234 1.5449999570846558  163.32093811035156 -99.6762924194336 1.5449999570846558
T Nodo054  163.36314392089844 -99.59444427490234 1.5449999570846558  163.17999267578125 -99.69142150878906 1.5449999570846558  163.32093811035156 -99.6762924194336 1.5449999570846558
T Nodo054  160.46896362304688 -98.3775405883789 1.5449999570846558  160.3640899658203 -98.38832092285156 1.5449999570846558  160.42611694335938 -98.46961975097656 1.5449999570846558
T Nodo054  160.27725219726562 -98.3851089477539 1.5449999570846558  160.3640899658203 -98.38832092285156 1.5449999570846558  160.3055419921875 -98.29806518554688 1.5449999570846558
T Nodo054  160.6971893310547 -98.88589477539062 1.5449999570846558  160.83055114746094 -98.73912811279297 1.5449999570846558  160.71246337890625 -98.75927734375 1.5449999570846558
T Nodo054  160.2179412841797 -98.40664672851562 1.5449999570846558  160.27725219726562 -98.3851089477539 1.5449999570846558  160.20301818847656 -98.37059783935547 1.5449999570846558
T Nodo054  160.27725219726562 -98.3851089477539 1.5449999570846558  160.29541015625 -98.48411560058594 1.5449999570846558  160.3640899658203 -98.38832092285156 1.5449999570846558
T Nodo054  160.91049194335938 -99.07807922363281 1.5449999570846558  161.06137084960938 -99.07825469970703 1.5449999570846558  160.97142028808594 -98.87999725341797 1.5449999570846558
T Nodo054  162.96875 -100.0 1.5099999904632568  162.92999267578125 -100.0 1.5099999904632568  162.96640014648438 -100.0 1.5499999523162842
T Nodo054  163.01025390625 -100.0 1.5099999904632568  162.96875 -100.0 1.5099999904632568  163.0034942626953 -100.0 1.5499999523162842
T Nodo054  163.05274963378906 -100.0 1.5099999904632568  163.01025390625 -100.0 1.5099999904632568  163.04550170898438 -100.0 1.5499999523162842
T Nodo054  163.09524536132812 -100.0 1.5099999904632568  163.05274963378906 -100.0 1.5099999904632568  163.08749389648438 -100.0 1.5499999523162842
T Nodo054  163.135498046875 -100.0 1.5099999904632568  163.09524536132812 -100.0 1.5099999904632568  163.12950134277344 -100.0 1.5499999523162842
T Nodo054  162.92999267578125 -100.0 1.5099999904632568  162.92999267578125 -100.0 1.5499999523162842  162.96640014648438 -100.0 1.5499999523162842
T Nodo054  162.96640014648438 -100.0 1.5499999523162842  163.0034942626953 -100.0 1.5499999523162842  162.96875 -100.0 1.5099999904632568
T Nodo054  163.0034942626953 -100.0 1.5499999523162842  163.04550170898438 -100.0 1.5499999523162842  163.01025390625 -100.0 1.5099999904632568
T Nodo054  163.04550170898438 -100.0 1.5499999523162842  163.08749389648438 -100.0 1.5499999523162842  163.05274963378906 -100.0 1.5099999904632568
T Nodo054  163.08749389648438 -100.0 1.5499999523162842  163.12950134277344 -100.0 1.5499999523162842  163.09524536132812 -100.0 1.5099999904632568
T Nodo054  163.12950134277344 -100.0 1.5499999523162842  163.17010498046875 -100.0 1.5499999523162842  163.135498046875 -100.0 1.5099999904632568
T Nodo054  163.38710021972656 -100.0 1.5499999523162842  163.4228057861328 -100.0 1.5499999523162842  163.41259765625 -100.0 1.5099999904632568
T Nodo054  163.4228057861328 -100.0 1.5499999523162842  163.46339416503906 -100.0 1.5499999523162842  163.45164489746094 -100.0 1.5099999904632568
T Nodo054  163.46339416503906 -100.0 1.5499999523162842  163.50399780273438 -100.0 1.5499999523162842  163.48690795898438 -100.0 1.5099999904632568
T Nodo054  163.50399780273438 -100.0 1.5499999523162842  163.5467071533203 -100.0 1.5499999523162842  163.52142333984375 -100.0 1.5099999904632568
T Nodo054  163.5467071533203 -100.0 1.5499999523162842  163.5886993408203 -100.0 1.5499999523162842  163.56021118164062 -100.0 1.5099999904632568
T Nodo054  163.5886993408203 -100.0 1.5499999523162842  163.6300048828125 -100.0 1.5499999523162842  163.59498596191406 -100.0 1.5099999904632568
T Nodo054  163.6300048828125 -100.0 1.5499999523162842  163.6300048828125 -100.0 1.5099999904632568  163.59498596191406 -100.0 1.5099999904632568
T Nodo054  163.45164489746094 -100.0 1.5099999904632568  163.41259765625 -100.0 1.5099999904632568  163.4228057861328 -100.0 1.5499999523162842
T Nodo054  163.48690795898438 -100.0 1.5099999904632568  163.45164489746094 -100.0 1.5099999904632568  163.46339416503906 -100.0 1.5499999523162842
T Nodo054  163.52142333984375 -100.0 1.5099999904632568  163.48690795898438 -100.0 1.5099999904632568  163.50399780273438 -100.0 1.5499999523162842
T Nodo054  163.56021118164062 -100.0 1.5099999904632568  163.52142333984375 -100.0 1.5099999904632568  163.5467071533203 -100.0 1.5499999523162842
T Nodo054  163.59498596191406 -100.0 1.5099999904632568  163.56021118164062 -100.0 1.5099999904632568  163.5886993408203 -100.0 1.5499999523162842
T Nodo054  163.17999267578125 -100.0 1.5099999904632568  163.135498046875 -100.0 1.5099999904632568  163.17999267578125 -100.0 1.5449999570846558
T Nodo054  163.41259765625 -100.0 1.5099999904632568  163.37808227539062 -100.0 1.5099999904632568  163.37808227539062 -100.0 1.5449999570846558
T Nodo054  163.21307373046875 -100.0 1.5449999570846558  163.17999267578125 -100.0 1.5449999570846558  163.20579528808594 -100.0 1.5499999523162842
T Nodo054  163.17010498046875 -100.0 1.5499999523162842  163.20579528808594 -100.0 1.5499999523162842  163.17999267578125 -100.0 1.5449999570846558
T Nodo054  163.20579528808594 -100.0 1.5499999523162842  163.24220275878906 -100.0 1.5499999523162842  163.21307373046875 -100.0 1.5449999570846558
T Nodo054  163.24220275878906 -100.0 1.5499999523162842  163.27789306640625 -100.0 1.5499999523162842  163.2455596923828 -100.0 1.5449999570846558
T Nodo054  163.27789306640625 -100.0 1.5499999523162842  163.31430053710938 -100.0 1.5499999523162842  163.3117218017578 -100.0 1.5449999570846558
T Nodo054  163.31430053710938 -100.0 1.5499999523162842  163.35069274902344 -100.0 1.5499999523162842  163.3448028564453 -100.0 1.5449999570846558
T Nodo054  163.35069274902344 -100.0 1.5499999523162842  163.38710021972656 -100.0 1.5499999523162842  163.37808227539062 -100.0 1.5449999570846558
T Nodo054  163.17999267578125 -100.0 1.5449999570846558  163.135498046875 -100.0 1.5099999904632568  163.17010498046875 -100.0 1.5499999523162842
T Nodo054  163.37808227539062 -100.0 1.5449999570846558  163.38710021972656 -100.0 1.5499999523162842  163.41259765625 -100.0 1.5099999904632568
T Nodo054  163.3448028564453 -100.0 1.5449999570846558  163.35069274902344 -100.0 1.5499999523162842  163.37808227539062 -100.0 1.5449999570846558
T Nodo054  163.3117218017578 -100.0 1.5449999570846558  163.31430053710938 -100.0 1.5499999523162842  163.3448028564453 -100.0 1.5449999570846558
T Nodo054  163.2455596923828 -100.0 1.5449999570846558  163.27789306640625 -100.0 1.5499999523162842  163.2784423828125 -100.0 1.5449999570846558
T Nodo054  163.27789306640625 -100.0 1.5499999523162842  163.3117218017578 -100.0 1.5449999570846558  163.2784423828125 -100.0 1.5449999570846558
T Nodo054  163.21307373046875 -100.0 1.5449999570846558  163.24220275878906 -100.0 1.5499999523162842  163.2455596923828 -100.0 1.5449999570846558
T Nodo054  162.75405883789062 -100.07239532470703 1.5499999523162842  162.67999267578125 -100.25 1.5499999523162842  162.87010192871094 -100.12671661376953 1.5499999523162842
T Nodo054  162.75405883789062 -100.07239532470703 1.5499999523162842  162.87010192871094 -100.12671661376953 1.5499999523162842  162.92999267578125 -100.0 1.5499999523162842
T Nodo054  163.28280639648438 -100.0 1.5499999523162842  162.92999267578125 -100.0 1.5499999523162842  163.09149169921875 -100.20269012451172 1.5499999523162842
T Nodo054  162.92999267578125 -100.0 1.5499999523162842  162.87010192871094 -100.12671661376953 1.5499999523162842  163.09149169921875 -100.20269012451172 1.5499999523162842
T Nodo054  163.80677795410156 -100.0732192993164 1.5499999523162842  163.6300048828125 -100.0 1.5499999523162842  163.63624572753906 -100.1884765625 1.5499999523162842
T Nodo054  163.80677795410156 -100.0732192993164 1.5499999523162842  163.63624572753906 -100.1884765625 1.5499999523162842  163.8800048828125 -100.25 1.5499999523162842
T Nodo054  163.80650329589844 -101.32705688476562 1.5499999523162842  163.8800048828125 -101.1500015258789 1.5499999523162842  163.68328857421875 -101.20621490478516 1.5499999523162842
T Nodo054  163.80650329589844 -101.32705688476562 1.5499999523162842  163.68328857421875 -101.20621490478516 1.5499999523162842  163.6300048828125 -101.4000015258789 1.5499999523162842
T Nodo054  162.92999267578125 -101.4000015258789 1.5499999523162842  163.2344970703125 -101.4000015258789 1.5499999523162842  163.14071655273438 -101.11070251464844 1.5499999523162842
T Nodo054  162.7532196044922 -101.32677459716797 1.5499999523162842  162.92999267578125 -101.4000015258789 1.5499999523162842  162.8750457763672 -101.15839385986328 1.5499999523162842
T Nodo054  162.67999267578125 -101.1500015258789 1.5499999523162842  162.7532196044922 -101.32677459716797 1.5499999523162842  162.8750457763672 -101.15839385986328 1.5499999523162842
T Nodo054  162.92999267578125 -101.4000015258789 1.5499999523162842  163.14071655273438 -101.11070251464844 1.5499999523162842  162.8750457763672 -101.15839385986328 1.5499999523162842
T Nodo054  163.6300048828125 -100.0 1.5499999523162842  163.28280639648438 -100.0 1.5499999523162842  163.39894104003906 -100.18026733398438 1.5499999523162842
T Nodo054  163.8800048828125 -100.63069915771484 1.5499999523162842  163.8800048828125 -100.25 1.5499999523162842  163.38316345214844 -100.4852066040039 1.5499999523162842
T Nodo054  163.6300048828125 -100.0 1.5499999523162842  163.39894104003906 -100.18026733398438 1.5499999523162842  163.63624572753906 -100.1884765625 1.5499999523162842
T Nodo054  162.67999267578125 -100.25 1.5499999523162842  162.67999267578125 -100.68830108642578 1.5499999523162842  163.38316345214844 -100.4852066040039 1.5499999523162842
T Nodo054  163.28280639648438 -100.0 1.5499999523162842  163.09149169921875 -100.20269012451172 1.5499999523162842  163.39894104003906 -100.18026733398438 1.5499999523162842
T Nodo054  163.8800048828125 -100.63069915771484 1.5499999523162842  163.38316345214844 -100.4852066040039 1.5499999523162842  163.38291931152344 -100.84589385986328 1.5499999523162842
T Nodo054  163.68328857421875 -101.20621490478516 1.5499999523162842  163.8800048828125 -101.1500015258789 1.5499999523162842  163.65274047851562 -100.99702453613281 1.5499999523162842
T Nodo054  163.6300048828125 -101.4000015258789 1.5499999523162842  163.68328857421875 -101.20621490478516 1.5499999523162842  163.4534454345703 -101.16493225097656 1.5499999523162842
T Nodo054  163.8800048828125 -101.1500015258789 1.5499999523162842  163.8800048828125 -100.63069915771484 1.5499999523162842  163.65274047851562 -100.99702453613281 1.5499999523162842
T Nodo054  163.14071655273438 -101.11070251464844 1.5499999523162842  163.2344970703125 -101.4000015258789 1.5499999523162842  163.4534454345703 -101.16493225097656 1.5499999523162842
T Nodo054  163.38316345214844 -100.4852066040039 1.5499999523162842  162.67999267578125 -100.68830108642578 1.5499999523162842  163.38291931152344 -100.84589385986328 1.5499999523162842
T Nodo054  163.2344970703125 -101.4000015258789 1.5499999523162842  163.6300048828125 -101.4000015258789 1.5499999523162842  163.4534454345703 -101.16493225097656 1.5499999523162842
T Nodo054  163.38316345214844 -100.4852066040039 1.5499999523162842  163.8800048828125 -100.25 1.5499999523162842  163.63624572753906 -100.1884765625 1.5499999523162842
T Nodo054  163.68328857421875 -101.20621490478516 1.5499999523162842  163.65274047851562 -100.99702453613281 1.5499999523162842  163.4534454345703 -101.16493225097656 1.5499999523162842
T Nodo054  163.38291931152344 -100.84589385986328 1.5499999523162842  162.67999267578125 -100.68830108642578 1.5499999523162842  163.14071655273438 -101.11070251464844 1.5499999523162842
T Nodo054  162.67999267578125 -100.68830108642578 1.5499999523162842  162.67999267578125 -101.1500015258789 1.5499999523162842  162.8750457763672 -101.15839385986328 1.5499999523162842
T Nodo054  163.4534454345703 -101.16493225097656 1.5499999523162842  163.65274047851562 -100.99702453613281 1.5499999523162842  163.38291931152344 -100.84589385986328 1.5499999523162842
T Nodo054  163.14071655273438 -101.11070251464844 1.5499999523162842  163.4534454345703 -101.16493225097656 1.5499999523162842  163.38291931152344 -100.84589385986328 1.5499999523162842
T Nodo054  163.65274047851562 -100.99702453613281 1.5499999523162842  163.8800048828125 -100.63069915771484 1.5499999523162842  163.38291931152344 -100.84589385986328 1.5499999523162842
T Nodo054  163.63624572753906 -100.1884765625 1.5499999523162842  163.39894104003906 -100.18026733398438 1.5499999523162842  163.38316345214844 -100.4852066040039 1.5499999523162842
T Nodo054  163.14071655273438 -101.11070251464844 1.5499999523162842  162.67999267578125 -100.68830108642578 1.5499999523162842  162.8750457763672 -101.15839385986328 1.5499999523162842
T Nodo054  162.67999267578125 -100.25 1.5499999523162842  163.38316345214844 -100.4852066040039 1.5499999523162842  163.09149169921875 -100.20269012451172 1.5499999523162842
T Nodo054  163.38316345214844 -100.4852066040039 1.5499999523162842  163.39894104003906 -100.18026733398438 1.5499999523162842  163.09149169921875 -100.20269012451172 1.5499999523162842
T Nodo054  162.67999267578125 -100.25 1.5499999523162842  163.09149169921875 -100.20269012451172 1.5499999523162842  162.87010192871094 -100.12671661376953 1.5499999523162842
T Nodo054  163.59246826171875 -101.4000015258789 1.5099999904632568  163.6300048828125 -101.4000015258789 1.5099999904632568  163.59500122070312 -101.4000015258789 1.5499999523162842
T Nodo054  163.55517578125 -101.4000015258789 1.5099999904632568  163.59246826171875 -101.4000015258789 1.5099999904632568  163.56069946289062 -101.4000015258789 1.5499999523162842
T Nodo054  163.5178985595703 -101.4000015258789 1.5099999904632568  163.55517578125 -101.4000015258789 1.5099999904632568  163.52569580078125 -101.4000015258789 1.5499999523162842
T Nodo054  163.48513793945312 -101.4000015258789 1.5099999904632568  163.5178985595703 -101.4000015258789 1.5099999904632568  163.49139404296875 -101.4000015258789 1.5499999523162842
T Nodo054  163.44786071777344 -101.4000015258789 1.5099999904632568  163.48513793945312 -101.4000015258789 1.5099999904632568  163.45640563964844 -101.4000015258789 1.5499999523162842
T Nodo054  163.41058349609375 -101.4000015258789 1.5099999904632568  163.44786071777344 -101.4000015258789 1.5099999904632568  163.42210388183594 -101.4000015258789 1.5499999523162842
T Nodo054  163.37808227539062 -101.4000015258789 1.5099999904632568  163.41058349609375 -101.4000015258789 1.5099999904632568  163.37808227539062 -101.4000015258789 1.5449999570846558
T Nodo054  163.6300048828125 -101.4000015258789 1.5099999904632568  163.6300048828125 -101.4000015258789 1.5499999523162842  163.59500122070312 -101.4000015258789 1.5499999523162842
T Nodo054  163.59500122070312 -101.4000015258789 1.5499999523162842  163.56069946289062 -101.4000015258789 1.5499999523162842  163.59246826171875 -101.4000015258789 1.5099999904632568
T Nodo054  163.56069946289062 -101.4000015258789 1.5499999523162842  163.52569580078125 -101.4000015258789 1.5499999523162842  163.55517578125 -101.4000015258789 1.5099999904632568
T Nodo054  163.52569580078125 -101.4000015258789 1.5499999523162842  163.49139404296875 -101.4000015258789 1.5499999523162842  163.5178985595703 -101.4000015258789 1.5099999904632568
T Nodo054  163.49139404296875 -101.4000015258789 1.5499999523162842  163.45640563964844 -101.4000015258789 1.5499999523162842  163.48513793945312 -101.4000015258789 1.5099999904632568
T Nodo054  163.45640563964844 -101.4000015258789 1.5499999523162842  163.42210388183594 -101.4000015258789 1.5499999523162842  163.44786071777344 -101.4000015258789 1.5099999904632568
T Nodo054  163.17640686035156 -101.4000015258789 1.5499999523162842  163.13720703125 -101.4000015258789 1.5499999523162842  163.14175415039062 -101.4000015258789 1.5099999904632568
T Nodo054  163.13720703125 -101.4000015258789 1.5499999523162842  163.1029052734375 -101.4000015258789 1.5499999523162842  163.10475158691406 -101.4000015258789 1.5099999904632568
T Nodo054  163.1029052734375 -101.4000015258789 1.5499999523162842  163.06790161132812 -101.4000015258789 1.5499999523162842  163.06724548339844 -101.4000015258789 1.5099999904632568
T Nodo054  163.06790161132812 -101.4000015258789 1.5499999523162842  163.03359985351562 -101.4000015258789 1.5499999523162842  163.06724548339844 -101.4000015258789 1.5099999904632568
T Nodo054  163.03359985351562 -101.4000015258789 1.5499999523162842  162.99859619140625 -101.4000015258789 1.5499999523162842  163.00074768066406 -101.4000015258789 1.5099999904632568
T Nodo054  162.99859619140625 -101.4000015258789 1.5499999523162842  162.96429443359375 -101.4000015258789 1.5499999523162842  162.96299743652344 -101.4000015258789 1.5099999904632568
T Nodo054  162.96429443359375 -101.4000015258789 1.5499999523162842  162.92999267578125 -101.4000015258789 1.5499999523162842  162.96299743652344 -101.4000015258789 1.5099999904632568
T Nodo054  162.92999267578125 -101.4000015258789 1.5499999523162842  162.92999267578125 -101.4000015258789 1.5099999904632568  162.96299743652344 -101.4000015258789 1.5099999904632568
T Nodo054  163.10475158691406 -101.4000015258789 1.5099999904632568  163.14175415039062 -101.4000015258789 1.5099999904632568  163.13720703125 -101.4000015258789 1.5499999523162842
T Nodo054  163.06724548339844 -101.4000015258789 1.5099999904632568  163.10475158691406 -101.4000015258789 1.5099999904632568  163.1029052734375 -101.4000015258789 1.5499999523162842
T Nodo054  162.96299743652344 -101.4000015258789 1.5099999904632568  163.00074768066406 -101.4000015258789 1.5099999904632568  162.99859619140625 -101.4000015258789 1.5499999523162842
T Nodo054  163.03359985351562 -101.4000015258789 1.5499999523162842  163.00074768066406 -101.4000015258789 1.5099999904632568  163.03375244140625 -101.4000015258789 1.5099999904632568
T Nodo054  163.06724548339844 -101.4000015258789 1.5099999904632568  163.03359985351562 -101.4000015258789 1.5499999523162842  163.03375244140625 -101.4000015258789 1.5099999904632568
T Nodo054  163.41058349609375 -101.4000015258789 1.5099999904632568  163.42210388183594 -101.4000015258789 1.5499999523162842  163.38780212402344 -101.4000015258789 1.5499999523162842
T Nodo054  163.14175415039062 -101.4000015258789 1.5099999904632568  163.17999267578125 -101.4000015258789 1.5099999904632568  163.17999267578125 -101.4000015258789 1.5449999570846558
T Nodo054  163.38780212402344 -101.4000015258789 1.5499999523162842  163.35350036621094 -101.4000015258789 1.5499999523162842  163.37808227539062 -101.4000015258789 1.5449999570846558
T Nodo054  163.35350036621094 -101.4000015258789 1.5499999523162842  163.31919860839844 -101.4000015258789 1.5499999523162842  163.33984375 -101.4000015258789 1.5449999570846558
T Nodo054  163.31919860839844 -101.4000015258789 1.5499999523162842  163.2834930419922 -101.4000015258789 1.5499999523162842  163.30062866210938 -101.4000015258789 1.5449999570846558
T Nodo054  163.38780212402344 -101.4000015258789 1.5499999523162842  163.37808227539062 -101.4000015258789 1.5449999570846558  163.41058349609375 -101.4000015258789 1.5099999904632568
T Nodo054  163.33984375 -101.4000015258789 1.5449999570846558  163.31919860839844 -101.4000015258789 1.5499999523162842  163.30062866210938 -101.4000015258789 1.5449999570846558
T Nodo054  163.35350036621094 -101.4000015258789 1.5499999523162842  163.33984375 -101.4000015258789 1.5449999570846558  163.37808227539062 -101.4000015258789 1.5449999570846558
T Nodo054  163.2834930419922 -101.4000015258789 1.5499999523162842  163.24569702148438 -101.4000015258789 1.5499999523162842  163.2576446533203 -101.4000015258789 1.5449999570846558
T Nodo054  163.24569702148438 -101.4000015258789 1.5499999523162842  163.210693359375 -101.4000015258789 1.5499999523162842  163.21902465820312 -101.4000015258789 1.5449999570846558
T Nodo054  163.210693359375 -101.4000015258789 1.5499999523162842  163.17640686035156 -101.4000015258789 1.5499999523162842  163.17999267578125 -101.4000015258789 1.5449999570846558
T Nodo054  163.30062866210938 -101.4000015258789 1.5449999570846558  163.2834930419922 -101.4000015258789 1.5499999523162842  163.2576446533203 -101.4000015258789 1.5449999570846558
T Nodo054  163.17999267578125 -101.4000015258789 1.5449999570846558  163.21902465820312 -101.4000015258789 1.5449999570846558  163.210693359375 -101.4000015258789 1.5499999523162842
T Nodo054  163.21902465820312 -101.4000015258789 1.5449999570846558  163.2576446533203 -101.4000015258789 1.5449999570846558  163.24569702148438 -101.4000015258789 1.5499999523162842
T Nodo054  163.17640686035156 -101.4000015258789 1.5499999523162842  163.14175415039062 -101.4000015258789 1.5099999904632568  163.17999267578125 -101.4000015258789 1.5449999570846558
T Nodo054  163.37808227539062 -101.51620483398438 1.5449999570846558  163.37808227539062 -101.4000015258789 1.5449999570846558  163.28814697265625 -101.4000015258789 1.5449999570846558
T Nodo054  163.37808227539062 -101.62481689453125 1.5449999570846558  163.37808227539062 -101.51620483398438 1.5449999570846558  163.27951049804688 -101.55517578125 1.5449999570846558
T Nodo054  163.37808227539062 -101.73114776611328 1.5449999570846558  163.37808227539062 -101.62481689453125 1.5449999570846558  163.27896118164062 -101.66141510009766 1.5449999570846558
T Nodo054  163.37808227539062 -101.62481689453125 1.5449999570846558  163.27951049804688 -101.55517578125 1.5449999570846558  163.27896118164062 -101.66141510009766 1.5449999570846558
T Nodo054  163.37808227539062 -101.8291244506836 1.5449999570846558  163.37808227539062 -101.73114776611328 1.5449999570846558  163.2788543701172 -101.7658920288086 1.5449999570846558
T Nodo054  163.37808227539062 -101.73114776611328 1.5449999570846558  163.27896118164062 -101.66141510009766 1.5449999570846558  163.2788543701172 -101.7658920288086 1.5449999570846558
T Nodo054  163.37808227539062 -101.94532775878906 1.5449999570846558  163.37808227539062 -101.8291244506836 1.5449999570846558  163.27801513671875 -101.87187194824219 1.5449999570846558
T Nodo054  163.37808227539062 -101.8291244506836 1.5449999570846558  163.2788543701172 -101.7658920288086 1.5449999570846558  163.27801513671875 -101.87187194824219 1.5449999570846558
T Nodo054  163.37808227539062 -102.05621337890625 1.5449999570846558  163.37808227539062 -101.94532775878906 1.5449999570846558  163.27320861816406 -102.0011978149414 1.5449999570846558
T Nodo054  163.37808227539062 -102.15950775146484 1.5449999570846558  163.37808227539062 -102.05621337890625 1.5449999570846558  163.30322265625 -102.12437438964844 1.5449999570846558
T Nodo054  163.37808227539062 -102.05621337890625 1.5449999570846558  163.27320861816406 -102.0011978149414 1.5449999570846558  163.30322265625 -102.12437438964844 1.5449999570846558
T Nodo054  163.28814697265625 -101.4000015258789 1.5449999570846558  163.17999267578125 -101.4000015258789 1.5449999570846558  163.17999267578125 -101.50967407226562 1.5449999570846558
T Nodo054  163.17999267578125 -102.00287628173828 1.5449999570846558  163.17999267578125 -102.09857940673828 1.5449999570846558  163.27320861816406 -102.0011978149414 1.5449999570846558
T Nodo054  163.17999267578125 -101.89598846435547 1.5449999570846558  163.17999267578125 -102.00287628173828 1.5449999570846558  163.27320861816406 -102.0011978149414 1.5449999570846558
T Nodo054  163.17999267578125 -101.80377960205078 1.5449999570846558  163.17999267578125 -101.89598846435547 1.5449999570846558  163.27801513671875 -101.87187194824219 1.5449999570846558
T Nodo054  163.17999267578125 -101.69409942626953 1.5449999570846558  163.17999267578125 -101.80377960205078 1.5449999570846558  163.2788543701172 -101.7658920288086 1.5449999570846558
T Nodo054  163.17999267578125 -101.60189056396484 1.5449999570846558  163.17999267578125 -101.69409942626953 1.5449999570846558  163.27896118164062 -101.66141510009766 1.5449999570846558
T Nodo054  163.17999267578125 -101.50967407226562 1.5449999570846558  163.17999267578125 -101.60189056396484 1.5449999570846558  163.27951049804688 -101.55517578125 1.5449999570846558
T Nodo054  163.0196075439453 -102.25896453857422 1.5449999570846558  162.9392547607422 -102.33932495117188 1.5449999570846558  163.0508575439453 -102.37479400634766 1.5449999570846558
T Nodo054  163.09996032714844 -102.1786117553711 1.5449999570846558  163.0196075439453 -102.25896453857422 1.5449999570846558  163.14434814453125 -102.27543640136719 1.5449999570846558
T Nodo054  163.17999267578125 -102.09857940673828 1.5449999570846558  163.09996032714844 -102.1786117553711 1.5449999570846558  163.22720336914062 -102.19412231445312 1.5449999570846558
T Nodo054  163.09996032714844 -102.1786117553711 1.5449999570846558  163.14434814453125 -102.27543640136719 1.5449999570846558  163.22720336914062 -102.19412231445312 1.5449999570846558
T Nodo054  161.8567657470703 -102.42172241210938 1.5449999570846558  161.74049377441406 -102.42192077636719 1.5449999570846558  161.8118438720703 -102.5241928100586 1.5449999570846558
T Nodo054  162.07704162597656 -102.42134094238281 1.5449999570846558  161.97193908691406 -102.42152404785156 1.5449999570846558  162.00668334960938 -102.51578521728516 1.5449999570846558
T Nodo054  162.19667053222656 -102.42113494873047 1.5449999570846558  162.07704162597656 -102.42134094238281 1.5449999570846558  162.112548828125 -102.51936340332031 1.5449999570846558
T Nodo054  162.07704162597656 -102.42134094238281 1.5449999570846558  162.00668334960938 -102.51578521728516 1.5449999570846558  162.112548828125 -102.51936340332031 1.5449999570846558
T Nodo054  162.2984161376953 -102.42095947265625 1.5449999570846558  162.19667053222656 -102.42113494873047 1.5449999570846558  162.22430419921875 -102.51998138427734 1.5449999570846558
T Nodo054  162.19667053222656 -102.42113494873047 1.5449999570846558  162.112548828125 -102.51936340332031 1.5449999570846558  162.22430419921875 -102.51998138427734 1.5449999570846558
T Nodo054  162.4180450439453 -102.4207534790039 1.5449999570846558  162.2984161376953 -102.42095947265625 1.5449999570846558  162.33267211914062 -102.51997375488281 1.5449999570846558
T Nodo054  162.2984161376953 -102.42095947265625 1.5449999570846558  162.22430419921875 -102.51998138427734 1.5449999570846558  162.33267211914062 -102.51997375488281 1.5449999570846558
T Nodo054  162.5186767578125 -102.42058563232422 1.5449999570846558  162.4180450439453 -102.4207534790039 1.5449999570846558  162.4448699951172 -102.51982879638672 1.5449999570846558
T Nodo054  162.4180450439453 -102.4207534790039 1.5449999570846558  162.33267211914062 -102.51997375488281 1.5449999570846558  162.4448699951172 -102.51982879638672 1.5449999570846558
T Nodo054  162.63832092285156 -102.42037963867188 1.5449999570846558  162.5186767578125 -102.42058563232422 1.5449999570846558  162.55369567871094 -102.51986694335938 1.5449999570846558
T Nodo054  162.5186767578125 -102.42058563232422 1.5449999570846558  162.4448699951172 -102.51982879638672 1.5449999570846558  162.55369567871094 -102.51986694335938 1.5449999570846558
T Nodo054  162.7400665283203 -102.42020416259766 1.5449999570846558  162.63832092285156 -102.42037963867188 1.5449999570846558  162.66915893554688 -102.52056884765625 1.5449999570846558
T Nodo054  162.63832092285156 -102.42037963867188 1.5449999570846558  162.55369567871094 -102.51986694335938 1.5449999570846558  162.66915893554688 -102.52056884765625 1.5449999570846558
T Nodo054  162.85858154296875 -102.41999816894531 1.5449999570846558  162.7400665283203 -102.42020416259766 1.5449999570846558  162.79869079589844 -102.52955627441406 1.5449999570846558
T Nodo054  162.7400665283203 -102.42020416259766 1.5449999570846558  162.66915893554688 -102.52056884765625 1.5449999570846558  162.79869079589844 -102.52955627441406 1.5449999570846558
T Nodo054  161.3179168701172 -102.82337951660156 1.5449999570846558  161.24266052246094 -102.89864349365234 1.5449999570846558  161.35519409179688 -102.93390655517578 1.5449999570846558
T Nodo054  161.3985595703125 -102.74274444580078 1.5449999570846558  161.3179168701172 -102.82337951660156 1.5449999570846558  161.43936157226562 -102.83679962158203 1.5449999570846558
T Nodo054  161.4748992919922 -102.6664047241211 1.5449999570846558  161.3985595703125 -102.74274444580078 1.5449999570846558  161.49562072753906 -102.75794219970703 1.5449999570846558
T Nodo054  161.55015563964844 -102.59114074707031 1.5449999570846558  161.4748992919922 -102.6664047241211 1.5449999570846558  161.5865478515625 -102.69891357421875 1.5449999570846558
T Nodo054  161.4748992919922 -102.6664047241211 1.5449999570846558  161.49562072753906 -102.75794219970703 1.5449999570846558  161.5865478515625 -102.69891357421875 1.5449999570846558
T Nodo054  161.62596130371094 -102.51534271240234 1.5449999570846558  161.55015563964844 -102.59114074707031 1.5449999570846558  161.65701293945312 -102.59930419921875 1.5449999570846558
T Nodo054  161.55015563964844 -102.59114074707031 1.5449999570846558  161.5865478515625 -102.69891357421875 1.5449999570846558  161.65701293945312 -102.59930419921875 1.5449999570846558
T Nodo054  161.15191650390625 -103.4135971069336 1.5449999570846558  161.15191650390625 -103.51000213623047 1.5449999570846558  161.24586486816406 -103.51000213623047 1.5449999570846558
T Nodo054  161.15191650390625 -103.31719207763672 1.5449999570846558  161.15191650390625 -103.4135971069336 1.5449999570846558  161.24986267089844 -103.36465454101562 1.5449999570846558
T Nodo054  161.15191650390625 -103.21928405761719 1.5449999570846558  161.15191650390625 -103.31719207763672 1.5449999570846558  161.25009155273438 -103.25420379638672 1.5449999570846558
T Nodo054  161.15191650390625 -103.31719207763672 1.5449999570846558  161.24986267089844 -103.36465454101562 1.5449999570846558  161.25009155273438 -103.25420379638672 1.5449999570846558
T Nodo054  161.15191650390625 -103.10639953613281 1.5449999570846558  161.15191650390625 -103.21928405761719 1.5449999570846558  161.24803161621094 -103.14102935791016 1.5449999570846558
T Nodo054  161.15191650390625 -103.21928405761719 1.5449999570846558  161.25009155273438 -103.25420379638672 1.5449999570846558  161.24803161621094 -103.14102935791016 1.5449999570846558
T Nodo054  161.15191650390625 -103.01049041748047 1.5449999570846558  161.15191650390625 -103.10639953613281 1.5449999570846558  161.23202514648438 -103.02091217041016 1.5449999570846558
T Nodo054  161.15191650390625 -103.10639953613281 1.5449999570846558  161.24803161621094 -103.14102935791016 1.5449999570846558  161.23202514648438 -103.02091217041016 1.5449999570846558
T Nodo054  161.24586486816406 -103.51000213623047 1.5449999570846558  161.34927368164062 -103.51000213623047 1.5449999570846558  161.3494415283203 -103.40518188476562 1.5449999570846558
T Nodo054  161.34982299804688 -103.17668151855469 1.5449999570846558  161.35000610351562 -103.07141876220703 1.5449999570846558  161.24803161621094 -103.14102935791016 1.5449999570846558
T Nodo054  161.34962463378906 -103.29991912841797 1.5449999570846558  161.34982299804688 -103.17668151855469 1.5449999570846558  161.25009155273438 -103.25420379638672 1.5449999570846558
T Nodo054  161.3494415283203 -103.40518188476562 1.5449999570846558  161.34962463378906 -103.29991912841797 1.5449999570846558  161.24986267089844 -103.36465454101562 1.5449999570846558
T Nodo054  161.72694396972656 -102.6944808959961 1.5449999570846558  161.80142211914062 -102.62000274658203 1.5449999570846558  161.74082946777344 -102.58751678466797 1.5449999570846558
T Nodo054  161.65200805664062 -102.76942443847656 1.5449999570846558  161.72694396972656 -102.6944808959961 1.5449999570846558  161.5865478515625 -102.69891357421875 1.5449999570846558
T Nodo054  161.5766143798828 -102.84481048583984 1.5449999570846558  161.65200805664062 -102.76942443847656 1.5449999570846558  161.5865478515625 -102.69891357421875 1.5449999570846558
T Nodo054  161.5003204345703 -102.92109680175781 1.5449999570846558  161.5766143798828 -102.84481048583984 1.5449999570846558  161.43936157226562 -102.83679962158203 1.5449999570846558
T Nodo054  161.42494201660156 -102.9964828491211 1.5449999570846558  161.5003204345703 -102.92109680175781 1.5449999570846558  161.35519409179688 -102.93390655517578 1.5449999570846558
T Nodo054  161.35000610351562 -103.07141876220703 1.5449999570846558  161.42494201660156 -102.9964828491211 1.5449999570846558  161.35519409179688 -102.93390655517578 1.5449999570846558
T Nodo054  162.7998809814453 -102.6182861328125 1.5449999570846558  162.9195098876953 -102.61808013916016 1.5449999570846558  162.79869079589844 -102.52955627441406 1.5449999570846558
T Nodo054  162.69924926757812 -102.61845397949219 1.5449999570846558  162.7998809814453 -102.6182861328125 1.5449999570846558  162.79869079589844 -102.52955627441406 1.5449999570846558
T Nodo054  162.57960510253906 -102.61865997314453 1.5449999570846558  162.69924926757812 -102.61845397949219 1.5449999570846558  162.66915893554688 -102.52056884765625 1.5449999570846558
T Nodo054  162.47898864746094 -102.61883544921875 1.5449999570846558  162.57960510253906 -102.61865997314453 1.5449999570846558  162.55369567871094 -102.51986694335938 1.5449999570846558
T Nodo054  162.35934448242188 -102.6190414428711 1.5449999570846558  162.47898864746094 -102.61883544921875 1.5449999570846558  162.4448699951172 -102.51982879638672 1.5449999570846558
T Nodo054  162.2587127685547 -102.61921691894531 1.5449999570846558  162.35934448242188 -102.6190414428711 1.5449999570846558  162.33267211914062 -102.51997375488281 1.5449999570846558
T Nodo054  162.14019775390625 -102.61941528320312 1.5449999570846558  162.2587127685547 -102.61921691894531 1.5449999570846558  162.22430419921875 -102.51998138427734 1.5449999570846558
T Nodo054  162.03509521484375 -102.61959838867188 1.5449999570846558  162.14019775390625 -102.61941528320312 1.5449999570846558  162.112548828125 -102.51936340332031 1.5449999570846558
T Nodo054  161.91287231445312 -102.50041961669922 1.5449999570846558  161.8118438720703 -102.5241928100586 1.5449999570846558  161.91993713378906 -102.61979675292969 1.5449999570846558
T Nodo054  161.80142211914062 -102.62000274658203 1.5449999570846558  161.91993713378906 -102.61979675292969 1.5449999570846558  161.8118438720703 -102.5241928100586 1.5449999570846558
T Nodo054  163.27633666992188 -102.2823715209961 1.5449999570846558  163.36314392089844 -102.195556640625 1.5449999570846558  163.22720336914062 -102.19412231445312 1.5449999570846558
T Nodo054  163.19195556640625 -102.36674499511719 1.5449999570846558  163.27633666992188 -102.2823715209961 1.5449999570846558  163.14434814453125 -102.27543640136719 1.5449999570846558
T Nodo054  163.109619140625 -102.44908142089844 1.5449999570846558  163.19195556640625 -102.36674499511719 1.5449999570846558  163.0508575439453 -102.37479400634766 1.5449999570846558
T Nodo054  163.02322387695312 -102.53548431396484 1.5449999570846558  163.109619140625 -102.44908142089844 1.5449999570846558  163.0508575439453 -102.37479400634766 1.5449999570846558
T Nodo054  163.37808227539062 -101.51620483398438 1.5449999570846558  163.28814697265625 -101.4000015258789 1.5449999570846558  163.27951049804688 -101.55517578125 1.5449999570846558
T Nodo054  161.15191650390625 -103.4135971069336 1.5449999570846558  161.24586486816406 -103.51000213623047 1.5449999570846558  161.24986267089844 -103.36465454101562 1.5449999570846558
T Nodo054  161.24986267089844 -103.36465454101562 1.5449999570846558  161.24586486816406 -103.51000213623047 1.5449999570846558  161.3494415283203 -103.40518188476562 1.5449999570846558
T Nodo054  163.37808227539062 -101.94532775878906 1.5449999570846558  163.27801513671875 -101.87187194824219 1.5449999570846558  163.27320861816406 -102.0011978149414 1.5449999570846558
T Nodo054  163.2788543701172 -101.7658920288086 1.5449999570846558  163.17999267578125 -101.80377960205078 1.5449999570846558  163.27801513671875 -101.87187194824219 1.5449999570846558
T Nodo054  163.27320861816406 -102.0011978149414 1.5449999570846558  163.17999267578125 -102.09857940673828 1.5449999570846558  163.30322265625 -102.12437438964844 1.5449999570846558
T Nodo054  163.28814697265625 -101.4000015258789 1.5449999570846558  163.17999267578125 -101.50967407226562 1.5449999570846558  163.27951049804688 -101.55517578125 1.5449999570846558
T Nodo054  163.17999267578125 -101.89598846435547 1.5449999570846558  163.27320861816406 -102.0011978149414 1.5449999570846558  163.27801513671875 -101.87187194824219 1.5449999570846558
T Nodo054  163.17999267578125 -101.69409942626953 1.5449999570846558  163.2788543701172 -101.7658920288086 1.5449999570846558  163.27896118164062 -101.66141510009766 1.5449999570846558
T Nodo054  163.17999267578125 -101.60189056396484 1.5449999570846558  163.27896118164062 -101.66141510009766 1.5449999570846558  163.27951049804688 -101.55517578125 1.5449999570846558
T Nodo054  163.0196075439453 -102.25896453857422 1.5449999570846558  163.0508575439453 -102.37479400634766 1.5449999570846558  163.14434814453125 -102.27543640136719 1.5449999570846558
T Nodo054  162.9392547607422 -102.33932495117188 1.5449999570846558  162.85858154296875 -102.41999816894531 1.5449999570846558  162.95892333984375 -102.43931579589844 1.5449999570846558
T Nodo054  163.17999267578125 -102.09857940673828 1.5449999570846558  163.22720336914062 -102.19412231445312 1.5449999570846558  163.30322265625 -102.12437438964844 1.5449999570846558
T Nodo054  161.3179168701172 -102.82337951660156 1.5449999570846558  161.35519409179688 -102.93390655517578 1.5449999570846558  161.43936157226562 -102.83679962158203 1.5449999570846558
T Nodo054  161.97193908691406 -102.42152404785156 1.5449999570846558  161.8567657470703 -102.42172241210938 1.5449999570846558  161.91287231445312 -102.50041961669922 1.5449999570846558
T Nodo054  161.35519409179688 -102.93390655517578 1.5449999570846558  161.24266052246094 -102.89864349365234 1.5449999570846558  161.23202514648438 -103.02091217041016 1.5449999570846558
T Nodo054  161.70443725585938 -102.43685150146484 1.5449999570846558  161.62596130371094 -102.51534271240234 1.5449999570846558  161.7205352783203 -102.50885009765625 1.5449999570846558
T Nodo054  161.25009155273438 -103.25420379638672 1.5449999570846558  161.34982299804688 -103.17668151855469 1.5449999570846558  161.24803161621094 -103.14102935791016 1.5449999570846558
T Nodo054  161.24803161621094 -103.14102935791016 1.5449999570846558  161.35000610351562 -103.07141876220703 1.5449999570846558  161.23202514648438 -103.02091217041016 1.5449999570846558
T Nodo054  161.34962463378906 -103.29991912841797 1.5449999570846558  161.25009155273438 -103.25420379638672 1.5449999570846558  161.24986267089844 -103.36465454101562 1.5449999570846558
T Nodo054  161.72694396972656 -102.6944808959961 1.5449999570846558  161.74082946777344 -102.58751678466797 1.5449999570846558  161.65701293945312 -102.59930419921875 1.5449999570846558
T Nodo054  162.57960510253906 -102.61865997314453 1.5449999570846558  162.66915893554688 -102.52056884765625 1.5449999570846558  162.55369567871094 -102.51986694335938 1.5449999570846558
T Nodo054  161.35000610351562 -103.07141876220703 1.5449999570846558  161.35519409179688 -102.93390655517578 1.5449999570846558  161.23202514648438 -103.02091217041016 1.5449999570846558
T Nodo054  162.69924926757812 -102.61845397949219 1.5449999570846558  162.79869079589844 -102.52955627441406 1.5449999570846558  162.66915893554688 -102.52056884765625 1.5449999570846558
T Nodo054  162.47898864746094 -102.61883544921875 1.5449999570846558  162.55369567871094 -102.51986694335938 1.5449999570846558  162.4448699951172 -102.51982879638672 1.5449999570846558
T Nodo054  162.35934448242188 -102.6190414428711 1.5449999570846558  162.4448699951172 -102.51982879638672 1.5449999570846558  162.33267211914062 -102.51997375488281 1.5449999570846558
T Nodo054  162.2587127685547 -102.61921691894531 1.5449999570846558  162.33267211914062 -102.51997375488281 1.5449999570846558  162.22430419921875 -102.51998138427734 1.5449999570846558
T Nodo054  162.14019775390625 -102.61941528320312 1.5449999570846558  162.22430419921875 -102.51998138427734 1.5449999570846558  162.112548828125 -102.51936340332031 1.5449999570846558
T Nodo054  162.00668334960938 -102.51578521728516 1.5449999570846558  161.91287231445312 -102.50041961669922 1.5449999570846558  161.91993713378906 -102.61979675292969 1.5449999570846558
T Nodo054  161.80142211914062 -102.62000274658203 1.5449999570846558  161.8118438720703 -102.5241928100586 1.5449999570846558  161.74082946777344 -102.58751678466797 1.5449999570846558
T Nodo054  163.27633666992188 -102.2823715209961 1.5449999570846558  163.22720336914062 -102.19412231445312 1.5449999570846558  163.14434814453125 -102.27543640136719 1.5449999570846558
T Nodo054  163.19195556640625 -102.36674499511719 1.5449999570846558  163.14434814453125 -102.27543640136719 1.5449999570846558  163.0508575439453 -102.37479400634766 1.5449999570846558
T Nodo054  162.95555114746094 -102.6031494140625 1.5449999570846558  163.02322387695312 -102.53548431396484 1.5449999570846558  162.9198455810547 -102.53099822998047 1.5449999570846558
T Nodo054  161.72694396972656 -102.6944808959961 1.5449999570846558  161.65701293945312 -102.59930419921875 1.5449999570846558  161.5865478515625 -102.69891357421875 1.5449999570846558
T Nodo054  162.95892333984375 -102.43931579589844 1.5449999570846558  162.85858154296875 -102.41999816894531 1.5449999570846558  162.9198455810547 -102.53099822998047 1.5449999570846558
T Nodo054  162.85858154296875 -102.41999816894531 1.5449999570846558  162.79869079589844 -102.52955627441406 1.5449999570846558  162.9198455810547 -102.53099822998047 1.5449999570846558
T Nodo054  161.3985595703125 -102.74274444580078 1.5449999570846558  161.43936157226562 -102.83679962158203 1.5449999570846558  161.49562072753906 -102.75794219970703 1.5449999570846558
T Nodo054  161.62596130371094 -102.51534271240234 1.5449999570846558  161.65701293945312 -102.59930419921875 1.5449999570846558  161.7205352783203 -102.50885009765625 1.5449999570846558
T Nodo054  161.16685485839844 -102.97444152832031 1.5449999570846558  161.15191650390625 -103.01049041748047 1.5449999570846558  161.23202514648438 -103.02091217041016 1.5449999570846558
T Nodo054  162.9195098876953 -102.61808013916016 1.5449999570846558  162.95555114746094 -102.6031494140625 1.5449999570846558  162.9198455810547 -102.53099822998047 1.5449999570846558
T Nodo054  163.36314392089844 -102.195556640625 1.5449999570846558  163.37808227539062 -102.15950775146484 1.5449999570846558  163.30322265625 -102.12437438964844 1.5449999570846558
T Nodo054  161.16685485839844 -102.97444152832031 1.5449999570846558  161.23202514648438 -103.02091217041016 1.5449999570846558  161.24266052246094 -102.89864349365234 1.5449999570846558
T Nodo054  162.9195098876953 -102.61808013916016 1.5449999570846558  162.9198455810547 -102.53099822998047 1.5449999570846558  162.79869079589844 -102.52955627441406 1.5449999570846558
T Nodo054  162.9198455810547 -102.53099822998047 1.5449999570846558  163.02322387695312 -102.53548431396484 1.5449999570846558  162.95892333984375 -102.43931579589844 1.5449999570846558
T Nodo054  163.0508575439453 -102.37479400634766 1.5449999570846558  162.9392547607422 -102.33932495117188 1.5449999570846558  162.95892333984375 -102.43931579589844 1.5449999570846558
T Nodo054  162.00668334960938 -102.51578521728516 1.5449999570846558  161.97193908691406 -102.42152404785156 1.5449999570846558  161.91287231445312 -102.50041961669922 1.5449999570846558
T Nodo054  161.35519409179688 -102.93390655517578 1.5449999570846558  161.5003204345703 -102.92109680175781 1.5449999570846558  161.43936157226562 -102.83679962158203 1.5449999570846558
T Nodo054  161.74049377441406 -102.42192077636719 1.5449999570846558  161.70443725585938 -102.43685150146484 1.5449999570846558  161.7205352783203 -102.50885009765625 1.5449999570846558
T Nodo054  161.5766143798828 -102.84481048583984 1.5449999570846558  161.5865478515625 -102.69891357421875 1.5449999570846558  161.49562072753906 -102.75794219970703 1.5449999570846558
T Nodo054  162.03509521484375 -102.61959838867188 1.5449999570846558  162.112548828125 -102.51936340332031 1.5449999570846558  162.00668334960938 -102.51578521728516 1.5449999570846558
T Nodo054  161.65701293945312 -102.59930419921875 1.5449999570846558  161.74082946777344 -102.58751678466797 1.5449999570846558  161.7205352783203 -102.50885009765625 1.5449999570846558
T Nodo054  161.8567657470703 -102.42172241210938 1.5449999570846558  161.8118438720703 -102.5241928100586 1.5449999570846558  161.91287231445312 -102.50041961669922 1.5449999570846558
T Nodo054  161.74049377441406 -102.42192077636719 1.5449999570846558  161.7205352783203 -102.50885009765625 1.5449999570846558  161.8118438720703 -102.5241928100586 1.5449999570846558
T Nodo054  161.5766143798828 -102.84481048583984 1.5449999570846558  161.49562072753906 -102.75794219970703 1.5449999570846558  161.43936157226562 -102.83679962158203 1.5449999570846558
T Nodo054  163.22720336914062 -102.19412231445312 1.5449999570846558  163.36314392089844 -102.195556640625 1.5449999570846558  163.30322265625 -102.12437438964844 1.5449999570846558
T Nodo054  162.95892333984375 -102.43931579589844 1.5449999570846558  163.02322387695312 -102.53548431396484 1.5449999570846558  163.0508575439453 -102.37479400634766 1.5449999570846558
T Nodo054  162.03509521484375 -102.61959838867188 1.5449999570846558  162.00668334960938 -102.51578521728516 1.5449999570846558  161.91993713378906 -102.61979675292969 1.5449999570846558
T Nodo054  161.74082946777344 -102.58751678466797 1.5449999570846558  161.8118438720703 -102.5241928100586 1.5449999570846558  161.7205352783203 -102.50885009765625 1.5449999570846558
T Nodo054  160.93275451660156 -103.51000213623047 1.5099999904632568  160.89999389648438 -103.51000213623047 1.5099999904632568  160.89999389648438 -103.51000213623047 1.5499999523162842
T Nodo054  160.97003173828125 -103.51000213623047 1.5099999904632568  160.93275451660156 -103.51000213623047 1.5099999904632568  160.9364013671875 -103.51000213623047 1.5499999523162842
T Nodo054  161.00732421875 -103.51000213623047 1.5099999904632568  160.97003173828125 -103.51000213623047 1.5099999904632568  160.97349548339844 -103.51000213623047 1.5499999523162842
T Nodo054  161.04006958007812 -103.51000213623047 1.5099999904632568  161.00732421875 -103.51000213623047 1.5099999904632568  161.0155029296875 -103.51000213623047 1.5499999523162842
T Nodo054  161.0773468017578 -103.51000213623047 1.5099999904632568  161.04006958007812 -103.51000213623047 1.5099999904632568  161.0574951171875 -103.51000213623047 1.5499999523162842
T Nodo054  161.11463928222656 -103.51000213623047 1.5099999904632568  161.0773468017578 -103.51000213623047 1.5099999904632568  161.09950256347656 -103.51000213623047 1.5499999523162842
T Nodo054  161.15191650390625 -103.51000213623047 1.5099999904632568  161.11463928222656 -103.51000213623047 1.5099999904632568  161.15191650390625 -103.51000213623047 1.5449999570846558
T Nodo054  160.97003173828125 -103.51000213623047 1.5099999904632568  160.9364013671875 -103.51000213623047 1.5499999523162842  160.97349548339844 -103.51000213623047 1.5499999523162842
T Nodo054  160.89999389648438 -103.51000213623047 1.5499999523162842  160.9364013671875 -103.51000213623047 1.5499999523162842  160.93275451660156 -103.51000213623047 1.5099999904632568
T Nodo054  160.97349548339844 -103.51000213623047 1.5499999523162842  161.0155029296875 -103.51000213623047 1.5499999523162842  161.00732421875 -103.51000213623047 1.5099999904632568
T Nodo054  161.0155029296875 -103.51000213623047 1.5499999523162842  161.0574951171875 -103.51000213623047 1.5499999523162842  161.04006958007812 -103.51000213623047 1.5099999904632568
T Nodo054  161.0574951171875 -103.51000213623047 1.5499999523162842  161.09950256347656 -103.51000213623047 1.5499999523162842  161.0773468017578 -103.51000213623047 1.5099999904632568
T Nodo054  161.3571014404297 -103.51000213623047 1.5499999523162842  161.39280700683594 -103.51000213623047 1.5499999523162842  161.3838653564453 -103.51000213623047 1.5099999904632568
T Nodo054  161.39280700683594 -103.51000213623047 1.5499999523162842  161.4333953857422 -103.51000213623047 1.5499999523162842  161.4224853515625 -103.51000213623047 1.5099999904632568
T Nodo054  161.4333953857422 -103.51000213623047 1.5499999523162842  161.4739990234375 -103.51000213623047 1.5499999523162842  161.45758056640625 -103.51000213623047 1.5099999904632568
T Nodo054  161.4739990234375 -103.51000213623047 1.5499999523162842  161.51669311523438 -103.51000213623047 1.5499999523162842  161.4921875 -103.51000213623047 1.5099999904632568
T Nodo054  161.51669311523438 -103.51000213623047 1.5499999523162842  161.55870056152344 -103.51000213623047 1.5499999523162842  161.53054809570312 -103.51000213623047 1.5099999904632568
T Nodo054  161.55870056152344 -103.51000213623047 1.5499999523162842  161.60000610351562 -103.51000213623047 1.5499999523162842  161.56515502929688 -103.51000213623047 1.5099999904632568
T Nodo054  161.60000610351562 -103.51000213623047 1.5499999523162842  161.60000610351562 -103.51000213623047 1.5099999904632568  161.56515502929688 -103.51000213623047 1.5099999904632568
T Nodo054  161.4224853515625 -103.51000213623047 1.5099999904632568  161.3838653564453 -103.51000213623047 1.5099999904632568  161.39280700683594 -103.51000213623047 1.5499999523162842
T Nodo054  161.45758056640625 -103.51000213623047 1.5099999904632568  161.4224853515625 -103.51000213623047 1.5099999904632568  161.4333953857422 -103.51000213623047 1.5499999523162842
T Nodo054  161.4921875 -103.51000213623047 1.5099999904632568  161.45758056640625 -103.51000213623047 1.5099999904632568  161.4739990234375 -103.51000213623047 1.5499999523162842
T Nodo054  161.53054809570312 -103.51000213623047 1.5099999904632568  161.4921875 -103.51000213623047 1.5099999904632568  161.51669311523438 -103.51000213623047 1.5499999523162842
T Nodo054  161.56515502929688 -103.51000213623047 1.5099999904632568  161.53054809570312 -103.51000213623047 1.5099999904632568  161.55870056152344 -103.51000213623047 1.5499999523162842
T Nodo054  161.11463928222656 -103.51000213623047 1.5099999904632568  161.09950256347656 -103.51000213623047 1.5499999523162842  161.14010620117188 -103.51000213623047 1.5499999523162842
T Nodo054  161.3838653564453 -103.51000213623047 1.5099999904632568  161.34927368164062 -103.51000213623047 1.5099999904632568  161.34927368164062 -103.51000213623047 1.5449999570846558
T Nodo054  161.18467712402344 -103.51000213623047 1.5449999570846558  161.15191650390625 -103.51000213623047 1.5449999570846558  161.17579650878906 -103.51000213623047 1.5499999523162842
T Nodo054  161.14010620117188 -103.51000213623047 1.5499999523162842  161.17579650878906 -103.51000213623047 1.5499999523162842  161.15191650390625 -103.51000213623047 1.5449999570846558
T Nodo054  161.17579650878906 -103.51000213623047 1.5499999523162842  161.2122039794922 -103.51000213623047 1.5499999523162842  161.18467712402344 -103.51000213623047 1.5449999570846558
T Nodo054  161.2122039794922 -103.51000213623047 1.5499999523162842  161.24789428710938 -103.51000213623047 1.5499999523162842  161.2172393798828 -103.51000213623047 1.5449999570846558
T Nodo054  161.24789428710938 -103.51000213623047 1.5499999523162842  161.2843017578125 -103.51000213623047 1.5499999523162842  161.2501983642578 -103.51000213623047 1.5449999570846558
T Nodo054  161.2843017578125 -103.51000213623047 1.5499999523162842  161.32069396972656 -103.51000213623047 1.5499999523162842  161.3161163330078 -103.51000213623047 1.5449999570846558
T Nodo054  161.32069396972656 -103.51000213623047 1.5499999523162842  161.3571014404297 -103.51000213623047 1.5499999523162842  161.34927368164062 -103.51000213623047 1.5449999570846558
T Nodo054  161.11463928222656 -103.51000213623047 1.5099999904632568  161.14010620117188 -103.51000213623047 1.5499999523162842  161.15191650390625 -103.51000213623047 1.5449999570846558
T Nodo054  161.34927368164062 -103.51000213623047 1.5449999570846558  161.3571014404297 -103.51000213623047 1.5499999523162842  161.3838653564453 -103.51000213623047 1.5099999904632568
T Nodo054  161.3161163330078 -103.51000213623047 1.5449999570846558  161.32069396972656 -103.51000213623047 1.5499999523162842  161.34927368164062 -103.51000213623047 1.5449999570846558
T Nodo054  161.2501983642578 -103.51000213623047 1.5449999570846558  161.2843017578125 -103.51000213623047 1.5499999523162842  161.2831573486328 -103.51000213623047 1.5449999570846558
T Nodo054  161.2172393798828 -103.51000213623047 1.5449999570846558  161.24789428710938 -103.51000213623047 1.5499999523162842  161.2501983642578 -103.51000213623047 1.5449999570846558
T Nodo054  161.2843017578125 -103.51000213623047 1.5499999523162842  161.3161163330078 -103.51000213623047 1.5449999570846558  161.2831573486328 -103.51000213623047 1.5449999570846558
T Nodo054  161.18467712402344 -103.51000213623047 1.5449999570846558  161.2122039794922 -103.51000213623047 1.5499999523162842  161.2172393798828 -103.51000213623047 1.5449999570846558
T Nodo054  160.72406005859375 -103.58238983154297 1.5499999523162842  160.64999389648438 -103.76000213623047 1.5499999523162842  160.84010314941406 -103.63671875 1.5499999523162842
T Nodo054  160.72406005859375 -103.58238983154297 1.5499999523162842  160.84010314941406 -103.63671875 1.5499999523162842  160.89999389648438 -103.51000213623047 1.5499999523162842
T Nodo054  161.2528076171875 -103.51000213623047 1.5499999523162842  160.89999389648438 -103.51000213623047 1.5499999523162842  161.06149291992188 -103.71269226074219 1.5499999523162842
T Nodo054  160.89999389648438 -103.51000213623047 1.5499999523162842  160.84010314941406 -103.63671875 1.5499999523162842  161.06149291992188 -103.71269226074219 1.5499999523162842
T Nodo054  161.7770538330078 -103.58350372314453 1.5499999523162842  161.60000610351562 -103.51000213623047 1.5499999523162842  161.60626220703125 -103.69852447509766 1.5499999523162842
T Nodo054  161.7770538330078 -103.58350372314453 1.5499999523162842  161.60626220703125 -103.69852447509766 1.5499999523162842  161.85000610351562 -103.76000213623047 1.5499999523162842
T Nodo054  161.77650451660156 -104.83705139160156 1.5499999523162842  161.85000610351562 -104.66000366210938 1.5499999523162842  161.65328979492188 -104.7162094116211 1.5499999523162842
T Nodo054  161.77650451660156 -104.83705139160156 1.5499999523162842  161.65328979492188 -104.7162094116211 1.5499999523162842  161.60000610351562 -104.91000366210938 1.5499999523162842
T Nodo054  160.89999389648438 -104.91000366210938 1.5499999523162842  161.20449829101562 -104.91000366210938 1.5499999523162842  161.11068725585938 -104.62067413330078 1.5499999523162842
T Nodo054  160.7229461669922 -104.83650207519531 1.5499999523162842  160.89999389648438 -104.91000366210938 1.5499999523162842  160.84498596191406 -104.66831970214844 1.5499999523162842
T Nodo054  160.64999389648438 -104.66000366210938 1.5499999523162842  160.7229461669922 -104.83650207519531 1.5499999523162842  160.84498596191406 -104.66831970214844 1.5499999523162842
T Nodo054  160.89999389648438 -104.91000366210938 1.5499999523162842  161.11068725585938 -104.62067413330078 1.5499999523162842  160.84498596191406 -104.66831970214844 1.5499999523162842
T Nodo054  161.60000610351562 -103.51000213623047 1.5499999523162842  161.2528076171875 -103.51000213623047 1.5499999523162842  161.36895751953125 -103.6902847290039 1.5499999523162842
T Nodo054  161.85000610351562 -104.14070129394531 1.5499999523162842  161.85000610351562 -103.76000213623047 1.5499999523162842  161.3531951904297 -103.99522399902344 1.5499999523162842
T Nodo054  161.60000610351562 -103.51000213623047 1.5499999523162842  161.36895751953125 -103.6902847290039 1.5499999523162842  161.60626220703125 -103.69852447509766 1.5499999523162842
T Nodo054  160.64999389648438 -103.76000213623047 1.5499999523162842  160.64999389648438 -104.19830322265625 1.5499999523162842  161.3531951904297 -103.99522399902344 1.5499999523162842
T Nodo054  161.2528076171875 -103.51000213623047 1.5499999523162842  161.06149291992188 -103.71269226074219 1.5499999523162842  161.36895751953125 -103.6902847290039 1.5499999523162842
T Nodo054  161.85000610351562 -104.14070129394531 1.5499999523162842  161.3531951904297 -103.99522399902344 1.5499999523162842  161.35293579101562 -104.35589599609375 1.5499999523162842
T Nodo054  161.65328979492188 -104.7162094116211 1.5499999523162842  161.85000610351562 -104.66000366210938 1.5499999523162842  161.62274169921875 -104.50701904296875 1.5499999523162842
T Nodo054  161.60000610351562 -104.91000366210938 1.5499999523162842  161.65328979492188 -104.7162094116211 1.5499999523162842  161.42344665527344 -104.6749267578125 1.5499999523162842
T Nodo054  161.85000610351562 -104.66000366210938 1.5499999523162842  161.85000610351562 -104.14070129394531 1.5499999523162842  161.62274169921875 -104.50701904296875 1.5499999523162842
T Nodo054  161.11068725585938 -104.62067413330078 1.5499999523162842  161.20449829101562 -104.91000366210938 1.5499999523162842  161.42344665527344 -104.6749267578125 1.5499999523162842
T Nodo054  161.3531951904297 -103.99522399902344 1.5499999523162842  160.64999389648438 -104.19830322265625 1.5499999523162842  161.35293579101562 -104.35589599609375 1.5499999523162842
T Nodo054  161.20449829101562 -104.91000366210938 1.5499999523162842  161.60000610351562 -104.91000366210938 1.5499999523162842  161.42344665527344 -104.6749267578125 1.5499999523162842
T Nodo054  161.3531951904297 -103.99522399902344 1.5499999523162842  161.85000610351562 -103.76000213623047 1.5499999523162842  161.60626220703125 -103.69852447509766 1.5499999523162842
T Nodo054  161.65328979492188 -104.7162094116211 1.5499999523162842  161.62274169921875 -104.50701904296875 1.5499999523162842  161.42344665527344 -104.6749267578125 1.5499999523162842
T Nodo054  161.35293579101562 -104.35589599609375 1.5499999523162842  160.64999389648438 -104.19830322265625 1.5499999523162842  161.11068725585938 -104.62067413330078 1.5499999523162842
T Nodo054  160.64999389648438 -104.19830322265625 1.5499999523162842  160.64999389648438 -104.66000366210938 1.5499999523162842  160.84498596191406 -104.66831970214844 1.5499999523162842
T Nodo054  161.42344665527344 -104.6749267578125 1.5499999523162842  161.62274169921875 -104.50701904296875 1.5499999523162842  161.35293579101562 -104.35589599609375 1.5499999523162842
T Nodo054  161.11068725585938 -104.62067413330078 1.5499999523162842  161.42344665527344 -104.6749267578125 1.5499999523162842  161.35293579101562 -104.35589599609375 1.5499999523162842
T Nodo054  161.62274169921875 -104.50701904296875 1.5499999523162842  161.85000610351562 -104.14070129394531 1.5499999523162842  161.35293579101562 -104.35589599609375 1.5499999523162842
T Nodo054  161.60626220703125 -103.69852447509766 1.5499999523162842  161.36895751953125 -103.6902847290039 1.5499999523162842  161.3531951904297 -103.99522399902344 1.5499999523162842
T Nodo054  161.11068725585938 -104.62067413330078 1.5499999523162842  160.64999389648438 -104.19830322265625 1.5499999523162842  160.84498596191406 -104.66831970214844 1.5499999523162842
T Nodo054  160.64999389648438 -103.76000213623047 1.5499999523162842  161.3531951904297 -103.99522399902344 1.5499999523162842  161.06149291992188 -103.71269226074219 1.5499999523162842
T Nodo054  161.3531951904297 -103.99522399902344 1.5499999523162842  161.36895751953125 -103.6902847290039 1.5499999523162842  161.06149291992188 -103.71269226074219 1.5499999523162842
T Nodo054  160.64999389648438 -103.76000213623047 1.5499999523162842  161.06149291992188 -103.71269226074219 1.5499999523162842  160.84010314941406 -103.63671875 1.5499999523162842

