0 conductor definition file for the following objects
* - A_NodoNegativoSBF
* created using FreeCAD's ElectroMagnetic workbench
* see http://www.freecad.org and http://www.fastfieldsolvers.com

Q Nodo051  154.921092 -91.4 1.51  154.921092 -91.4 1.55  155.071092 -91.25 1.55  155.071092 -91.24999999999102 1.51
Q Nodo051  155.071092 -91.25 1.51  155.071092 -91.25 1.55  155.371092 -91.25 1.55  155.371092 -91.25 1.51
Q Nodo051  155.371092 -91.25 1.51  155.371092 -91.25 1.55  155.521092 -91.4 1.55  155.521091999999 -91.4 1.51
Q Nodo051  155.521092 -91.4 1.51  155.521092 -91.4 1.55  155.521092 -93.05 1.55  155.521092 -93.05 1.51
Q Nodo051  155.521092 -93.05 1.51  155.521092 -93.05 1.55  155.371092 -93.2 1.55  155.371092 -93.19999999999898 1.51
Q Nodo051  155.071092 -93.2 1.51  155.071092 -93.2 1.55  154.921092 -93.05 1.55  154.921091999991 -93.05 1.51
Q Nodo051  154.921092 -93.05 1.51  154.921092 -93.05 1.55  154.921092 -91.4 1.55  154.921092 -91.4 1.51
Q Nodo051  155.319171 -93.219508 1.545  155.319171 -93.2 1.545  155.319171 -93.2 1.51  155.319171 -93.219508 1.51
Q Nodo051  155.319171 -93.219508 1.51  155.319171 -93.219508 1.545  155.30424 -93.255556 1.545  155.30424 -93.255556 1.51
Q Nodo051  155.30424 -93.255556 1.51  155.30424 -93.255556 1.545  154.226648 -94.333147 1.545  154.22664800000067 -94.33314700000065 1.51
Q Nodo051  154.226648 -94.333147 1.51  154.226648 -94.333147 1.545  154.1906 -94.348079 1.545  154.1906 -94.34807900000001 1.51
Q Nodo051  154.1906 -94.348079 1.51  154.1906 -94.348079 1.545  150.741583 -94.348079 1.545  150.741583 -94.348079 1.51
Q Nodo051  150.741583 -94.348079 1.51  150.741583 -94.348079 1.545  150.705535 -94.333148 1.545  150.705535 -94.33314800000001 1.51
Q Nodo051  150.26666906916145 -93.89569360299856 1.545  150.705535 -94.333148 1.545  150.705535 -94.333148 1.51  150.26666906916 -93.895693603 1.51
Q Nodo051  150.8025130000003 -94.14999999999974 1.545  150.3609072181 -93.70961126519 1.545  150.3609072181 -93.70961126518 1.51  150.802513 -94.15 1.51
Q Nodo051  150.802513 -94.15 1.51  150.802513 -94.15 1.545  154.129669 -94.15 1.545  154.129669 -94.15 1.51
Q Nodo051  155.079669 -93.20000000000002 1.545  154.129669 -94.15 1.545  154.129669 -94.15 1.51  155.079669 -93.2 1.51
Q Nodo051  150.361092 -92.8 1.51  150.361092 -92.8 1.55  150.361092 -93.7 1.55  150.361092 -93.7 1.51
Q Nodo051  149.861092 -95.5 1.545  149.861092 -93.95 1.545  149.861092 -93.95 1.51  149.861092 -95.5 1.51
Q Nodo051  149.66251868203793 -93.95 1.545  149.66145379912 -95.5 1.545  149.66145379912 -95.5 1.51  149.66251868203 -93.95 1.51
Q Nodo051  149.161092 -92.8 1.51  149.161092 -92.8 1.55  149.411092 -92.55 1.55  149.411092 -92.54999999999715 1.51
Q Nodo051  149.411092 -92.55 1.51  149.411092 -92.55 1.55  150.111092 -92.55 1.55  150.111092 -92.55 1.51
Q Nodo051  150.111092 -92.55 1.51  150.111092 -92.55 1.55  150.361092 -92.8 1.55  150.36109199999285 -92.8 1.51
Q Nodo051  149.411092 -93.95 1.51  149.411092 -93.95 1.55  149.161092 -93.7 1.55  149.16109199999715 -93.7 1.51
Q Nodo051  149.161092 -93.7 1.51  149.161092 -93.7 1.55  149.161092 -92.8 1.55  149.161092 -92.8 1.51
Q Nodo051  149.861092 -95.5 1.545  149.66145379912 -95.5 1.545  149.66251868203 -93.95 1.545  149.861092 -93.95 1.545
Q Nodo051  150.111092 -95.5 1.51  150.111092 -95.5 1.55  150.361092 -95.75 1.55  150.36109199999285 -95.75 1.51
Q Nodo051  149.161092 -95.75 1.51  149.161092 -95.75 1.55  149.411092 -95.5 1.55  149.411092 -95.49999999999716 1.51
Q Nodo051  150.361092 -95.75 1.51  150.361092 -95.75 1.55  150.361092 -96.65 1.55  150.361092 -96.65 1.51
Q Nodo051  150.361092 -96.65 1.51  150.361092 -96.65 1.55  150.111092 -96.9 1.55  150.111092 -96.89999999999284 1.51
Q Nodo051  150.111092 -96.9 1.51  150.111092 -96.9 1.55  149.411092 -96.9 1.55  149.411092 -96.9 1.51
Q Nodo051  149.411092 -96.9 1.51  149.411092 -96.9 1.55  149.161092 -96.65 1.55  149.16109199999715 -96.65 1.51
Q Nodo051  149.161092 -96.65 1.51  149.161092 -96.65 1.55  149.161092 -95.75 1.55  149.161092 -95.75 1.51
T Nodo051  154.9210968017578 -91.4000015258789 1.5099999904632568  155.0710906982422 -91.25 1.5099999904632568  155.14588928222656 -91.43875885009766 1.5099999904632568
T Nodo051  154.9210968017578 -93.05000305175781 1.5099999904632568  154.9210968017578 -92.8718032836914 1.5099999904632568  155.1053009033203 -92.98377990722656 1.5099999904632568
T Nodo051  154.9210968017578 -92.50385284423828 1.5099999904632568  154.9210968017578 -91.88839721679688 1.5099999904632568  155.52108764648438 -92.4791030883789 1.5099999904632568
T Nodo051  154.9210968017578 -91.57655334472656 1.5099999904632568  154.9210968017578 -91.4000015258789 1.5099999904632568  155.14588928222656 -91.43875885009766 1.5099999904632568
T Nodo051  155.0710906982422 -93.19999694824219 1.5099999904632568  155.05557250976562 -93.1991958618164 1.5099999904632568  155.0636749267578 -93.18885803222656 1.5099999904632568
T Nodo051  155.05557250976562 -93.1991958618164 1.5099999904632568  155.04136657714844 -93.197021484375 1.5099999904632568  155.05238342285156 -93.18807220458984 1.5099999904632568
T Nodo051  155.05557250976562 -93.1991958618164 1.5099999904632568  155.05238342285156 -93.18807220458984 1.5099999904632568  155.0636749267578 -93.18885803222656 1.5099999904632568
T Nodo051  155.01609802246094 -93.1895523071289 1.5099999904632568  154.9668731689453 -93.15788269042969 1.5099999904632568  155.0424346923828 -93.12390899658203 1.5099999904632568
T Nodo051  154.12966918945312 -94.1500015258789 1.5099999904632568  154.20187377929688 -94.07779693603516 1.5099999904632568  154.2465362548828 -94.19115447998047 1.5099999904632568
T Nodo051  154.20187377929688 -94.07779693603516 1.5099999904632568  154.28927612304688 -93.99040222167969 1.5099999904632568  154.32803344726562 -94.09427642822266 1.5099999904632568
T Nodo051  154.20187377929688 -94.07779693603516 1.5099999904632568  154.32803344726562 -94.09427642822266 1.5099999904632568  154.2465362548828 -94.19115447998047 1.5099999904632568
T Nodo051  154.28927612304688 -93.99040222167969 1.5099999904632568  154.36146545410156 -93.91819763183594 1.5099999904632568  154.4068603515625 -94.01325225830078 1.5099999904632568
T Nodo051  154.28927612304688 -93.99040222167969 1.5099999904632568  154.4068603515625 -94.01325225830078 1.5099999904632568  154.32803344726562 -94.09427642822266 1.5099999904632568
T Nodo051  154.36146545410156 -93.91819763183594 1.5099999904632568  154.4479217529297 -93.83174896240234 1.5099999904632568  154.4857635498047 -93.9340591430664 1.5099999904632568
T Nodo051  154.36146545410156 -93.91819763183594 1.5099999904632568  154.4857635498047 -93.9340591430664 1.5099999904632568  154.4068603515625 -94.01325225830078 1.5099999904632568
T Nodo051  154.4479217529297 -93.83174896240234 1.5099999904632568  154.52581787109375 -93.75385284423828 1.5099999904632568  154.56434631347656 -93.85540008544922 1.5099999904632568
T Nodo051  154.4479217529297 -93.83174896240234 1.5099999904632568  154.56434631347656 -93.85540008544922 1.5099999904632568  154.4857635498047 -93.9340591430664 1.5099999904632568
T Nodo051  154.52581787109375 -93.75385284423828 1.5099999904632568  154.61036682128906 -93.66929626464844 1.5099999904632568  154.64500427246094 -93.77471160888672 1.5099999904632568
T Nodo051  154.61036682128906 -93.66929626464844 1.5099999904632568  154.6968231201172 -93.58284759521484 1.5099999904632568  154.72535705566406 -93.69439697265625 1.5099999904632568
T Nodo051  154.61036682128906 -93.66929626464844 1.5099999904632568  154.72535705566406 -93.69439697265625 1.5099999904632568  154.64500427246094 -93.77471160888672 1.5099999904632568
T Nodo051  154.6968231201172 -93.58284759521484 1.5099999904632568  154.76901245117188 -93.51065063476562 1.5099999904632568  154.8035888671875 -93.61604309082031 1.5099999904632568
T Nodo051  154.76901245117188 -93.51065063476562 1.5099999904632568  154.85926818847656 -93.42040252685547 1.5099999904632568  154.88307189941406 -93.53641510009766 1.5099999904632568
T Nodo051  154.76901245117188 -93.51065063476562 1.5099999904632568  154.88307189941406 -93.53641510009766 1.5099999904632568  154.8035888671875 -93.61604309082031 1.5099999904632568
T Nodo051  154.85926818847656 -93.42040252685547 1.5099999904632568  154.9457244873047 -93.33394622802734 1.5099999904632568  154.96841430664062 -93.44905090332031 1.5099999904632568
T Nodo051  154.85926818847656 -93.42040252685547 1.5099999904632568  154.96841430664062 -93.44905090332031 1.5099999904632568  154.88307189941406 -93.53641510009766 1.5099999904632568
T Nodo051  154.9457244873047 -93.33394622802734 1.5099999904632568  155.01031494140625 -93.26934814453125 1.5099999904632568  155.0519561767578 -93.34949493408203 1.5099999904632568
T Nodo051  154.9457244873047 -93.33394622802734 1.5099999904632568  155.0519561767578 -93.34949493408203 1.5099999904632568  154.96841430664062 -93.44905090332031 1.5099999904632568
T Nodo051  155.01031494140625 -93.26934814453125 1.5099999904632568  155.04832458496094 -93.23135375976562 1.5099999904632568  155.06195068359375 -93.27446746826172 1.5099999904632568
T Nodo051  155.06732177734375 -93.21234893798828 1.5099999904632568  155.0796661376953 -93.19999694824219 1.5099999904632568  155.08740234375 -93.21774291992188 1.5099999904632568
T Nodo051  150.80250549316406 -94.1500015258789 1.5099999904632568  150.90232849121094 -94.1500015258789 1.5099999904632568  150.84727478027344 -94.25420379638672 1.5099999904632568
T Nodo051  150.90232849121094 -94.1500015258789 1.5099999904632568  151.00213623046875 -94.1500015258789 1.5099999904632568  150.95970153808594 -94.24862670898438 1.5099999904632568
T Nodo051  150.90232849121094 -94.1500015258789 1.5099999904632568  150.95970153808594 -94.24862670898438 1.5099999904632568  150.84727478027344 -94.25420379638672 1.5099999904632568
T Nodo051  151.00213623046875 -94.1500015258789 1.5099999904632568  151.10195922851562 -94.1500015258789 1.5099999904632568  151.06338500976562 -94.22844696044922 1.5099999904632568
T Nodo051  151.00213623046875 -94.1500015258789 1.5099999904632568  151.06338500976562 -94.22844696044922 1.5099999904632568  150.95970153808594 -94.24862670898438 1.5099999904632568
T Nodo051  151.10195922851562 -94.1500015258789 1.5099999904632568  151.20176696777344 -94.1500015258789 1.5099999904632568  151.16531372070312 -94.24402618408203 1.5099999904632568
T Nodo051  151.10195922851562 -94.1500015258789 1.5099999904632568  151.16531372070312 -94.24402618408203 1.5099999904632568  151.06338500976562 -94.22844696044922 1.5099999904632568
T Nodo051  151.20176696777344 -94.1500015258789 1.5099999904632568  151.3015899658203 -94.1500015258789 1.5099999904632568  151.268798828125 -94.2271957397461 1.5099999904632568
T Nodo051  151.20176696777344 -94.1500015258789 1.5099999904632568  151.268798828125 -94.2271957397461 1.5099999904632568  151.16531372070312 -94.24402618408203 1.5099999904632568
T Nodo051  151.3015899658203 -94.1500015258789 1.5099999904632568  151.41470336914062 -94.1500015258789 1.5099999904632568  151.37535095214844 -94.24246215820312 1.5099999904632568
T Nodo051  151.3015899658203 -94.1500015258789 1.5099999904632568  151.37535095214844 -94.24246215820312 1.5099999904632568  151.268798828125 -94.2271957397461 1.5099999904632568
T Nodo051  151.41470336914062 -94.1500015258789 1.5099999904632568  151.53448486328125 -94.1500015258789 1.5099999904632568  151.48199462890625 -94.22213745117188 1.5099999904632568
T Nodo051  151.53448486328125 -94.1500015258789 1.5099999904632568  151.63430786132812 -94.1500015258789 1.5099999904632568  151.5705108642578 -94.22151184082031 1.5099999904632568
T Nodo051  151.53448486328125 -94.1500015258789 1.5099999904632568  151.5705108642578 -94.22151184082031 1.5099999904632568  151.48199462890625 -94.22213745117188 1.5099999904632568
T Nodo051  151.63430786132812 -94.1500015258789 1.5099999904632568  151.73411560058594 -94.1500015258789 1.5099999904632568  151.66952514648438 -94.24246215820312 1.5099999904632568
T Nodo051  151.63430786132812 -94.1500015258789 1.5099999904632568  151.66952514648438 -94.24246215820312 1.5099999904632568  151.5705108642578 -94.22151184082031 1.5099999904632568
T Nodo051  151.73411560058594 -94.1500015258789 1.5099999904632568  151.8339385986328 -94.1500015258789 1.5099999904632568  151.77032470703125 -94.22673797607422 1.5099999904632568
T Nodo051  151.73411560058594 -94.1500015258789 1.5099999904632568  151.77032470703125 -94.22673797607422 1.5099999904632568  151.66952514648438 -94.24246215820312 1.5099999904632568
T Nodo051  151.8339385986328 -94.1500015258789 1.5099999904632568  151.93374633789062 -94.1500015258789 1.5099999904632568  151.87254333496094 -94.24369812011719 1.5099999904632568
T Nodo051  151.8339385986328 -94.1500015258789 1.5099999904632568  151.87254333496094 -94.24369812011719 1.5099999904632568  151.77032470703125 -94.22673797607422 1.5099999904632568
T Nodo051  151.93374633789062 -94.1500015258789 1.5099999904632568  152.03355407714844 -94.1500015258789 1.5099999904632568  151.97381591796875 -94.22735595703125 1.5099999904632568
T Nodo051  151.93374633789062 -94.1500015258789 1.5099999904632568  151.97381591796875 -94.22735595703125 1.5099999904632568  151.87254333496094 -94.24369812011719 1.5099999904632568
T Nodo051  152.03355407714844 -94.1500015258789 1.5099999904632568  152.1333770751953 -94.1500015258789 1.5099999904632568  152.07620239257812 -94.24383544921875 1.5099999904632568
T Nodo051  152.03355407714844 -94.1500015258789 1.5099999904632568  152.07620239257812 -94.24383544921875 1.5099999904632568  151.97381591796875 -94.22735595703125 1.5099999904632568
T Nodo051  152.1333770751953 -94.1500015258789 1.5099999904632568  152.23318481445312 -94.1500015258789 1.5099999904632568  152.1781463623047 -94.22787475585938 1.5099999904632568
T Nodo051  152.1333770751953 -94.1500015258789 1.5099999904632568  152.1781463623047 -94.22787475585938 1.5099999904632568  152.07620239257812 -94.24383544921875 1.5099999904632568
T Nodo051  152.23318481445312 -94.1500015258789 1.5099999904632568  152.33633422851562 -94.1500015258789 1.5099999904632568  152.2831268310547 -94.2441177368164 1.5099999904632568
T Nodo051  152.33633422851562 -94.1500015258789 1.5099999904632568  152.46942138671875 -94.1500015258789 1.5099999904632568  152.39378356933594 -94.22876739501953 1.5099999904632568
T Nodo051  152.33633422851562 -94.1500015258789 1.5099999904632568  152.39378356933594 -94.22876739501953 1.5099999904632568  152.2831268310547 -94.2441177368164 1.5099999904632568
T Nodo051  152.46942138671875 -94.1500015258789 1.5099999904632568  152.56922912597656 -94.1500015258789 1.5099999904632568  152.5063934326172 -94.24376678466797 1.5099999904632568
T Nodo051  152.46942138671875 -94.1500015258789 1.5099999904632568  152.5063934326172 -94.24376678466797 1.5099999904632568  152.39378356933594 -94.22876739501953 1.5099999904632568
T Nodo051  152.56922912597656 -94.1500015258789 1.5099999904632568  152.66905212402344 -94.1500015258789 1.5099999904632568  152.61019897460938 -94.2276840209961 1.5099999904632568
T Nodo051  152.56922912597656 -94.1500015258789 1.5099999904632568  152.61019897460938 -94.2276840209961 1.5099999904632568  152.5063934326172 -94.24376678466797 1.5099999904632568
T Nodo051  152.66905212402344 -94.1500015258789 1.5099999904632568  152.76885986328125 -94.1500015258789 1.5099999904632568  152.71290588378906 -94.2437973022461 1.5099999904632568
T Nodo051  152.66905212402344 -94.1500015258789 1.5099999904632568  152.71290588378906 -94.2437973022461 1.5099999904632568  152.61019897460938 -94.2276840209961 1.5099999904632568
T Nodo051  152.76885986328125 -94.1500015258789 1.5099999904632568  152.86868286132812 -94.1500015258789 1.5099999904632568  152.81434631347656 -94.2276382446289 1.5099999904632568
T Nodo051  152.76885986328125 -94.1500015258789 1.5099999904632568  152.81434631347656 -94.2276382446289 1.5099999904632568  152.71290588378906 -94.2437973022461 1.5099999904632568
T Nodo051  152.86868286132812 -94.1500015258789 1.5099999904632568  152.9651641845703 -94.1500015258789 1.5099999904632568  152.9156494140625 -94.24394989013672 1.5099999904632568
T Nodo051  152.86868286132812 -94.1500015258789 1.5099999904632568  152.9156494140625 -94.24394989013672 1.5099999904632568  152.81434631347656 -94.2276382446289 1.5099999904632568
T Nodo051  152.9651641845703 -94.1500015258789 1.5099999904632568  153.06497192382812 -94.1500015258789 1.5099999904632568  153.0175323486328 -94.22856140136719 1.5099999904632568
T Nodo051  152.9651641845703 -94.1500015258789 1.5099999904632568  153.0175323486328 -94.22856140136719 1.5099999904632568  152.9156494140625 -94.24394989013672 1.5099999904632568
T Nodo051  153.06497192382812 -94.1500015258789 1.5099999904632568  153.164794921875 -94.1500015258789 1.5099999904632568  153.12437438964844 -94.24635314941406 1.5099999904632568
T Nodo051  153.06497192382812 -94.1500015258789 1.5099999904632568  153.12437438964844 -94.24635314941406 1.5099999904632568  153.0175323486328 -94.22856140136719 1.5099999904632568
T Nodo051  153.164794921875 -94.1500015258789 1.5099999904632568  153.30120849609375 -94.1500015258789 1.5099999904632568  153.26040649414062 -94.24568176269531 1.5099999904632568
T Nodo051  153.164794921875 -94.1500015258789 1.5099999904632568  153.26040649414062 -94.24568176269531 1.5099999904632568  153.12437438964844 -94.24635314941406 1.5099999904632568
T Nodo051  153.30120849609375 -94.1500015258789 1.5099999904632568  153.40101623535156 -94.1500015258789 1.5099999904632568  153.36585998535156 -94.22735595703125 1.5099999904632568
T Nodo051  153.30120849609375 -94.1500015258789 1.5099999904632568  153.36585998535156 -94.22735595703125 1.5099999904632568  153.26040649414062 -94.24568176269531 1.5099999904632568
T Nodo051  153.40101623535156 -94.1500015258789 1.5099999904632568  153.50083923339844 -94.1500015258789 1.5099999904632568  153.4674835205078 -94.24349212646484 1.5099999904632568
T Nodo051  153.40101623535156 -94.1500015258789 1.5099999904632568  153.4674835205078 -94.24349212646484 1.5099999904632568  153.36585998535156 -94.22735595703125 1.5099999904632568
T Nodo051  153.50083923339844 -94.1500015258789 1.5099999904632568  153.60064697265625 -94.1500015258789 1.5099999904632568  153.56869506835938 -94.22637939453125 1.5099999904632568
T Nodo051  153.50083923339844 -94.1500015258789 1.5099999904632568  153.56869506835938 -94.22637939453125 1.5099999904632568  153.4674835205078 -94.24349212646484 1.5099999904632568
T Nodo051  153.60064697265625 -94.1500015258789 1.5099999904632568  153.70046997070312 -94.1500015258789 1.5099999904632568  153.669921875 -94.24364471435547 1.5099999904632568
T Nodo051  153.60064697265625 -94.1500015258789 1.5099999904632568  153.669921875 -94.24364471435547 1.5099999904632568  153.56869506835938 -94.22637939453125 1.5099999904632568
T Nodo051  153.70046997070312 -94.1500015258789 1.5099999904632568  153.80027770996094 -94.1500015258789 1.5099999904632568  153.77157592773438 -94.2258529663086 1.5099999904632568
T Nodo051  153.70046997070312 -94.1500015258789 1.5099999904632568  153.77157592773438 -94.2258529663086 1.5099999904632568  153.669921875 -94.24364471435547 1.5099999904632568
T Nodo051  153.80027770996094 -94.1500015258789 1.5099999904632568  153.9001007080078 -94.1500015258789 1.5099999904632568  153.87303161621094 -94.24327087402344 1.5099999904632568
T Nodo051  153.80027770996094 -94.1500015258789 1.5099999904632568  153.87303161621094 -94.24327087402344 1.5099999904632568  153.77157592773438 -94.2258529663086 1.5099999904632568
T Nodo051  153.9001007080078 -94.1500015258789 1.5099999904632568  153.99990844726562 -94.1500015258789 1.5099999904632568  153.97360229492188 -94.2265853881836 1.5099999904632568
T Nodo051  153.9001007080078 -94.1500015258789 1.5099999904632568  153.97360229492188 -94.2265853881836 1.5099999904632568  153.87303161621094 -94.24327087402344 1.5099999904632568
T Nodo051  153.99990844726562 -94.1500015258789 1.5099999904632568  154.12966918945312 -94.1500015258789 1.5099999904632568  154.07882690429688 -94.24891662597656 1.5099999904632568
T Nodo051  153.99990844726562 -94.1500015258789 1.5099999904632568  154.07882690429688 -94.24891662597656 1.5099999904632568  153.97360229492188 -94.2265853881836 1.5099999904632568
T Nodo051  150.36090087890625 -93.70960998535156 1.5099999904632568  150.38784790039062 -93.7364730834961 1.5099999904632568  150.3553924560547 -93.74361419677734 1.5099999904632568
T Nodo051  150.4439239501953 -93.79240417480469 1.5099999904632568  150.516357421875 -93.86463165283203 1.5099999904632568  150.4040069580078 -93.8984146118164 1.5099999904632568
T Nodo051  150.516357421875 -93.86463165283203 1.5099999904632568  150.58656311035156 -93.93464660644531 1.5099999904632568  150.4928741455078 -93.97586822509766 1.5099999904632568
T Nodo051  150.516357421875 -93.86463165283203 1.5099999904632568  150.4928741455078 -93.97586822509766 1.5099999904632568  150.4040069580078 -93.8984146118164 1.5099999904632568
T Nodo051  150.58656311035156 -93.93464660644531 1.5099999904632568  150.66075134277344 -94.00863647460938 1.5099999904632568  150.5697021484375 -94.03045654296875 1.5099999904632568
T Nodo051  150.58656311035156 -93.93464660644531 1.5099999904632568  150.5697021484375 -94.03045654296875 1.5099999904632568  150.4928741455078 -93.97586822509766 1.5099999904632568
T Nodo051  150.66075134277344 -94.00863647460938 1.5099999904632568  150.728759765625 -94.07645416259766 1.5099999904632568  150.62008666992188 -94.11918640136719 1.5099999904632568
T Nodo051  150.66075134277344 -94.00863647460938 1.5099999904632568  150.62008666992188 -94.11918640136719 1.5099999904632568  150.5697021484375 -94.03045654296875 1.5099999904632568
T Nodo051  150.728759765625 -94.07645416259766 1.5099999904632568  150.80250549316406 -94.1500015258789 1.5099999904632568  150.69985961914062 -94.1953353881836 1.5099999904632568
T Nodo051  150.728759765625 -94.07645416259766 1.5099999904632568  150.69985961914062 -94.1953353881836 1.5099999904632568  150.62008666992188 -94.11918640136719 1.5099999904632568
T Nodo051  150.36109924316406 -93.25270080566406 1.5099999904632568  150.36109924316406 -93.48400115966797 1.5099999904632568  150.17410278320312 -93.40723419189453 1.5099999904632568
T Nodo051  150.36109924316406 -93.48400115966797 1.5099999904632568  150.36109924316406 -93.59919738769531 1.5099999904632568  150.26600646972656 -93.55117797851562 1.5099999904632568
T Nodo051  150.36109924316406 -93.59919738769531 1.5099999904632568  150.36109924316406 -93.66220092773438 1.5099999904632568  150.29800415039062 -93.6346206665039 1.5099999904632568
T Nodo051  150.36109924316406 -93.59919738769531 1.5099999904632568  150.29800415039062 -93.6346206665039 1.5099999904632568  150.26600646972656 -93.55117797851562 1.5099999904632568
T Nodo051  150.11109924316406 -92.55000305175781 1.5099999904632568  150.28787231445312 -92.62322235107422 1.5099999904632568  150.1616973876953 -92.77366638183594 1.5099999904632568
T Nodo051  150.28787231445312 -92.62322235107422 1.5099999904632568  150.36109924316406 -92.80000305175781 1.5099999904632568  150.1616973876953 -92.77366638183594 1.5099999904632568
T Nodo051  149.4110870361328 -92.55000305175781 1.5099999904632568  149.76739501953125 -92.55000305175781 1.5099999904632568  149.5985870361328 -92.95494842529297 1.5099999904632568
T Nodo051  149.76739501953125 -92.55000305175781 1.5099999904632568  150.11109924316406 -92.55000305175781 1.5099999904632568  149.92039489746094 -92.84683990478516 1.5099999904632568
T Nodo051  149.5985870361328 -92.95494842529297 1.5099999904632568  149.76739501953125 -92.55000305175781 1.5099999904632568  149.92039489746094 -92.84683990478516 1.5099999904632568
T Nodo051  150.11109924316406 -92.55000305175781 1.5099999904632568  150.1616973876953 -92.77366638183594 1.5099999904632568  149.92039489746094 -92.84683990478516 1.5099999904632568
T Nodo051  149.23458862304688 -92.6229476928711 1.5099999904632568  149.4110870361328 -92.55000305175781 1.5099999904632568  149.35006713867188 -92.824951171875 1.5099999904632568
T Nodo051  149.1610870361328 -92.80000305175781 1.5099999904632568  149.23458862304688 -92.6229476928711 1.5099999904632568  149.35006713867188 -92.824951171875 1.5099999904632568
T Nodo051  149.4110870361328 -92.55000305175781 1.5099999904632568  149.5985870361328 -92.95494842529297 1.5099999904632568  149.35006713867188 -92.824951171875 1.5099999904632568
T Nodo051  149.1610870361328 -93.69999694824219 1.5099999904632568  149.1610870361328 -93.2886962890625 1.5099999904632568  149.45901489257812 -93.49620056152344 1.5099999904632568
T Nodo051  149.23403930664062 -93.87649536132812 1.5099999904632568  149.1610870361328 -93.69999694824219 1.5099999904632568  149.4177703857422 -93.78047943115234 1.5099999904632568
T Nodo051  149.4110870361328 -93.94999694824219 1.5099999904632568  149.23403930664062 -93.87649536132812 1.5099999904632568  149.4177703857422 -93.78047943115234 1.5099999904632568
T Nodo051  149.1610870361328 -93.69999694824219 1.5099999904632568  149.45901489257812 -93.49620056152344 1.5099999904632568  149.4177703857422 -93.78047943115234 1.5099999904632568
T Nodo051  155.06349182128906 -93.16476440429688 1.5099999904632568  155.08103942871094 -93.17267608642578 1.5099999904632568  155.06875610351562 -93.17870330810547 1.5099999904632568
T Nodo051  149.5767822265625 -93.94999694824219 1.5099999904632568  149.4110870361328 -93.94999694824219 1.5099999904632568  149.4177703857422 -93.78047943115234 1.5099999904632568
T Nodo051  149.6614532470703 -95.5 1.5099999904632568  149.66152954101562 -95.39769744873047 1.5099999904632568  149.76431274414062 -95.44981384277344 1.5099999904632568
T Nodo051  149.66152954101562 -95.39769744873047 1.5099999904632568  149.66160583496094 -95.28455352783203 1.5099999904632568  149.76190185546875 -95.34100341796875 1.5099999904632568
T Nodo051  149.66152954101562 -95.39769744873047 1.5099999904632568  149.76190185546875 -95.34100341796875 1.5099999904632568  149.76431274414062 -95.44981384277344 1.5099999904632568
T Nodo051  149.66160583496094 -95.28455352783203 1.5099999904632568  149.66168212890625 -95.16055297851562 1.5099999904632568  149.76145935058594 -95.2259292602539 1.5099999904632568
T Nodo051  149.66168212890625 -95.16055297851562 1.5099999904632568  149.66175842285156 -95.05979919433594 1.5099999904632568  149.76141357421875 -95.1144790649414 1.5099999904632568
T Nodo051  149.66175842285156 -95.05979919433594 1.5099999904632568  149.6618194580078 -94.9574966430664 1.5099999904632568  149.76144409179688 -95.01119995117188 1.5099999904632568
T Nodo051  149.66175842285156 -95.05979919433594 1.5099999904632568  149.76144409179688 -95.01119995117188 1.5099999904632568  149.76141357421875 -95.1144790649414 1.5099999904632568
T Nodo051  149.6618194580078 -94.9574966430664 1.5099999904632568  149.66189575195312 -94.85675048828125 1.5099999904632568  149.761474609375 -94.90965270996094 1.5099999904632568
T Nodo051  149.6618194580078 -94.9574966430664 1.5099999904632568  149.761474609375 -94.90965270996094 1.5099999904632568  149.76144409179688 -95.01119995117188 1.5099999904632568
T Nodo051  149.66189575195312 -94.85675048828125 1.5099999904632568  149.66197204589844 -94.75599670410156 1.5099999904632568  149.76150512695312 -94.80866241455078 1.5099999904632568
T Nodo051  149.66189575195312 -94.85675048828125 1.5099999904632568  149.76150512695312 -94.80866241455078 1.5099999904632568  149.761474609375 -94.90965270996094 1.5099999904632568
T Nodo051  149.66197204589844 -94.75599670410156 1.5099999904632568  149.6620330810547 -94.6552505493164 1.5099999904632568  149.7615509033203 -94.70756530761719 1.5099999904632568
T Nodo051  149.66197204589844 -94.75599670410156 1.5099999904632568  149.7615509033203 -94.70756530761719 1.5099999904632568  149.76150512695312 -94.80866241455078 1.5099999904632568
T Nodo051  149.6620330810547 -94.6552505493164 1.5099999904632568  149.662109375 -94.55449676513672 1.5099999904632568  149.76158142089844 -94.60650634765625 1.5099999904632568
T Nodo051  149.6620330810547 -94.6552505493164 1.5099999904632568  149.76158142089844 -94.60650634765625 1.5099999904632568  149.7615509033203 -94.70756530761719 1.5099999904632568
T Nodo051  149.662109375 -94.55449676513672 1.5099999904632568  149.66217041015625 -94.45375061035156 1.5099999904632568  149.76161193847656 -94.50566864013672 1.5099999904632568
T Nodo051  149.662109375 -94.55449676513672 1.5099999904632568  149.76161193847656 -94.50566864013672 1.5099999904632568  149.76158142089844 -94.60650634765625 1.5099999904632568
T Nodo051  149.66217041015625 -94.45375061035156 1.5099999904632568  149.66224670410156 -94.35299682617188 1.5099999904632568  149.76165771484375 -94.40483093261719 1.5099999904632568
T Nodo051  149.66217041015625 -94.45375061035156 1.5099999904632568  149.76165771484375 -94.40483093261719 1.5099999904632568  149.76161193847656 -94.50566864013672 1.5099999904632568
T Nodo051  149.66224670410156 -94.35299682617188 1.5099999904632568  149.6623077392578 -94.25225067138672 1.5099999904632568  149.76170349121094 -94.30372619628906 1.5099999904632568
T Nodo051  149.66224670410156 -94.35299682617188 1.5099999904632568  149.76170349121094 -94.30372619628906 1.5099999904632568  149.76165771484375 -94.40483093261719 1.5099999904632568
T Nodo051  149.6623077392578 -94.25225067138672 1.5099999904632568  149.66238403320312 -94.15149688720703 1.5099999904632568  149.76177978515625 -94.20247650146484 1.5099999904632568
T Nodo051  149.6623077392578 -94.25225067138672 1.5099999904632568  149.76177978515625 -94.20247650146484 1.5099999904632568  149.76170349121094 -94.30372619628906 1.5099999904632568
T Nodo051  149.66238403320312 -94.15149688720703 1.5099999904632568  149.66244506835938 -94.05075073242188 1.5099999904632568  149.76205444335938 -94.10074615478516 1.5099999904632568
T Nodo051  149.66238403320312 -94.15149688720703 1.5099999904632568  149.76205444335938 -94.10074615478516 1.5099999904632568  149.76177978515625 -94.20247650146484 1.5099999904632568
T Nodo051  149.66244506835938 -94.05075073242188 1.5099999904632568  149.6625213623047 -93.94999694824219 1.5099999904632568  149.7632598876953 -93.9955062866211 1.5099999904632568
T Nodo051  149.66244506835938 -94.05075073242188 1.5099999904632568  149.7632598876953 -93.9955062866211 1.5099999904632568  149.76205444335938 -94.10074615478516 1.5099999904632568
T Nodo051  149.4110870361328 -95.5 1.5099999904632568  149.57858276367188 -95.5 1.5099999904632568  149.5144805908203 -95.59205627441406 1.5099999904632568
T Nodo051  149.2351531982422 -95.57239532470703 1.5099999904632568  149.4110870361328 -95.5 1.5099999904632568  149.40188598632812 -95.68317413330078 1.5099999904632568
T Nodo051  149.1610870361328 -95.75 1.5099999904632568  149.2351531982422 -95.57239532470703 1.5099999904632568  149.40188598632812 -95.68317413330078 1.5099999904632568
T Nodo051  149.4110870361328 -95.5 1.5099999904632568  149.5144805908203 -95.59205627441406 1.5099999904632568  149.40188598632812 -95.68317413330078 1.5099999904632568
T Nodo051  149.4110870361328 -96.9000015258789 1.5099999904632568  149.23403930664062 -96.82649993896484 1.5099999904632568  149.36134338378906 -96.70447540283203 1.5099999904632568
T Nodo051  149.23403930664062 -96.82649993896484 1.5099999904632568  149.1610870361328 -96.6500015258789 1.5099999904632568  149.36134338378906 -96.70447540283203 1.5099999904632568
T Nodo051  150.11109924316406 -96.9000015258789 1.5099999904632568  149.76669311523438 -96.9000015258789 1.5099999904632568  149.8363494873047 -96.48857116699219 1.5099999904632568
T Nodo051  149.76669311523438 -96.9000015258789 1.5099999904632568  149.4110870361328 -96.9000015258789 1.5099999904632568  149.5684814453125 -96.69247436523438 1.5099999904632568
T Nodo051  149.8363494873047 -96.48857116699219 1.5099999904632568  149.76669311523438 -96.9000015258789 1.5099999904632568  149.5684814453125 -96.69247436523438 1.5099999904632568
T Nodo051  149.4110870361328 -96.9000015258789 1.5099999904632568  149.36134338378906 -96.70447540283203 1.5099999904632568  149.5684814453125 -96.69247436523438 1.5099999904632568
T Nodo051  150.28787231445312 -96.82677459716797 1.5099999904632568  150.11109924316406 -96.9000015258789 1.5099999904632568  150.15350341796875 -96.61518096923828 1.5099999904632568
T Nodo051  150.36109924316406 -96.6500015258789 1.5099999904632568  150.28787231445312 -96.82677459716797 1.5099999904632568  150.15350341796875 -96.61518096923828 1.5099999904632568
T Nodo051  150.11109924316406 -96.9000015258789 1.5099999904632568  149.8363494873047 -96.48857116699219 1.5099999904632568  150.15350341796875 -96.61518096923828 1.5099999904632568
T Nodo051  150.36109924316406 -95.75 1.5099999904632568  150.36109924316406 -96.1270980834961 1.5099999904632568  149.99392700195312 -95.96745300292969 1.5099999904632568
T Nodo051  150.28787231445312 -95.5732192993164 1.5099999904632568  150.36109924316406 -95.75 1.5099999904632568  150.0459442138672 -95.67131805419922 1.5099999904632568
T Nodo051  150.11109924316406 -95.5 1.5099999904632568  150.28787231445312 -95.5732192993164 1.5099999904632568  150.0459442138672 -95.67131805419922 1.5099999904632568
T Nodo051  150.36109924316406 -95.75 1.5099999904632568  149.99392700195312 -95.96745300292969 1.5099999904632568  150.0459442138672 -95.67131805419922 1.5099999904632568
T Nodo051  149.86109924316406 -95.5 1.5099999904632568  149.9493408203125 -95.5 1.5099999904632568  149.88577270507812 -95.59397888183594 1.5099999904632568
T Nodo051  149.9493408203125 -95.5 1.5099999904632568  150.11109924316406 -95.5 1.5099999904632568  150.0459442138672 -95.67131805419922 1.5099999904632568
T Nodo051  149.86109924316406 -93.94999694824219 1.5099999904632568  149.86109924316406 -94.05229949951172 1.5099999904632568  149.7632598876953 -93.9955062866211 1.5099999904632568
T Nodo051  149.86109924316406 -94.05229949951172 1.5099999904632568  149.86109924316406 -94.1530532836914 1.5099999904632568  149.76205444335938 -94.10074615478516 1.5099999904632568
T Nodo051  149.86109924316406 -94.1530532836914 1.5099999904632568  149.86109924316406 -94.25379943847656 1.5099999904632568  149.76177978515625 -94.20247650146484 1.5099999904632568
T Nodo051  149.86109924316406 -94.25379943847656 1.5099999904632568  149.86109924316406 -94.3561019897461 1.5099999904632568  149.76170349121094 -94.30372619628906 1.5099999904632568
T Nodo051  149.86109924316406 -94.3561019897461 1.5099999904632568  149.86109924316406 -94.45684814453125 1.5099999904632568  149.76165771484375 -94.40483093261719 1.5099999904632568
T Nodo051  149.86109924316406 -94.45684814453125 1.5099999904632568  149.86109924316406 -94.55760192871094 1.5099999904632568  149.76161193847656 -94.50566864013672 1.5099999904632568
T Nodo051  149.86109924316406 -94.55760192871094 1.5099999904632568  149.86109924316406 -94.6583480834961 1.5099999904632568  149.76158142089844 -94.60650634765625 1.5099999904632568
T Nodo051  149.86109924316406 -94.6583480834961 1.5099999904632568  149.86109924316406 -94.76065063476562 1.5099999904632568  149.7615509033203 -94.70756530761719 1.5099999904632568
T Nodo051  149.86109924316406 -94.76065063476562 1.5099999904632568  149.86109924316406 -94.86139678955078 1.5099999904632568  149.76150512695312 -94.80866241455078 1.5099999904632568
T Nodo051  149.86109924316406 -94.86139678955078 1.5099999904632568  149.86109924316406 -94.96215057373047 1.5099999904632568  149.761474609375 -94.90965270996094 1.5099999904632568
T Nodo051  149.86109924316406 -94.96215057373047 1.5099999904632568  149.86109924316406 -95.06289672851562 1.5099999904632568  149.76144409179688 -95.01119995117188 1.5099999904632568
T Nodo051  149.86109924316406 -95.06289672851562 1.5099999904632568  149.86109924316406 -95.16519927978516 1.5099999904632568  149.76141357421875 -95.1144790649414 1.5099999904632568
T Nodo051  149.86109924316406 -95.16519927978516 1.5099999904632568  149.86109924316406 -95.28919982910156 1.5099999904632568  149.76145935058594 -95.2259292602539 1.5099999904632568
T Nodo051  149.86109924316406 -95.28919982910156 1.5099999904632568  149.86109924316406 -95.39924621582031 1.5099999904632568  149.76190185546875 -95.34100341796875 1.5099999904632568
T Nodo051  149.86109924316406 -95.39924621582031 1.5099999904632568  149.86109924316406 -95.5 1.5099999904632568  149.76431274414062 -95.44981384277344 1.5099999904632568
T Nodo051  150.11109924316406 -93.94999694824219 1.5099999904632568  149.94784545898438 -93.94999694824219 1.5099999904632568  150.13624572753906 -93.67398834228516 1.5099999904632568
T Nodo051  150.70553588867188 -94.33314514160156 1.5099999904632568  150.62039184570312 -94.24828338623047 1.5099999904632568  150.69985961914062 -94.1953353881836 1.5099999904632568
T Nodo051  150.62039184570312 -94.24828338623047 1.5099999904632568  150.55325317382812 -94.18135070800781 1.5099999904632568  150.62008666992188 -94.11918640136719 1.5099999904632568
T Nodo051  150.55325317382812 -94.18135070800781 1.5099999904632568  150.48609924316406 -94.11441802978516 1.5099999904632568  150.62008666992188 -94.11918640136719 1.5099999904632568
T Nodo051  150.48609924316406 -94.11441802978516 1.5099999904632568  150.4009552001953 -94.02955627441406 1.5099999904632568  150.4928741455078 -93.97586822509766 1.5099999904632568
T Nodo051  150.4009552001953 -94.02955627441406 1.5099999904632568  150.3338165283203 -93.9626235961914 1.5099999904632568  150.4040069580078 -93.8984146118164 1.5099999904632568
T Nodo051  150.3338165283203 -93.9626235961914 1.5099999904632568  150.26666259765625 -93.89569091796875 1.5099999904632568  150.4040069580078 -93.8984146118164 1.5099999904632568
T Nodo051  154.1905975341797 -94.34807586669922 1.5099999904632568  154.03195190429688 -94.34807586669922 1.5099999904632568  154.07882690429688 -94.24891662597656 1.5099999904632568
T Nodo051  154.03195190429688 -94.34807586669922 1.5099999904632568  153.82846069335938 -94.34807586669922 1.5099999904632568  153.87303161621094 -94.24327087402344 1.5099999904632568
T Nodo051  153.82846069335938 -94.34807586669922 1.5099999904632568  153.61460876464844 -94.34807586669922 1.5099999904632568  153.669921875 -94.24364471435547 1.5099999904632568
T Nodo051  153.61460876464844 -94.34807586669922 1.5099999904632568  153.4076690673828 -94.34807586669922 1.5099999904632568  153.4674835205078 -94.24349212646484 1.5099999904632568
T Nodo051  153.4076690673828 -94.34807586669922 1.5099999904632568  153.2317657470703 -94.34807586669922 1.5099999904632568  153.26040649414062 -94.24568176269531 1.5099999904632568
T Nodo051  153.01792907714844 -94.34807586669922 1.5099999904632568  152.80409240722656 -94.34807586669922 1.5099999904632568  152.9156494140625 -94.24394989013672 1.5099999904632568
T Nodo051  152.80409240722656 -94.34807586669922 1.5099999904632568  152.5902557373047 -94.34807586669922 1.5099999904632568  152.71290588378906 -94.2437973022461 1.5099999904632568
T Nodo051  152.5902557373047 -94.34807586669922 1.5099999904632568  152.3764190673828 -94.34807586669922 1.5099999904632568  152.5063934326172 -94.24376678466797 1.5099999904632568
T Nodo051  152.3764190673828 -94.34807586669922 1.5099999904632568  152.16258239746094 -94.34807586669922 1.5099999904632568  152.2831268310547 -94.2441177368164 1.5099999904632568
T Nodo051  152.16258239746094 -94.34807586669922 1.5099999904632568  151.94874572753906 -94.34807586669922 1.5099999904632568  152.07620239257812 -94.24383544921875 1.5099999904632568
T Nodo051  151.94874572753906 -94.34807586669922 1.5099999904632568  151.73489379882812 -94.34807586669922 1.5099999904632568  151.87254333496094 -94.24369812011719 1.5099999904632568
T Nodo051  151.73489379882812 -94.34807586669922 1.5099999904632568  151.52105712890625 -94.34807586669922 1.5099999904632568  151.66952514648438 -94.24246215820312 1.5099999904632568
T Nodo051  151.52105712890625 -94.34807586669922 1.5099999904632568  151.30722045898438 -94.34807586669922 1.5099999904632568  151.37535095214844 -94.24246215820312 1.5099999904632568
T Nodo051  151.30722045898438 -94.34807586669922 1.5099999904632568  151.0933837890625 -94.34807586669922 1.5099999904632568  151.16531372070312 -94.24402618408203 1.5099999904632568
T Nodo051  151.0933837890625 -94.34807586669922 1.5099999904632568  150.87954711914062 -94.34807586669922 1.5099999904632568  150.95970153808594 -94.24862670898438 1.5099999904632568
T Nodo051  155.3042449951172 -93.25555419921875 1.5099999904632568  155.2352752685547 -93.32452392578125 1.5099999904632568  155.2117462158203 -93.23823547363281 1.5099999904632568
T Nodo051  155.16415405273438 -93.39564514160156 1.5099999904632568  155.08226013183594 -93.4775390625 1.5099999904632568  155.0519561767578 -93.34949493408203 1.5099999904632568
T Nodo051  154.9852752685547 -93.57452392578125 1.5099999904632568  154.91415405273438 -93.64564514160156 1.5099999904632568  154.88307189941406 -93.53641510009766 1.5099999904632568
T Nodo051  154.91415405273438 -93.64564514160156 1.5099999904632568  154.8333282470703 -93.7264633178711 1.5099999904632568  154.8035888671875 -93.61604309082031 1.5099999904632568
T Nodo051  154.8333282470703 -93.7264633178711 1.5099999904632568  154.76220703125 -93.7975845336914 1.5099999904632568  154.72535705566406 -93.69439697265625 1.5099999904632568
T Nodo051  154.76220703125 -93.7975845336914 1.5099999904632568  154.681396484375 -93.87840270996094 1.5099999904632568  154.64500427246094 -93.77471160888672 1.5099999904632568
T Nodo051  154.681396484375 -93.87840270996094 1.5099999904632568  154.60057067871094 -93.95922088623047 1.5099999904632568  154.56434631347656 -93.85540008544922 1.5099999904632568
T Nodo051  154.60057067871094 -93.95922088623047 1.5099999904632568  154.52944946289062 -94.03034210205078 1.5099999904632568  154.4857635498047 -93.9340591430664 1.5099999904632568
T Nodo051  154.52944946289062 -94.03034210205078 1.5099999904632568  154.44970703125 -94.1100845336914 1.5099999904632568  154.4068603515625 -94.01325225830078 1.5099999904632568
T Nodo051  154.44970703125 -94.1100845336914 1.5099999904632568  154.3721160888672 -94.18767547607422 1.5099999904632568  154.32803344726562 -94.09427642822266 1.5099999904632568
T Nodo051  154.3721160888672 -94.18767547607422 1.5099999904632568  154.2977752685547 -94.26202392578125 1.5099999904632568  154.2465362548828 -94.19115447998047 1.5099999904632568
T Nodo051  154.2977752685547 -94.26202392578125 1.5099999904632568  154.22665405273438 -94.33314514160156 1.5099999904632568  154.2465362548828 -94.19115447998047 1.5099999904632568
T Nodo051  155.37109375 -93.19999694824219 1.5099999904632568  155.3191680908203 -93.19999694824219 1.5099999904632568  155.3216552734375 -93.13287353515625 1.5099999904632568
T Nodo051  155.46469116210938 -93.1672134399414 1.5099999904632568  155.37109375 -93.19999694824219 1.5099999904632568  155.3216552734375 -93.13287353515625 1.5099999904632568
T Nodo051  155.52108764648438 -91.4000015258789 1.5099999904632568  155.52108764648438 -91.58480072021484 1.5099999904632568  155.34703063964844 -91.5540771484375 1.5099999904632568
T Nodo051  155.52108764648438 -91.58480072021484 1.5099999904632568  155.52108764648438 -91.88674926757812 1.5099999904632568  155.34703063964844 -91.5540771484375 1.5099999904632568
T Nodo051  155.0424346923828 -93.12390899658203 1.5099999904632568  155.0835723876953 -93.15138244628906 1.5099999904632568  155.06349182128906 -93.16476440429688 1.5099999904632568
T Nodo051  155.47930908203125 -91.2961196899414 1.5099999904632568  155.52108764648438 -91.4000015258789 1.5099999904632568  155.3526153564453 -91.37092590332031 1.5099999904632568
T Nodo051  155.37109375 -91.25 1.5099999904632568  155.47930908203125 -91.2961196899414 1.5099999904632568  155.3526153564453 -91.37092590332031 1.5099999904632568
T Nodo051  155.52108764648438 -91.4000015258789 1.5099999904632568  155.34703063964844 -91.5540771484375 1.5099999904632568  155.3526153564453 -91.37092590332031 1.5099999904632568
T Nodo051  155.0710906982422 -91.25 1.5099999904632568  155.2285919189453 -91.25 1.5099999904632568  155.14588928222656 -91.43875885009766 1.5099999904632568
T Nodo051  155.2285919189453 -91.25 1.5099999904632568  155.37109375 -91.25 1.5099999904632568  155.3526153564453 -91.37092590332031 1.5099999904632568
T Nodo051  154.9210968017578 -92.8718032836914 1.5099999904632568  154.9210968017578 -92.50385284423828 1.5099999904632568  155.20639038085938 -92.74394989013672 1.5099999904632568
T Nodo051  154.9210968017578 -91.57655334472656 1.5099999904632568  155.14588928222656 -91.43875885009766 1.5099999904632568  155.15399169921875 -91.6732406616211 1.5099999904632568
T Nodo051  154.9210968017578 -91.57655334472656 1.5099999904632568  155.15399169921875 -91.6732406616211 1.5099999904632568  154.9210968017578 -91.88839721679688 1.5099999904632568
T Nodo051  155.04136657714844 -93.197021484375 1.5099999904632568  155.01609802246094 -93.1895523071289 1.5099999904632568  155.04379272460938 -93.175537109375 1.5099999904632568
T Nodo051  154.9668731689453 -93.15788269042969 1.5099999904632568  154.9210968017578 -93.05000305175781 1.5099999904632568  155.0424346923828 -93.12390899658203 1.5099999904632568
T Nodo051  155.0796661376953 -93.19999694824219 1.5099999904632568  155.0710906982422 -93.19999694824219 1.5099999904632568  155.0760498046875 -93.1880874633789 1.5099999904632568
T Nodo051  155.0710906982422 -93.19999694824219 1.5099999904632568  155.0636749267578 -93.18885803222656 1.5099999904632568  155.0760498046875 -93.1880874633789 1.5099999904632568
T Nodo051  154.52581787109375 -93.75385284423828 1.5099999904632568  154.64500427246094 -93.77471160888672 1.5099999904632568  154.56434631347656 -93.85540008544922 1.5099999904632568
T Nodo051  154.6968231201172 -93.58284759521484 1.5099999904632568  154.8035888671875 -93.61604309082031 1.5099999904632568  154.72535705566406 -93.69439697265625 1.5099999904632568
T Nodo051  155.04832458496094 -93.23135375976562 1.5099999904632568  155.06732177734375 -93.21234893798828 1.5099999904632568  155.07952880859375 -93.2402572631836 1.5099999904632568
T Nodo051  152.23318481445312 -94.1500015258789 1.5099999904632568  152.2831268310547 -94.2441177368164 1.5099999904632568  152.1781463623047 -94.22787475585938 1.5099999904632568
T Nodo051  150.36090087890625 -93.70960998535156 1.5099999904632568  150.3553924560547 -93.74361419677734 1.5099999904632568  150.33917236328125 -93.72738647460938 1.5099999904632568
T Nodo051  150.4439239501953 -93.79240417480469 1.5099999904632568  150.4040069580078 -93.8984146118164 1.5099999904632568  150.35546875 -93.79554748535156 1.5099999904632568
T Nodo051  150.38784790039062 -93.7364730834961 1.5099999904632568  150.4439239501953 -93.79240417480469 1.5099999904632568  150.35546875 -93.79554748535156 1.5099999904632568
T Nodo051  150.4040069580078 -93.8984146118164 1.5099999904632568  150.26666259765625 -93.89569091796875 1.5099999904632568  150.35546875 -93.79554748535156 1.5099999904632568
T Nodo051  150.17410278320312 -93.40723419189453 1.5099999904632568  150.36109924316406 -93.48400115966797 1.5099999904632568  150.26600646972656 -93.55117797851562 1.5099999904632568
T Nodo051  150.1616973876953 -92.77366638183594 1.5099999904632568  150.36109924316406 -92.80000305175781 1.5099999904632568  150.13710021972656 -93.07087707519531 1.5099999904632568
T Nodo051  149.92039489746094 -92.84683990478516 1.5099999904632568  150.1616973876953 -92.77366638183594 1.5099999904632568  150.13710021972656 -93.07087707519531 1.5099999904632568
T Nodo051  150.36109924316406 -92.80000305175781 1.5099999904632568  150.36109924316406 -93.25270080566406 1.5099999904632568  150.13710021972656 -93.07087707519531 1.5099999904632568
T Nodo051  150.36109924316406 -93.66220092773438 1.5099999904632568  150.36109924316406 -93.69999694824219 1.5099999904632568  150.32681274414062 -93.68387603759766 1.5099999904632568
T Nodo051  149.45901489257812 -93.49620056152344 1.5099999904632568  149.1610870361328 -93.2886962890625 1.5099999904632568  149.5985870361328 -92.95494842529297 1.5099999904632568
T Nodo051  149.6614532470703 -95.5 1.5099999904632568  149.76431274414062 -95.44981384277344 1.5099999904632568  149.77734375 -95.56021881103516 1.5099999904632568
T Nodo051  149.76431274414062 -95.44981384277344 1.5099999904632568  149.86109924316406 -95.5 1.5099999904632568  149.77734375 -95.56021881103516 1.5099999904632568
T Nodo051  149.76190185546875 -95.34100341796875 1.5099999904632568  149.66160583496094 -95.28455352783203 1.5099999904632568  149.76145935058594 -95.2259292602539 1.5099999904632568
T Nodo051  149.76145935058594 -95.2259292602539 1.5099999904632568  149.66168212890625 -95.16055297851562 1.5099999904632568  149.76141357421875 -95.1144790649414 1.5099999904632568
T Nodo051  149.7632598876953 -93.9955062866211 1.5099999904632568  149.6625213623047 -93.94999694824219 1.5099999904632568  149.77247619628906 -93.86555480957031 1.5099999904632568
T Nodo051  149.7632598876953 -93.9955062866211 1.5099999904632568  149.77247619628906 -93.86555480957031 1.5099999904632568  149.86109924316406 -93.94999694824219 1.5099999904632568
T Nodo051  149.57858276367188 -95.5 1.5099999904632568  149.6614532470703 -95.5 1.5099999904632568  149.60707092285156 -95.58030700683594 1.5099999904632568
T Nodo051  149.36134338378906 -96.70447540283203 1.5099999904632568  149.1610870361328 -96.6500015258789 1.5099999904632568  149.4311981201172 -96.45173645019531 1.5099999904632568
T Nodo051  149.5684814453125 -96.69247436523438 1.5099999904632568  149.36134338378906 -96.70447540283203 1.5099999904632568  149.4311981201172 -96.45173645019531 1.5099999904632568
T Nodo051  149.1610870361328 -96.6500015258789 1.5099999904632568  149.1610870361328 -96.1792984008789 1.5099999904632568  149.4311981201172 -96.45173645019531 1.5099999904632568
T Nodo051  149.1610870361328 -96.1792984008789 1.5099999904632568  149.1610870361328 -95.75 1.5099999904632568  149.53968811035156 -95.97288513183594 1.5099999904632568
T Nodo051  149.86109924316406 -95.5 1.5099999904632568  149.88577270507812 -95.59397888183594 1.5099999904632568  149.77734375 -95.56021881103516 1.5099999904632568
T Nodo051  149.76177978515625 -94.20247650146484 1.5099999904632568  149.86109924316406 -94.25379943847656 1.5099999904632568  149.76170349121094 -94.30372619628906 1.5099999904632568
T Nodo051  149.99392700195312 -95.96745300292969 1.5099999904632568  150.36109924316406 -96.1270980834961 1.5099999904632568  149.8363494873047 -96.48857116699219 1.5099999904632568
T Nodo051  149.57858276367188 -95.5 1.5099999904632568  149.60707092285156 -95.58030700683594 1.5099999904632568  149.5144805908203 -95.59205627441406 1.5099999904632568
T Nodo051  149.76205444335938 -94.10074615478516 1.5099999904632568  149.86109924316406 -94.1530532836914 1.5099999904632568  149.76177978515625 -94.20247650146484 1.5099999904632568
T Nodo051  149.7632598876953 -93.9955062866211 1.5099999904632568  149.86109924316406 -94.05229949951172 1.5099999904632568  149.76205444335938 -94.10074615478516 1.5099999904632568
T Nodo051  149.86109924316406 -94.3561019897461 1.5099999904632568  149.76165771484375 -94.40483093261719 1.5099999904632568  149.76170349121094 -94.30372619628906 1.5099999904632568
T Nodo051  149.86109924316406 -94.45684814453125 1.5099999904632568  149.76161193847656 -94.50566864013672 1.5099999904632568  149.76165771484375 -94.40483093261719 1.5099999904632568
T Nodo051  149.86109924316406 -94.55760192871094 1.5099999904632568  149.76158142089844 -94.60650634765625 1.5099999904632568  149.76161193847656 -94.50566864013672 1.5099999904632568
T Nodo051  149.86109924316406 -94.6583480834961 1.5099999904632568  149.7615509033203 -94.70756530761719 1.5099999904632568  149.76158142089844 -94.60650634765625 1.5099999904632568
T Nodo051  149.86109924316406 -94.76065063476562 1.5099999904632568  149.76150512695312 -94.80866241455078 1.5099999904632568  149.7615509033203 -94.70756530761719 1.5099999904632568
T Nodo051  149.86109924316406 -94.86139678955078 1.5099999904632568  149.761474609375 -94.90965270996094 1.5099999904632568  149.76150512695312 -94.80866241455078 1.5099999904632568
T Nodo051  149.86109924316406 -94.96215057373047 1.5099999904632568  149.76144409179688 -95.01119995117188 1.5099999904632568  149.761474609375 -94.90965270996094 1.5099999904632568
T Nodo051  149.86109924316406 -95.06289672851562 1.5099999904632568  149.76141357421875 -95.1144790649414 1.5099999904632568  149.76144409179688 -95.01119995117188 1.5099999904632568
T Nodo051  149.86109924316406 -95.16519927978516 1.5099999904632568  149.76145935058594 -95.2259292602539 1.5099999904632568  149.76141357421875 -95.1144790649414 1.5099999904632568
T Nodo051  149.86109924316406 -95.28919982910156 1.5099999904632568  149.76190185546875 -95.34100341796875 1.5099999904632568  149.76145935058594 -95.2259292602539 1.5099999904632568
T Nodo051  149.86109924316406 -95.39924621582031 1.5099999904632568  149.76431274414062 -95.44981384277344 1.5099999904632568  149.76190185546875 -95.34100341796875 1.5099999904632568
T Nodo051  149.94784545898438 -93.94999694824219 1.5099999904632568  149.86109924316406 -93.94999694824219 1.5099999904632568  149.89649963378906 -93.83378601074219 1.5099999904632568
T Nodo051  150.26666259765625 -93.89569091796875 1.5099999904632568  150.11109924316406 -93.94999694824219 1.5099999904632568  150.26400756835938 -93.77322387695312 1.5099999904632568
T Nodo051  150.35546875 -93.79554748535156 1.5099999904632568  150.26666259765625 -93.89569091796875 1.5099999904632568  150.26400756835938 -93.77322387695312 1.5099999904632568
T Nodo051  150.11109924316406 -93.94999694824219 1.5099999904632568  150.13624572753906 -93.67398834228516 1.5099999904632568  150.26400756835938 -93.77322387695312 1.5099999904632568
T Nodo051  150.62039184570312 -94.24828338623047 1.5099999904632568  150.62008666992188 -94.11918640136719 1.5099999904632568  150.69985961914062 -94.1953353881836 1.5099999904632568
T Nodo051  150.4928741455078 -93.97586822509766 1.5099999904632568  150.4009552001953 -94.02955627441406 1.5099999904632568  150.4040069580078 -93.8984146118164 1.5099999904632568
T Nodo051  153.2317657470703 -94.34807586669922 1.5099999904632568  153.01792907714844 -94.34807586669922 1.5099999904632568  153.12437438964844 -94.24635314941406 1.5099999904632568
T Nodo051  150.87954711914062 -94.34807586669922 1.5099999904632568  150.7415771484375 -94.34807586669922 1.5099999904632568  150.84727478027344 -94.25420379638672 1.5099999904632568
T Nodo051  155.2352752685547 -93.32452392578125 1.5099999904632568  155.16415405273438 -93.39564514160156 1.5099999904632568  155.1254119873047 -93.27711486816406 1.5099999904632568
T Nodo051  154.9852752685547 -93.57452392578125 1.5099999904632568  154.88307189941406 -93.53641510009766 1.5099999904632568  154.96841430664062 -93.44905090332031 1.5099999904632568
T Nodo051  155.08226013183594 -93.4775390625 1.5099999904632568  154.9852752685547 -93.57452392578125 1.5099999904632568  154.96841430664062 -93.44905090332031 1.5099999904632568
T Nodo051  154.91415405273438 -93.64564514160156 1.5099999904632568  154.8035888671875 -93.61604309082031 1.5099999904632568  154.88307189941406 -93.53641510009766 1.5099999904632568
T Nodo051  154.8333282470703 -93.7264633178711 1.5099999904632568  154.72535705566406 -93.69439697265625 1.5099999904632568  154.8035888671875 -93.61604309082031 1.5099999904632568
T Nodo051  154.76220703125 -93.7975845336914 1.5099999904632568  154.64500427246094 -93.77471160888672 1.5099999904632568  154.72535705566406 -93.69439697265625 1.5099999904632568
T Nodo051  154.681396484375 -93.87840270996094 1.5099999904632568  154.56434631347656 -93.85540008544922 1.5099999904632568  154.64500427246094 -93.77471160888672 1.5099999904632568
T Nodo051  154.60057067871094 -93.95922088623047 1.5099999904632568  154.4857635498047 -93.9340591430664 1.5099999904632568  154.56434631347656 -93.85540008544922 1.5099999904632568
T Nodo051  154.52944946289062 -94.03034210205078 1.5099999904632568  154.4068603515625 -94.01325225830078 1.5099999904632568  154.4857635498047 -93.9340591430664 1.5099999904632568
T Nodo051  154.44970703125 -94.1100845336914 1.5099999904632568  154.32803344726562 -94.09427642822266 1.5099999904632568  154.4068603515625 -94.01325225830078 1.5099999904632568
T Nodo051  154.3721160888672 -94.18767547607422 1.5099999904632568  154.2465362548828 -94.19115447998047 1.5099999904632568  154.32803344726562 -94.09427642822266 1.5099999904632568
T Nodo051  155.46469116210938 -93.1672134399414 1.5099999904632568  155.3216552734375 -93.13287353515625 1.5099999904632568  155.38856506347656 -93.02918243408203 1.5099999904632568
T Nodo051  155.46469116210938 -93.1672134399414 1.5099999904632568  155.38856506347656 -93.02918243408203 1.5099999904632568  155.52108764648438 -93.05000305175781 1.5099999904632568
T Nodo051  155.52108764648438 -92.4791030883789 1.5099999904632568  155.52108764648438 -92.86849975585938 1.5099999904632568  155.20639038085938 -92.74394989013672 1.5099999904632568
T Nodo051  155.52108764648438 -92.86849975585938 1.5099999904632568  155.52108764648438 -93.05000305175781 1.5099999904632568  155.38856506347656 -93.02918243408203 1.5099999904632568
T Nodo051  155.2285919189453 -91.25 1.5099999904632568  155.3526153564453 -91.37092590332031 1.5099999904632568  155.14588928222656 -91.43875885009766 1.5099999904632568
T Nodo051  155.04832458496094 -93.23135375976562 1.5099999904632568  155.07952880859375 -93.2402572631836 1.5099999904632568  155.06195068359375 -93.27446746826172 1.5099999904632568
T Nodo051  155.08740234375 -93.21774291992188 1.5099999904632568  155.0796661376953 -93.19999694824219 1.5099999904632568  155.10299682617188 -93.20494079589844 1.5099999904632568
T Nodo051  155.1254119873047 -93.27711486816406 1.5099999904632568  155.16415405273438 -93.39564514160156 1.5099999904632568  155.0519561767578 -93.34949493408203 1.5099999904632568
T Nodo051  153.26040649414062 -94.24568176269531 1.5099999904632568  153.2317657470703 -94.34807586669922 1.5099999904632568  153.12437438964844 -94.24635314941406 1.5099999904632568
T Nodo051  150.95970153808594 -94.24862670898438 1.5099999904632568  150.87954711914062 -94.34807586669922 1.5099999904632568  150.84727478027344 -94.25420379638672 1.5099999904632568
T Nodo051  155.2117462158203 -93.23823547363281 1.5099999904632568  155.2352752685547 -93.32452392578125 1.5099999904632568  155.1254119873047 -93.27711486816406 1.5099999904632568
T Nodo051  155.0519561767578 -93.34949493408203 1.5099999904632568  155.08226013183594 -93.4775390625 1.5099999904632568  154.96841430664062 -93.44905090332031 1.5099999904632568
T Nodo051  155.0796661376953 -93.19999694824219 1.5099999904632568  155.0760498046875 -93.1880874633789 1.5099999904632568  155.0924835205078 -93.1866226196289 1.5099999904632568
T Nodo051  150.13710021972656 -93.07087707519531 1.5099999904632568  150.36109924316406 -93.25270080566406 1.5099999904632568  150.17410278320312 -93.40723419189453 1.5099999904632568
T Nodo051  149.6614532470703 -95.5 1.5099999904632568  149.77734375 -95.56021881103516 1.5099999904632568  149.68814086914062 -95.61429595947266 1.5099999904632568
T Nodo051  149.6614532470703 -95.5 1.5099999904632568  149.68814086914062 -95.61429595947266 1.5099999904632568  149.60707092285156 -95.58030700683594 1.5099999904632568
T Nodo051  149.4311981201172 -96.45173645019531 1.5099999904632568  149.1610870361328 -96.1792984008789 1.5099999904632568  149.53968811035156 -95.97288513183594 1.5099999904632568
T Nodo051  149.89649963378906 -93.83378601074219 1.5099999904632568  149.86109924316406 -93.94999694824219 1.5099999904632568  149.77247619628906 -93.86555480957031 1.5099999904632568
T Nodo051  149.77247619628906 -93.86555480957031 1.5099999904632568  149.6625213623047 -93.94999694824219 1.5099999904632568  149.63262939453125 -93.76156616210938 1.5099999904632568
T Nodo051  149.6625213623047 -93.94999694824219 1.5099999904632568  149.5767822265625 -93.94999694824219 1.5099999904632568  149.63262939453125 -93.76156616210938 1.5099999904632568
T Nodo051  155.10299682617188 -93.20494079589844 1.5099999904632568  155.0796661376953 -93.19999694824219 1.5099999904632568  155.0924835205078 -93.1866226196289 1.5099999904632568
T Nodo051  154.9210968017578 -92.50385284423828 1.5099999904632568  155.52108764648438 -92.4791030883789 1.5099999904632568  155.20639038085938 -92.74394989013672 1.5099999904632568
T Nodo051  155.04136657714844 -93.197021484375 1.5099999904632568  155.04379272460938 -93.175537109375 1.5099999904632568  155.05238342285156 -93.18807220458984 1.5099999904632568
T Nodo051  155.0636749267578 -93.18885803222656 1.5099999904632568  155.05238342285156 -93.18807220458984 1.5099999904632568  155.0582275390625 -93.17904663085938 1.5099999904632568
T Nodo051  154.12966918945312 -94.1500015258789 1.5099999904632568  154.2465362548828 -94.19115447998047 1.5099999904632568  154.17599487304688 -94.25566101074219 1.5099999904632568
T Nodo051  150.13710021972656 -93.07087707519531 1.5099999904632568  150.17410278320312 -93.40723419189453 1.5099999904632568  149.83509826660156 -93.38082885742188 1.5099999904632568
T Nodo051  155.38856506347656 -93.02918243408203 1.5099999904632568  155.3216552734375 -93.13287353515625 1.5099999904632568  155.25010681152344 -93.03849029541016 1.5099999904632568
T Nodo051  155.07952880859375 -93.2402572631836 1.5099999904632568  155.06732177734375 -93.21234893798828 1.5099999904632568  155.08740234375 -93.21774291992188 1.5099999904632568
T Nodo051  155.01031494140625 -93.26934814453125 1.5099999904632568  155.06195068359375 -93.27446746826172 1.5099999904632568  155.0519561767578 -93.34949493408203 1.5099999904632568
T Nodo051  155.08740234375 -93.21774291992188 1.5099999904632568  155.10299682617188 -93.20494079589844 1.5099999904632568  155.10760498046875 -93.23011016845703 1.5099999904632568
T Nodo051  155.0519561767578 -93.34949493408203 1.5099999904632568  155.06195068359375 -93.27446746826172 1.5099999904632568  155.1254119873047 -93.27711486816406 1.5099999904632568
T Nodo051  150.80250549316406 -94.1500015258789 1.5099999904632568  150.84727478027344 -94.25420379638672 1.5099999904632568  150.75880432128906 -94.25749969482422 1.5099999904632568
T Nodo051  151.41470336914062 -94.1500015258789 1.5099999904632568  151.48199462890625 -94.22213745117188 1.5099999904632568  151.37535095214844 -94.24246215820312 1.5099999904632568
T Nodo051  154.07882690429688 -94.24891662597656 1.5099999904632568  154.12966918945312 -94.1500015258789 1.5099999904632568  154.17599487304688 -94.25566101074219 1.5099999904632568
T Nodo051  150.69985961914062 -94.1953353881836 1.5099999904632568  150.80250549316406 -94.1500015258789 1.5099999904632568  150.75880432128906 -94.25749969482422 1.5099999904632568
T Nodo051  149.45901489257812 -93.49620056152344 1.5099999904632568  149.5985870361328 -92.95494842529297 1.5099999904632568  149.83509826660156 -93.38082885742188 1.5099999904632568
T Nodo051  155.10299682617188 -93.20494079589844 1.5099999904632568  155.0924835205078 -93.1866226196289 1.5099999904632568  155.116455078125 -93.18445587158203 1.5099999904632568
T Nodo051  149.1610870361328 -93.2886962890625 1.5099999904632568  149.1610870361328 -92.80000305175781 1.5099999904632568  149.35006713867188 -92.824951171875 1.5099999904632568
T Nodo051  149.89649963378906 -93.83378601074219 1.5099999904632568  149.77247619628906 -93.86555480957031 1.5099999904632568  149.8441925048828 -93.69357299804688 1.5099999904632568
T Nodo051  149.77247619628906 -93.86555480957031 1.5099999904632568  149.63262939453125 -93.76156616210938 1.5099999904632568  149.8441925048828 -93.69357299804688 1.5099999904632568
T Nodo051  149.77734375 -95.56021881103516 1.5099999904632568  149.88577270507812 -95.59397888183594 1.5099999904632568  149.79302978515625 -95.72783660888672 1.5099999904632568
T Nodo051  149.77734375 -95.56021881103516 1.5099999904632568  149.79302978515625 -95.72783660888672 1.5099999904632568  149.68814086914062 -95.61429595947266 1.5099999904632568
T Nodo051  149.59109497070312 -95.69718933105469 1.5099999904632568  149.60707092285156 -95.58030700683594 1.5099999904632568  149.68814086914062 -95.61429595947266 1.5099999904632568
T Nodo051  155.116455078125 -93.18445587158203 1.5099999904632568  155.1419677734375 -93.13534545898438 1.5099999904632568  155.1410369873047 -93.2127456665039 1.5099999904632568
T Nodo051  150.0459442138672 -95.67131805419922 1.5099999904632568  149.99392700195312 -95.96745300292969 1.5099999904632568  149.79302978515625 -95.72783660888672 1.5099999904632568
T Nodo051  150.36109924316406 -96.1270980834961 1.5099999904632568  150.36109924316406 -96.6500015258789 1.5099999904632568  150.15350341796875 -96.61518096923828 1.5099999904632568
T Nodo051  150.62008666992188 -94.11918640136719 1.5099999904632568  150.48609924316406 -94.11441802978516 1.5099999904632568  150.5697021484375 -94.03045654296875 1.5099999904632568
T Nodo051  150.84727478027344 -94.25420379638672 1.5099999904632568  150.7415771484375 -94.34807586669922 1.5099999904632568  150.75880432128906 -94.25749969482422 1.5099999904632568
T Nodo051  153.12437438964844 -94.24635314941406 1.5099999904632568  153.01792907714844 -94.34807586669922 1.5099999904632568  153.0175323486328 -94.22856140136719 1.5099999904632568
T Nodo051  154.07882690429688 -94.24891662597656 1.5099999904632568  154.03195190429688 -94.34807586669922 1.5099999904632568  153.97360229492188 -94.2265853881836 1.5099999904632568
T Nodo051  150.7415771484375 -94.34807586669922 1.5099999904632568  150.70553588867188 -94.33314514160156 1.5099999904632568  150.75880432128906 -94.25749969482422 1.5099999904632568
T Nodo051  153.01792907714844 -94.34807586669922 1.5099999904632568  152.9156494140625 -94.24394989013672 1.5099999904632568  153.0175323486328 -94.22856140136719 1.5099999904632568
T Nodo051  152.80409240722656 -94.34807586669922 1.5099999904632568  152.71290588378906 -94.2437973022461 1.5099999904632568  152.81434631347656 -94.2276382446289 1.5099999904632568
T Nodo051  152.5902557373047 -94.34807586669922 1.5099999904632568  152.5063934326172 -94.24376678466797 1.5099999904632568  152.61019897460938 -94.2276840209961 1.5099999904632568
T Nodo051  152.3764190673828 -94.34807586669922 1.5099999904632568  152.2831268310547 -94.2441177368164 1.5099999904632568  152.39378356933594 -94.22876739501953 1.5099999904632568
T Nodo051  152.16258239746094 -94.34807586669922 1.5099999904632568  152.07620239257812 -94.24383544921875 1.5099999904632568  152.1781463623047 -94.22787475585938 1.5099999904632568
T Nodo051  151.94874572753906 -94.34807586669922 1.5099999904632568  151.87254333496094 -94.24369812011719 1.5099999904632568  151.97381591796875 -94.22735595703125 1.5099999904632568
T Nodo051  151.73489379882812 -94.34807586669922 1.5099999904632568  151.66952514648438 -94.24246215820312 1.5099999904632568  151.77032470703125 -94.22673797607422 1.5099999904632568
T Nodo051  155.3042449951172 -93.25555419921875 1.5099999904632568  155.2117462158203 -93.23823547363281 1.5099999904632568  155.279541015625 -93.20186614990234 1.5099999904632568
T Nodo051  154.2465362548828 -94.19115447998047 1.5099999904632568  154.22665405273438 -94.33314514160156 1.5099999904632568  154.17599487304688 -94.25566101074219 1.5099999904632568
T Nodo051  155.3191680908203 -93.2195053100586 1.5099999904632568  155.3042449951172 -93.25555419921875 1.5099999904632568  155.279541015625 -93.20186614990234 1.5099999904632568
T Nodo051  150.5697021484375 -94.03045654296875 1.5099999904632568  150.48609924316406 -94.11441802978516 1.5099999904632568  150.4928741455078 -93.97586822509766 1.5099999904632568
T Nodo051  155.07952880859375 -93.2402572631836 1.5099999904632568  155.08740234375 -93.21774291992188 1.5099999904632568  155.10760498046875 -93.23011016845703 1.5099999904632568
T Nodo051  152.80409240722656 -94.34807586669922 1.5099999904632568  152.81434631347656 -94.2276382446289 1.5099999904632568  152.9156494140625 -94.24394989013672 1.5099999904632568
T Nodo051  151.94874572753906 -94.34807586669922 1.5099999904632568  151.97381591796875 -94.22735595703125 1.5099999904632568  152.07620239257812 -94.24383544921875 1.5099999904632568
T Nodo051  152.16258239746094 -94.34807586669922 1.5099999904632568  152.1781463623047 -94.22787475585938 1.5099999904632568  152.2831268310547 -94.2441177368164 1.5099999904632568
T Nodo051  152.5902557373047 -94.34807586669922 1.5099999904632568  152.61019897460938 -94.2276840209961 1.5099999904632568  152.71290588378906 -94.2437973022461 1.5099999904632568
T Nodo051  155.0424346923828 -93.12390899658203 1.5099999904632568  155.1419677734375 -93.13534545898438 1.5099999904632568  155.0835723876953 -93.15138244628906 1.5099999904632568
T Nodo051  155.52108764648438 -91.88674926757812 1.5099999904632568  155.52108764648438 -92.4791030883789 1.5099999904632568  154.9210968017578 -91.88839721679688 1.5099999904632568
T Nodo051  155.05238342285156 -93.18807220458984 1.5099999904632568  155.04379272460938 -93.175537109375 1.5099999904632568  155.0582275390625 -93.17904663085938 1.5099999904632568
T Nodo051  153.87303161621094 -94.24327087402344 1.5099999904632568  153.82846069335938 -94.34807586669922 1.5099999904632568  153.77157592773438 -94.2258529663086 1.5099999904632568
T Nodo051  153.669921875 -94.24364471435547 1.5099999904632568  153.61460876464844 -94.34807586669922 1.5099999904632568  153.56869506835938 -94.22637939453125 1.5099999904632568
T Nodo051  153.4674835205078 -94.24349212646484 1.5099999904632568  153.4076690673828 -94.34807586669922 1.5099999904632568  153.36585998535156 -94.22735595703125 1.5099999904632568
T Nodo051  151.37535095214844 -94.24246215820312 1.5099999904632568  151.30722045898438 -94.34807586669922 1.5099999904632568  151.268798828125 -94.2271957397461 1.5099999904632568
T Nodo051  151.16531372070312 -94.24402618408203 1.5099999904632568  151.0933837890625 -94.34807586669922 1.5099999904632568  151.06338500976562 -94.22844696044922 1.5099999904632568
T Nodo051  154.9210968017578 -93.05000305175781 1.5099999904632568  155.1053009033203 -92.98377990722656 1.5099999904632568  155.0424346923828 -93.12390899658203 1.5099999904632568
T Nodo051  149.83509826660156 -93.38082885742188 1.5099999904632568  150.17410278320312 -93.40723419189453 1.5099999904632568  150.13624572753906 -93.67398834228516 1.5099999904632568
T Nodo051  155.04379272460938 -93.175537109375 1.5099999904632568  155.01609802246094 -93.1895523071289 1.5099999904632568  155.0424346923828 -93.12390899658203 1.5099999904632568
T Nodo051  150.13710021972656 -93.07087707519531 1.5099999904632568  149.83509826660156 -93.38082885742188 1.5099999904632568  149.92039489746094 -92.84683990478516 1.5099999904632568
T Nodo051  155.38856506347656 -93.02918243408203 1.5099999904632568  155.25010681152344 -93.03849029541016 1.5099999904632568  155.2872772216797 -92.91975402832031 1.5099999904632568
T Nodo051  155.0924835205078 -93.1866226196289 1.5099999904632568  155.0760498046875 -93.1880874633789 1.5099999904632568  155.08103942871094 -93.17267608642578 1.5099999904632568
T Nodo051  155.10760498046875 -93.23011016845703 1.5099999904632568  155.10299682617188 -93.20494079589844 1.5099999904632568  155.1410369873047 -93.2127456665039 1.5099999904632568
T Nodo051  155.10299682617188 -93.20494079589844 1.5099999904632568  155.116455078125 -93.18445587158203 1.5099999904632568  155.1410369873047 -93.2127456665039 1.5099999904632568
T Nodo051  155.1254119873047 -93.27711486816406 1.5099999904632568  155.06195068359375 -93.27446746826172 1.5099999904632568  155.07952880859375 -93.2402572631836 1.5099999904632568
T Nodo051  155.2117462158203 -93.23823547363281 1.5099999904632568  155.1254119873047 -93.27711486816406 1.5099999904632568  155.1410369873047 -93.2127456665039 1.5099999904632568
T Nodo051  151.06338500976562 -94.22844696044922 1.5099999904632568  151.0933837890625 -94.34807586669922 1.5099999904632568  150.95970153808594 -94.24862670898438 1.5099999904632568
T Nodo051  151.48199462890625 -94.22213745117188 1.5099999904632568  151.5705108642578 -94.22151184082031 1.5099999904632568  151.52105712890625 -94.34807586669922 1.5099999904632568
T Nodo051  151.77032470703125 -94.22673797607422 1.5099999904632568  151.87254333496094 -94.24369812011719 1.5099999904632568  151.73489379882812 -94.34807586669922 1.5099999904632568
T Nodo051  151.268798828125 -94.2271957397461 1.5099999904632568  151.30722045898438 -94.34807586669922 1.5099999904632568  151.16531372070312 -94.24402618408203 1.5099999904632568
T Nodo051  153.36585998535156 -94.22735595703125 1.5099999904632568  153.4076690673828 -94.34807586669922 1.5099999904632568  153.26040649414062 -94.24568176269531 1.5099999904632568
T Nodo051  150.75880432128906 -94.25749969482422 1.5099999904632568  150.70553588867188 -94.33314514160156 1.5099999904632568  150.69985961914062 -94.1953353881836 1.5099999904632568
T Nodo051  155.116455078125 -93.18445587158203 1.5099999904632568  155.0924835205078 -93.1866226196289 1.5099999904632568  155.10047912597656 -93.16786193847656 1.5099999904632568
T Nodo051  155.0924835205078 -93.1866226196289 1.5099999904632568  155.08103942871094 -93.17267608642578 1.5099999904632568  155.10047912597656 -93.16786193847656 1.5099999904632568
T Nodo051  149.83509826660156 -93.38082885742188 1.5099999904632568  149.5985870361328 -92.95494842529297 1.5099999904632568  149.92039489746094 -92.84683990478516 1.5099999904632568
T Nodo051  149.5144805908203 -95.59205627441406 1.5099999904632568  149.60707092285156 -95.58030700683594 1.5099999904632568  149.59109497070312 -95.69718933105469 1.5099999904632568
T Nodo051  150.36109924316406 -93.69999694824219 1.5099999904632568  150.36090087890625 -93.70960998535156 1.5099999904632568  150.3406219482422 -93.70702362060547 1.5099999904632568
T Nodo051  150.36109924316406 -93.66220092773438 1.5099999904632568  150.32681274414062 -93.68387603759766 1.5099999904632568  150.29800415039062 -93.6346206665039 1.5099999904632568
T Nodo051  150.29800415039062 -93.6346206665039 1.5099999904632568  150.32681274414062 -93.68387603759766 1.5099999904632568  150.2716064453125 -93.69667053222656 1.5099999904632568
T Nodo051  149.5144805908203 -95.59205627441406 1.5099999904632568  149.59109497070312 -95.69718933105469 1.5099999904632568  149.40188598632812 -95.68317413330078 1.5099999904632568
T Nodo051  150.36109924316406 -93.69999694824219 1.5099999904632568  150.3406219482422 -93.70702362060547 1.5099999904632568  150.32681274414062 -93.68387603759766 1.5099999904632568
T Nodo051  149.4177703857422 -93.78047943115234 1.5099999904632568  149.45901489257812 -93.49620056152344 1.5099999904632568  149.63262939453125 -93.76156616210938 1.5099999904632568
T Nodo051  150.3256072998047 -93.75242614746094 1.5099999904632568  150.35546875 -93.79554748535156 1.5099999904632568  150.26400756835938 -93.77322387695312 1.5099999904632568
T Nodo051  149.99392700195312 -95.96745300292969 1.5099999904632568  149.8363494873047 -96.48857116699219 1.5099999904632568  149.53968811035156 -95.97288513183594 1.5099999904632568
T Nodo051  149.4311981201172 -96.45173645019531 1.5099999904632568  149.53968811035156 -95.97288513183594 1.5099999904632568  149.8363494873047 -96.48857116699219 1.5099999904632568
T Nodo051  149.1610870361328 -95.75 1.5099999904632568  149.40188598632812 -95.68317413330078 1.5099999904632568  149.53968811035156 -95.97288513183594 1.5099999904632568
T Nodo051  149.88577270507812 -95.59397888183594 1.5099999904632568  149.9493408203125 -95.5 1.5099999904632568  150.0459442138672 -95.67131805419922 1.5099999904632568
T Nodo051  151.52105712890625 -94.34807586669922 1.5099999904632568  151.37535095214844 -94.24246215820312 1.5099999904632568  151.48199462890625 -94.22213745117188 1.5099999904632568
T Nodo051  151.52105712890625 -94.34807586669922 1.5099999904632568  151.5705108642578 -94.22151184082031 1.5099999904632568  151.66952514648438 -94.24246215820312 1.5099999904632568
T Nodo051  154.22665405273438 -94.33314514160156 1.5099999904632568  154.1905975341797 -94.34807586669922 1.5099999904632568  154.17599487304688 -94.25566101074219 1.5099999904632568
T Nodo051  154.9210968017578 -92.8718032836914 1.5099999904632568  155.20639038085938 -92.74394989013672 1.5099999904632568  155.1053009033203 -92.98377990722656 1.5099999904632568
T Nodo051  155.3526153564453 -91.37092590332031 1.5099999904632568  155.34703063964844 -91.5540771484375 1.5099999904632568  155.14588928222656 -91.43875885009766 1.5099999904632568
T Nodo051  155.52108764648438 -92.86849975585938 1.5099999904632568  155.38856506347656 -93.02918243408203 1.5099999904632568  155.2872772216797 -92.91975402832031 1.5099999904632568
T Nodo051  155.15399169921875 -91.6732406616211 1.5099999904632568  155.14588928222656 -91.43875885009766 1.5099999904632568  155.34703063964844 -91.5540771484375 1.5099999904632568
T Nodo051  155.0582275390625 -93.17904663085938 1.5099999904632568  155.04379272460938 -93.175537109375 1.5099999904632568  155.06349182128906 -93.16476440429688 1.5099999904632568
T Nodo051  155.04379272460938 -93.175537109375 1.5099999904632568  155.0424346923828 -93.12390899658203 1.5099999904632568  155.06349182128906 -93.16476440429688 1.5099999904632568
T Nodo051  152.3764190673828 -94.34807586669922 1.5099999904632568  152.39378356933594 -94.22876739501953 1.5099999904632568  152.5063934326172 -94.24376678466797 1.5099999904632568
T Nodo051  149.99392700195312 -95.96745300292969 1.5099999904632568  149.53968811035156 -95.97288513183594 1.5099999904632568  149.79302978515625 -95.72783660888672 1.5099999904632568
T Nodo051  149.94784545898438 -93.94999694824219 1.5099999904632568  149.89649963378906 -93.83378601074219 1.5099999904632568  150.13624572753906 -93.67398834228516 1.5099999904632568
T Nodo051  154.1905975341797 -94.34807586669922 1.5099999904632568  154.07882690429688 -94.24891662597656 1.5099999904632568  154.17599487304688 -94.25566101074219 1.5099999904632568
T Nodo051  150.13624572753906 -93.67398834228516 1.5099999904632568  150.17410278320312 -93.40723419189453 1.5099999904632568  150.26600646972656 -93.55117797851562 1.5099999904632568
T Nodo051  153.77157592773438 -94.2258529663086 1.5099999904632568  153.82846069335938 -94.34807586669922 1.5099999904632568  153.669921875 -94.24364471435547 1.5099999904632568
T Nodo051  155.52108764648438 -91.88674926757812 1.5099999904632568  155.15399169921875 -91.6732406616211 1.5099999904632568  155.34703063964844 -91.5540771484375 1.5099999904632568
T Nodo051  155.2872772216797 -92.91975402832031 1.5099999904632568  155.25010681152344 -93.03849029541016 1.5099999904632568  155.1053009033203 -92.98377990722656 1.5099999904632568
T Nodo051  150.33917236328125 -93.72738647460938 1.5099999904632568  150.3553924560547 -93.74361419677734 1.5099999904632568  150.3256072998047 -93.75242614746094 1.5099999904632568
T Nodo051  153.97360229492188 -94.2265853881836 1.5099999904632568  154.03195190429688 -94.34807586669922 1.5099999904632568  153.87303161621094 -94.24327087402344 1.5099999904632568
T Nodo051  153.4674835205078 -94.24349212646484 1.5099999904632568  153.56869506835938 -94.22637939453125 1.5099999904632568  153.61460876464844 -94.34807586669922 1.5099999904632568
T Nodo051  155.2872772216797 -92.91975402832031 1.5099999904632568  155.1053009033203 -92.98377990722656 1.5099999904632568  155.20639038085938 -92.74394989013672 1.5099999904632568
T Nodo051  150.38784790039062 -93.7364730834961 1.5099999904632568  150.35546875 -93.79554748535156 1.5099999904632568  150.3553924560547 -93.74361419677734 1.5099999904632568
T Nodo051  149.63262939453125 -93.76156616210938 1.5099999904632568  149.45901489257812 -93.49620056152344 1.5099999904632568  149.83509826660156 -93.38082885742188 1.5099999904632568
T Nodo051  149.5985870361328 -92.95494842529297 1.5099999904632568  149.1610870361328 -93.2886962890625 1.5099999904632568  149.35006713867188 -92.824951171875 1.5099999904632568
T Nodo051  149.88577270507812 -95.59397888183594 1.5099999904632568  150.0459442138672 -95.67131805419922 1.5099999904632568  149.79302978515625 -95.72783660888672 1.5099999904632568
T Nodo051  150.13624572753906 -93.67398834228516 1.5099999904632568  149.89649963378906 -93.83378601074219 1.5099999904632568  149.8441925048828 -93.69357299804688 1.5099999904632568
T Nodo051  150.36109924316406 -96.1270980834961 1.5099999904632568  150.15350341796875 -96.61518096923828 1.5099999904632568  149.8363494873047 -96.48857116699219 1.5099999904632568
T Nodo051  155.279541015625 -93.20186614990234 1.5099999904632568  155.2117462158203 -93.23823547363281 1.5099999904632568  155.1419677734375 -93.13534545898438 1.5099999904632568
T Nodo051  155.3191680908203 -93.19999694824219 1.5099999904632568  155.3191680908203 -93.2195053100586 1.5099999904632568  155.279541015625 -93.20186614990234 1.5099999904632568
T Nodo051  155.20639038085938 -92.74394989013672 1.5099999904632568  155.52108764648438 -92.86849975585938 1.5099999904632568  155.2872772216797 -92.91975402832031 1.5099999904632568
T Nodo051  155.52108764648438 -91.88674926757812 1.5099999904632568  154.9210968017578 -91.88839721679688 1.5099999904632568  155.15399169921875 -91.6732406616211 1.5099999904632568
T Nodo051  155.0760498046875 -93.1880874633789 1.5099999904632568  155.0636749267578 -93.18885803222656 1.5099999904632568  155.06875610351562 -93.17870330810547 1.5099999904632568
T Nodo051  155.0636749267578 -93.18885803222656 1.5099999904632568  155.0582275390625 -93.17904663085938 1.5099999904632568  155.06875610351562 -93.17870330810547 1.5099999904632568
T Nodo051  155.25010681152344 -93.03849029541016 1.5099999904632568  155.3216552734375 -93.13287353515625 1.5099999904632568  155.1419677734375 -93.13534545898438 1.5099999904632568
T Nodo051  155.0424346923828 -93.12390899658203 1.5099999904632568  155.1053009033203 -92.98377990722656 1.5099999904632568  155.1419677734375 -93.13534545898438 1.5099999904632568
T Nodo051  150.32681274414062 -93.68387603759766 1.5099999904632568  150.3406219482422 -93.70702362060547 1.5099999904632568  150.3125762939453 -93.7192611694336 1.5099999904632568
T Nodo051  155.1419677734375 -93.13534545898438 1.5099999904632568  155.1053009033203 -92.98377990722656 1.5099999904632568  155.25010681152344 -93.03849029541016 1.5099999904632568
T Nodo051  155.3191680908203 -93.19999694824219 1.5099999904632568  155.279541015625 -93.20186614990234 1.5099999904632568  155.3216552734375 -93.13287353515625 1.5099999904632568
T Nodo051  155.1419677734375 -93.13534545898438 1.5099999904632568  155.2117462158203 -93.23823547363281 1.5099999904632568  155.1410369873047 -93.2127456665039 1.5099999904632568
T Nodo051  155.1419677734375 -93.13534545898438 1.5099999904632568  155.10047912597656 -93.16786193847656 1.5099999904632568  155.0835723876953 -93.15138244628906 1.5099999904632568
T Nodo051  155.0760498046875 -93.1880874633789 1.5099999904632568  155.06875610351562 -93.17870330810547 1.5099999904632568  155.08103942871094 -93.17267608642578 1.5099999904632568
T Nodo051  150.36090087890625 -93.70960998535156 1.5099999904632568  150.33917236328125 -93.72738647460938 1.5099999904632568  150.3406219482422 -93.70702362060547 1.5099999904632568
T Nodo051  150.2716064453125 -93.69667053222656 1.5099999904632568  150.32681274414062 -93.68387603759766 1.5099999904632568  150.3125762939453 -93.7192611694336 1.5099999904632568
T Nodo051  155.1254119873047 -93.27711486816406 1.5099999904632568  155.07952880859375 -93.2402572631836 1.5099999904632568  155.10760498046875 -93.23011016845703 1.5099999904632568
T Nodo051  149.5767822265625 -93.94999694824219 1.5099999904632568  149.4177703857422 -93.78047943115234 1.5099999904632568  149.63262939453125 -93.76156616210938 1.5099999904632568
T Nodo051  149.53968811035156 -95.97288513183594 1.5099999904632568  149.40188598632812 -95.68317413330078 1.5099999904632568  149.59109497070312 -95.69718933105469 1.5099999904632568
T Nodo051  149.4311981201172 -96.45173645019531 1.5099999904632568  149.8363494873047 -96.48857116699219 1.5099999904632568  149.5684814453125 -96.69247436523438 1.5099999904632568
T Nodo051  150.13624572753906 -93.67398834228516 1.5099999904632568  149.8441925048828 -93.69357299804688 1.5099999904632568  149.83509826660156 -93.38082885742188 1.5099999904632568
T Nodo051  155.279541015625 -93.20186614990234 1.5099999904632568  155.1419677734375 -93.13534545898438 1.5099999904632568  155.3216552734375 -93.13287353515625 1.5099999904632568
T Nodo051  150.26400756835938 -93.77322387695312 1.5099999904632568  150.13624572753906 -93.67398834228516 1.5099999904632568  150.2716064453125 -93.69667053222656 1.5099999904632568
T Nodo051  150.3553924560547 -93.74361419677734 1.5099999904632568  150.35546875 -93.79554748535156 1.5099999904632568  150.3256072998047 -93.75242614746094 1.5099999904632568
T Nodo051  150.3406219482422 -93.70702362060547 1.5099999904632568  150.33917236328125 -93.72738647460938 1.5099999904632568  150.3125762939453 -93.7192611694336 1.5099999904632568
T Nodo051  150.33917236328125 -93.72738647460938 1.5099999904632568  150.3256072998047 -93.75242614746094 1.5099999904632568  150.3125762939453 -93.7192611694336 1.5099999904632568
T Nodo051  155.1410369873047 -93.2127456665039 1.5099999904632568  155.1254119873047 -93.27711486816406 1.5099999904632568  155.10760498046875 -93.23011016845703 1.5099999904632568
T Nodo051  150.2716064453125 -93.69667053222656 1.5099999904632568  150.3125762939453 -93.7192611694336 1.5099999904632568  150.26400756835938 -93.77322387695312 1.5099999904632568
T Nodo051  149.53968811035156 -95.97288513183594 1.5099999904632568  149.59109497070312 -95.69718933105469 1.5099999904632568  149.79302978515625 -95.72783660888672 1.5099999904632568
T Nodo051  155.10047912597656 -93.16786193847656 1.5099999904632568  155.08103942871094 -93.17267608642578 1.5099999904632568  155.0835723876953 -93.15138244628906 1.5099999904632568
T Nodo051  150.26400756835938 -93.77322387695312 1.5099999904632568  150.3125762939453 -93.7192611694336 1.5099999904632568  150.3256072998047 -93.75242614746094 1.5099999904632568
T Nodo051  155.116455078125 -93.18445587158203 1.5099999904632568  155.10047912597656 -93.16786193847656 1.5099999904632568  155.1419677734375 -93.13534545898438 1.5099999904632568
T Nodo051  150.26600646972656 -93.55117797851562 1.5099999904632568  150.29800415039062 -93.6346206665039 1.5099999904632568  150.13624572753906 -93.67398834228516 1.5099999904632568
T Nodo051  155.0835723876953 -93.15138244628906 1.5099999904632568  155.08103942871094 -93.17267608642578 1.5099999904632568  155.06349182128906 -93.16476440429688 1.5099999904632568
T Nodo051  150.2716064453125 -93.69667053222656 1.5099999904632568  150.13624572753906 -93.67398834228516 1.5099999904632568  150.29800415039062 -93.6346206665039 1.5099999904632568
T Nodo051  149.63262939453125 -93.76156616210938 1.5099999904632568  149.83509826660156 -93.38082885742188 1.5099999904632568  149.8441925048828 -93.69357299804688 1.5099999904632568
T Nodo051  149.68814086914062 -95.61429595947266 1.5099999904632568  149.79302978515625 -95.72783660888672 1.5099999904632568  149.59109497070312 -95.69718933105469 1.5099999904632568
T Nodo051  155.0582275390625 -93.17904663085938 1.5099999904632568  155.06349182128906 -93.16476440429688 1.5099999904632568  155.06875610351562 -93.17870330810547 1.5099999904632568
T Nodo051  155.35374450683594 -93.19999694824219 1.5099999904632568  155.37109375 -93.19999694824219 1.5099999904632568  155.37109375 -93.19999694824219 1.5362800359725952
T Nodo051  155.37109375 -93.19999694824219 1.5362800359725952  155.37109375 -93.19999694824219 1.5499999523162842  155.36239624023438 -93.19999694824219 1.5499999523162842
T Nodo051  155.35069274902344 -93.19999694824219 1.5499999523162842  155.34228515625 -93.19999694824219 1.5499999523162842  155.34584045410156 -93.19999694824219 1.542433500289917
T Nodo051  155.34228515625 -93.19999694824219 1.5499999523162842  155.33358764648438 -93.19999694824219 1.5499999523162842  155.33815002441406 -93.19999694824219 1.5428396463394165
T Nodo051  155.34228515625 -93.19999694824219 1.5499999523162842  155.33815002441406 -93.19999694824219 1.5428396463394165  155.34584045410156 -93.19999694824219 1.542433500289917
T Nodo051  155.33358764648438 -93.19999694824219 1.5499999523162842  155.3251953125 -93.19999694824219 1.5499999523162842  155.3290252685547 -93.19999694824219 1.5398911237716675
T Nodo051  155.33358764648438 -93.19999694824219 1.5499999523162842  155.3290252685547 -93.19999694824219 1.5398911237716675  155.33815002441406 -93.19999694824219 1.5428396463394165
T Nodo051  155.3251953125 -93.19999694824219 1.5499999523162842  155.31649780273438 -93.19999694824219 1.5499999523162842  155.3191680908203 -93.19999694824219 1.5449999570846558
T Nodo051  155.31649780273438 -93.19999694824219 1.5499999523162842  155.30809020996094 -93.19999694824219 1.5499999523162842  155.310546875 -93.19999694824219 1.5449999570846558
T Nodo051  155.30809020996094 -93.19999694824219 1.5499999523162842  155.2993927001953 -93.19999694824219 1.5499999523162842  155.3019256591797 -93.19999694824219 1.5449999570846558
T Nodo051  155.2993927001953 -93.19999694824219 1.5499999523162842  155.29098510742188 -93.19999694824219 1.5499999523162842  155.29330444335938 -93.19999694824219 1.5449999570846558
T Nodo051  155.29098510742188 -93.19999694824219 1.5499999523162842  155.28228759765625 -93.19999694824219 1.5499999523162842  155.28396606445312 -93.19999694824219 1.5449999570846558
T Nodo051  155.27389526367188 -93.19999694824219 1.5499999523162842  155.26519775390625 -93.19999694824219 1.5499999523162842  155.272705078125 -93.19999694824219 1.5449999570846558
T Nodo051  155.25379943847656 -93.19999694824219 1.5499999523162842  155.24508666992188 -93.19999694824219 1.5499999523162842  155.24684143066406 -93.19999694824219 1.5449999570846558
T Nodo051  155.24508666992188 -93.19999694824219 1.5499999523162842  155.2366943359375 -93.19999694824219 1.5499999523162842  155.23822021484375 -93.19999694824219 1.5449999570846558
T Nodo051  155.2366943359375 -93.19999694824219 1.5499999523162842  155.22799682617188 -93.19999694824219 1.5499999523162842  155.22959899902344 -93.19999694824219 1.5449999570846558
T Nodo051  155.22799682617188 -93.19999694824219 1.5499999523162842  155.21929931640625 -93.19999694824219 1.5499999523162842  155.22097778320312 -93.19999694824219 1.5449999570846558
T Nodo051  155.21929931640625 -93.19999694824219 1.5499999523162842  155.2108917236328 -93.19999694824219 1.5499999523162842  155.2123565673828 -93.19999694824219 1.5449999570846558
T Nodo051  155.2108917236328 -93.19999694824219 1.5499999523162842  155.2021942138672 -93.19999694824219 1.5499999523162842  155.2037353515625 -93.19999694824219 1.5449999570846558
T Nodo051  155.2021942138672 -93.19999694824219 1.5499999523162842  155.19378662109375 -93.19999694824219 1.5499999523162842  155.1951141357422 -93.19999694824219 1.5449999570846558
T Nodo051  155.19378662109375 -93.19999694824219 1.5499999523162842  155.18508911132812 -93.19999694824219 1.5499999523162842  155.18649291992188 -93.19999694824219 1.5449999570846558
T Nodo051  155.18508911132812 -93.19999694824219 1.5499999523162842  155.17669677734375 -93.19999694824219 1.5499999523162842  155.17762756347656 -93.19999694824219 1.5449999570846558
T Nodo051  155.17669677734375 -93.19999694824219 1.5499999523162842  155.16648864746094 -93.19999694824219 1.5499999523162842  155.1682891845703 -93.19999694824219 1.5449999570846558
T Nodo051  155.15658569335938 -93.19999694824219 1.5499999523162842  155.14788818359375 -93.19999694824219 1.5499999523162842  155.1488800048828 -93.19999694824219 1.5449999570846558
T Nodo051  155.14788818359375 -93.19999694824219 1.5499999523162842  155.13949584960938 -93.19999694824219 1.5499999523162842  155.1402587890625 -93.19999694824219 1.5449999570846558
T Nodo051  155.13949584960938 -93.19999694824219 1.5499999523162842  155.13079833984375 -93.19999694824219 1.5499999523162842  155.1316375732422 -93.19999694824219 1.5449999570846558
T Nodo051  155.13079833984375 -93.19999694824219 1.5499999523162842  155.1223907470703 -93.19999694824219 1.5499999523162842  155.12301635742188 -93.19999694824219 1.5449999570846558
T Nodo051  155.1223907470703 -93.19999694824219 1.5499999523162842  155.1136932373047 -93.19999694824219 1.5499999523162842  155.11439514160156 -93.19999694824219 1.5449999570846558
T Nodo051  155.1136932373047 -93.19999694824219 1.5499999523162842  155.10528564453125 -93.19999694824219 1.5499999523162842  155.10577392578125 -93.19999694824219 1.5449999570846558
T Nodo051  155.10528564453125 -93.19999694824219 1.5499999523162842  155.09658813476562 -93.19999694824219 1.5499999523162842  155.09715270996094 -93.19999694824219 1.5449999570846558
T Nodo051  155.09658813476562 -93.19999694824219 1.5499999523162842  155.08819580078125 -93.19999694824219 1.5499999523162842  155.08853149414062 -93.19999694824219 1.5449999570846558
T Nodo051  155.07949829101562 -93.19999694824219 1.5499999523162842  155.0710906982422 -93.19999694824219 1.5499999523162842  155.0710906982422 -93.19999694824219 1.5420000553131104
T Nodo051  155.0710906982422 -93.19999694824219 1.5180000066757202  155.0710906982422 -93.19999694824219 1.5099999904632568  155.0796661376953 -93.19999694824219 1.5099999904632568
T Nodo051  155.0710906982422 -93.19999694824219 1.5260000228881836  155.0710906982422 -93.19999694824219 1.5180000066757202  155.0796661376953 -93.19999694824219 1.518784999847412
T Nodo051  155.0710906982422 -93.19999694824219 1.534000039100647  155.0710906982422 -93.19999694824219 1.5260000228881836  155.0796661376953 -93.19999694824219 1.527500033378601
T Nodo051  155.0710906982422 -93.19999694824219 1.5420000553131104  155.0710906982422 -93.19999694824219 1.534000039100647  155.0796661376953 -93.19999694824219 1.5362499952316284
T Nodo051  155.0710906982422 -93.19999694824219 1.5180000066757202  155.0796661376953 -93.19999694824219 1.5099999904632568  155.0796661376953 -93.19999694824219 1.518784999847412
T Nodo051  155.0710906982422 -93.19999694824219 1.5260000228881836  155.0796661376953 -93.19999694824219 1.518784999847412  155.0796661376953 -93.19999694824219 1.527500033378601
T Nodo051  155.0796661376953 -93.19999694824219 1.527500033378601  155.0796661376953 -93.19999694824219 1.5362499952316284  155.0710906982422 -93.19999694824219 1.534000039100647
T Nodo051  155.08853149414062 -93.19999694824219 1.5449999570846558  155.09715270996094 -93.19999694824219 1.5449999570846558  155.09658813476562 -93.19999694824219 1.5499999523162842
T Nodo051  155.09715270996094 -93.19999694824219 1.5449999570846558  155.10577392578125 -93.19999694824219 1.5449999570846558  155.10528564453125 -93.19999694824219 1.5499999523162842
T Nodo051  155.10577392578125 -93.19999694824219 1.5449999570846558  155.11439514160156 -93.19999694824219 1.5449999570846558  155.1136932373047 -93.19999694824219 1.5499999523162842
T Nodo051  155.11439514160156 -93.19999694824219 1.5449999570846558  155.12301635742188 -93.19999694824219 1.5449999570846558  155.1223907470703 -93.19999694824219 1.5499999523162842
T Nodo051  155.12301635742188 -93.19999694824219 1.5449999570846558  155.1316375732422 -93.19999694824219 1.5449999570846558  155.13079833984375 -93.19999694824219 1.5499999523162842
T Nodo051  155.1316375732422 -93.19999694824219 1.5449999570846558  155.1402587890625 -93.19999694824219 1.5449999570846558  155.13949584960938 -93.19999694824219 1.5499999523162842
T Nodo051  155.1402587890625 -93.19999694824219 1.5449999570846558  155.1488800048828 -93.19999694824219 1.5449999570846558  155.14788818359375 -93.19999694824219 1.5499999523162842
T Nodo051  155.1488800048828 -93.19999694824219 1.5449999570846558  155.15750122070312 -93.19999694824219 1.5449999570846558  155.15658569335938 -93.19999694824219 1.5499999523162842
T Nodo051  155.1682891845703 -93.19999694824219 1.5449999570846558  155.17762756347656 -93.19999694824219 1.5449999570846558  155.17669677734375 -93.19999694824219 1.5499999523162842
T Nodo051  155.17762756347656 -93.19999694824219 1.5449999570846558  155.18649291992188 -93.19999694824219 1.5449999570846558  155.18508911132812 -93.19999694824219 1.5499999523162842
T Nodo051  155.18649291992188 -93.19999694824219 1.5449999570846558  155.1951141357422 -93.19999694824219 1.5449999570846558  155.19378662109375 -93.19999694824219 1.5499999523162842
T Nodo051  155.1951141357422 -93.19999694824219 1.5449999570846558  155.2037353515625 -93.19999694824219 1.5449999570846558  155.2021942138672 -93.19999694824219 1.5499999523162842
T Nodo051  155.2037353515625 -93.19999694824219 1.5449999570846558  155.2123565673828 -93.19999694824219 1.5449999570846558  155.2108917236328 -93.19999694824219 1.5499999523162842
T Nodo051  155.2123565673828 -93.19999694824219 1.5449999570846558  155.22097778320312 -93.19999694824219 1.5449999570846558  155.21929931640625 -93.19999694824219 1.5499999523162842
T Nodo051  155.22097778320312 -93.19999694824219 1.5449999570846558  155.22959899902344 -93.19999694824219 1.5449999570846558  155.22799682617188 -93.19999694824219 1.5499999523162842
T Nodo051  155.22959899902344 -93.19999694824219 1.5449999570846558  155.23822021484375 -93.19999694824219 1.5449999570846558  155.2366943359375 -93.19999694824219 1.5499999523162842
T Nodo051  155.23822021484375 -93.19999694824219 1.5449999570846558  155.24684143066406 -93.19999694824219 1.5449999570846558  155.24508666992188 -93.19999694824219 1.5499999523162842
T Nodo051  155.24684143066406 -93.19999694824219 1.5449999570846558  155.25546264648438 -93.19999694824219 1.5449999570846558  155.25379943847656 -93.19999694824219 1.5499999523162842
T Nodo051  155.2640838623047 -93.19999694824219 1.5449999570846558  155.272705078125 -93.19999694824219 1.5449999570846558  155.26519775390625 -93.19999694824219 1.5499999523162842
T Nodo051  155.28396606445312 -93.19999694824219 1.5449999570846558  155.29330444335938 -93.19999694824219 1.5449999570846558  155.29098510742188 -93.19999694824219 1.5499999523162842
T Nodo051  155.29330444335938 -93.19999694824219 1.5449999570846558  155.3019256591797 -93.19999694824219 1.5449999570846558  155.2993927001953 -93.19999694824219 1.5499999523162842
T Nodo051  155.3019256591797 -93.19999694824219 1.5449999570846558  155.310546875 -93.19999694824219 1.5449999570846558  155.30809020996094 -93.19999694824219 1.5499999523162842
T Nodo051  155.310546875 -93.19999694824219 1.5449999570846558  155.3191680908203 -93.19999694824219 1.5449999570846558  155.31649780273438 -93.19999694824219 1.5499999523162842
T Nodo051  155.3251953125 -93.19999694824219 1.5499999523162842  155.3191680908203 -93.19999694824219 1.5449999570846558  155.3290252685547 -93.19999694824219 1.5398911237716675
T Nodo051  155.33645629882812 -93.19999694824219 1.5099999904632568  155.35374450683594 -93.19999694824219 1.5099999904632568  155.34133911132812 -93.19999694824219 1.531270980834961
T Nodo051  155.37109375 -93.19999694824219 1.5362800359725952  155.36239624023438 -93.19999694824219 1.5499999523162842  155.35507202148438 -93.19999694824219 1.5378018617630005
T Nodo051  155.35069274902344 -93.19999694824219 1.5499999523162842  155.34584045410156 -93.19999694824219 1.542433500289917  155.35507202148438 -93.19999694824219 1.5378018617630005
T Nodo051  155.36239624023438 -93.19999694824219 1.5499999523162842  155.35069274902344 -93.19999694824219 1.5499999523162842  155.35507202148438 -93.19999694824219 1.5378018617630005
T Nodo051  155.3290252685547 -93.19999694824219 1.5398911237716675  155.3191680908203 -93.19999694824219 1.5449999570846558  155.3191680908203 -93.19999694824219 1.5324000120162964
T Nodo051  155.27389526367188 -93.19999694824219 1.5499999523162842  155.272705078125 -93.19999694824219 1.5449999570846558  155.28396606445312 -93.19999694824219 1.5449999570846558
T Nodo051  155.2640838623047 -93.19999694824219 1.5449999570846558  155.26519775390625 -93.19999694824219 1.5499999523162842  155.25379943847656 -93.19999694824219 1.5499999523162842
T Nodo051  155.16648864746094 -93.19999694824219 1.5499999523162842  155.15658569335938 -93.19999694824219 1.5499999523162842  155.15750122070312 -93.19999694824219 1.5449999570846558
T Nodo051  155.08819580078125 -93.19999694824219 1.5499999523162842  155.07949829101562 -93.19999694824219 1.5499999523162842  155.0796661376953 -93.19999694824219 1.5449999570846558
T Nodo051  155.0796661376953 -93.19999694824219 1.5449999570846558  155.08853149414062 -93.19999694824219 1.5449999570846558  155.08819580078125 -93.19999694824219 1.5499999523162842
T Nodo051  155.15750122070312 -93.19999694824219 1.5449999570846558  155.1682891845703 -93.19999694824219 1.5449999570846558  155.16648864746094 -93.19999694824219 1.5499999523162842
T Nodo051  155.3191680908203 -93.19999694824219 1.5324000120162964  155.3191680908203 -93.19999694824219 1.5099999904632568  155.32936096191406 -93.19999694824219 1.5250614881515503
T Nodo051  155.35374450683594 -93.19999694824219 1.5099999904632568  155.37109375 -93.19999694824219 1.5362800359725952  155.35507202148438 -93.19999694824219 1.5378018617630005
T Nodo051  155.3191680908203 -93.19999694824219 1.5324000120162964  155.32936096191406 -93.19999694824219 1.5250614881515503  155.3290252685547 -93.19999694824219 1.5398911237716675
T Nodo051  155.3191680908203 -93.19999694824219 1.5099999904632568  155.33645629882812 -93.19999694824219 1.5099999904632568  155.32936096191406 -93.19999694824219 1.5250614881515503
T Nodo051  155.34584045410156 -93.19999694824219 1.542433500289917  155.33815002441406 -93.19999694824219 1.5428396463394165  155.34133911132812 -93.19999694824219 1.531270980834961
T Nodo051  155.28228759765625 -93.19999694824219 1.5499999523162842  155.27389526367188 -93.19999694824219 1.5499999523162842  155.28396606445312 -93.19999694824219 1.5449999570846558
T Nodo051  155.25379943847656 -93.19999694824219 1.5499999523162842  155.25546264648438 -93.19999694824219 1.5449999570846558  155.2640838623047 -93.19999694824219 1.5449999570846558
T Nodo051  155.0796661376953 -93.19999694824219 1.5449999570846558  155.07949829101562 -93.19999694824219 1.5499999523162842  155.0710906982422 -93.19999694824219 1.5420000553131104
T Nodo051  155.0710906982422 -93.19999694824219 1.5420000553131104  155.0796661376953 -93.19999694824219 1.5362499952316284  155.0796661376953 -93.19999694824219 1.5449999570846558
T Nodo051  155.35507202148438 -93.19999694824219 1.5378018617630005  155.34584045410156 -93.19999694824219 1.542433500289917  155.34133911132812 -93.19999694824219 1.531270980834961
T Nodo051  155.34133911132812 -93.19999694824219 1.531270980834961  155.35374450683594 -93.19999694824219 1.5099999904632568  155.35507202148438 -93.19999694824219 1.5378018617630005
T Nodo051  155.32936096191406 -93.19999694824219 1.5250614881515503  155.33645629882812 -93.19999694824219 1.5099999904632568  155.34133911132812 -93.19999694824219 1.531270980834961
T Nodo051  155.32936096191406 -93.19999694824219 1.5250614881515503  155.34133911132812 -93.19999694824219 1.531270980834961  155.3290252685547 -93.19999694824219 1.5398911237716675
T Nodo051  155.34133911132812 -93.19999694824219 1.531270980834961  155.33815002441406 -93.19999694824219 1.5428396463394165  155.3290252685547 -93.19999694824219 1.5398911237716675
T Nodo051  154.96519470214844 -91.29376983642578 1.5499999523162842  154.9210968017578 -91.4000015258789 1.5499999523162842  155.04457092285156 -91.35429382324219 1.5499999523162842
T Nodo051  154.96519470214844 -91.29376983642578 1.5499999523162842  155.04457092285156 -91.35429382324219 1.5499999523162842  155.0710906982422 -91.25 1.5499999523162842
T Nodo051  155.2165985107422 -91.25 1.5499999523162842  155.0710906982422 -91.25 1.5499999523162842  155.14761352539062 -91.34009552001953 1.5499999523162842
T Nodo051  155.0710906982422 -91.25 1.5499999523162842  155.04457092285156 -91.35429382324219 1.5499999523162842  155.14761352539062 -91.34009552001953 1.5499999523162842
T Nodo051  155.37109375 -91.25 1.5499999523162842  155.2165985107422 -91.25 1.5499999523162842  155.2711181640625 -91.36581420898438 1.5499999523162842
T Nodo051  155.2165985107422 -91.25 1.5499999523162842  155.14761352539062 -91.34009552001953 1.5499999523162842  155.2711181640625 -91.36581420898438 1.5499999523162842
T Nodo051  155.47715759277344 -91.29393768310547 1.5499999523162842  155.37109375 -91.25 1.5499999523162842  155.3982696533203 -91.3627700805664 1.5499999523162842
T Nodo051  155.52108764648438 -91.4000015258789 1.5499999523162842  155.47715759277344 -91.29393768310547 1.5499999523162842  155.3982696533203 -91.3627700805664 1.5499999523162842
T Nodo051  155.37109375 -91.25 1.5499999523162842  155.2711181640625 -91.36581420898438 1.5499999523162842  155.3982696533203 -91.3627700805664 1.5499999523162842
T Nodo051  155.52108764648438 -92.50385284423828 1.5499999523162842  155.52108764648438 -92.02040100097656 1.5499999523162842  154.9210968017578 -92.17054748535156 1.5499999523162842
T Nodo051  155.52108764648438 -93.05000305175781 1.5499999523162842  155.52108764648438 -92.85530090332031 1.5499999523162842  155.31195068359375 -92.94444274902344 1.5499999523162842
T Nodo051  155.47698974609375 -93.15623474121094 1.5499999523162842  155.52108764648438 -93.05000305175781 1.5499999523162842  155.345947265625 -93.09361267089844 1.5499999523162842
T Nodo051  155.37109375 -93.19999694824219 1.5499999523162842  155.47698974609375 -93.15623474121094 1.5499999523162842  155.345947265625 -93.09361267089844 1.5499999523162842
T Nodo051  155.52108764648438 -93.05000305175781 1.5499999523162842  155.31195068359375 -92.94444274902344 1.5499999523162842  155.345947265625 -93.09361267089844 1.5499999523162842
T Nodo051  155.2093963623047 -93.19999694824219 1.5499999523162842  155.37109375 -93.19999694824219 1.5499999523162842  155.345947265625 -93.09361267089844 1.5499999523162842
T Nodo051  155.0710906982422 -93.19999694824219 1.5499999523162842  155.2093963623047 -93.19999694824219 1.5499999523162842  155.1755828857422 -93.07704162597656 1.5499999523162842
T Nodo051  154.96502685546875 -93.15606689453125 1.5499999523162842  155.0710906982422 -93.19999694824219 1.5499999523162842  155.04478454589844 -93.08491516113281 1.5499999523162842
T Nodo051  154.9210968017578 -93.05000305175781 1.5499999523162842  154.96502685546875 -93.15606689453125 1.5499999523162842  155.04478454589844 -93.08491516113281 1.5499999523162842
T Nodo051  155.0710906982422 -93.19999694824219 1.5499999523162842  155.1755828857422 -93.07704162597656 1.5499999523162842  155.04478454589844 -93.08491516113281 1.5499999523162842
T Nodo051  155.52108764648438 -91.61284637451172 1.5499999523162842  155.52108764648438 -91.4000015258789 1.5499999523162842  155.35389709472656 -91.49881744384766 1.5499999523162842
T Nodo051  155.52108764648438 -92.02040100097656 1.5499999523162842  155.52108764648438 -91.61284637451172 1.5499999523162842  155.2431640625 -91.73503112792969 1.5499999523162842
T Nodo051  155.2093963623047 -93.19999694824219 1.5499999523162842  155.345947265625 -93.09361267089844 1.5499999523162842  155.1755828857422 -93.07704162597656 1.5499999523162842
T Nodo051  155.52108764648438 -92.85530090332031 1.5499999523162842  155.52108764648438 -92.50385284423828 1.5499999523162842  155.227294921875 -92.71641540527344 1.5499999523162842
T Nodo051  154.9210968017578 -92.81900024414062 1.5499999523162842  154.9210968017578 -93.05000305175781 1.5499999523162842  155.08969116210938 -92.9446792602539 1.5499999523162842
T Nodo051  154.9210968017578 -92.17054748535156 1.5499999523162842  154.9210968017578 -92.81900024414062 1.5499999523162842  155.227294921875 -92.71641540527344 1.5499999523162842
T Nodo051  154.9210968017578 -91.4000015258789 1.5499999523162842  154.9210968017578 -91.66400146484375 1.5499999523162842  155.12423706054688 -91.48391723632812 1.5499999523162842
T Nodo051  155.52108764648438 -92.50385284423828 1.5499999523162842  154.9210968017578 -92.17054748535156 1.5499999523162842  155.227294921875 -92.71641540527344 1.5499999523162842
T Nodo051  155.227294921875 -92.71641540527344 1.5499999523162842  154.9210968017578 -92.81900024414062 1.5499999523162842  155.08969116210938 -92.9446792602539 1.5499999523162842
T Nodo051  155.12423706054688 -91.48391723632812 1.5499999523162842  154.9210968017578 -91.66400146484375 1.5499999523162842  155.2431640625 -91.73503112792969 1.5499999523162842
T Nodo051  155.31195068359375 -92.94444274902344 1.5499999523162842  155.52108764648438 -92.85530090332031 1.5499999523162842  155.227294921875 -92.71641540527344 1.5499999523162842
T Nodo051  155.1755828857422 -93.07704162597656 1.5499999523162842  155.345947265625 -93.09361267089844 1.5499999523162842  155.31195068359375 -92.94444274902344 1.5499999523162842
T Nodo051  155.52108764648438 -91.61284637451172 1.5499999523162842  155.35389709472656 -91.49881744384766 1.5499999523162842  155.2431640625 -91.73503112792969 1.5499999523162842
T Nodo051  154.9210968017578 -91.4000015258789 1.5499999523162842  155.12423706054688 -91.48391723632812 1.5499999523162842  155.04457092285156 -91.35429382324219 1.5499999523162842
T Nodo051  154.9210968017578 -91.66400146484375 1.5499999523162842  154.9210968017578 -92.17054748535156 1.5499999523162842  155.2431640625 -91.73503112792969 1.5499999523162842
T Nodo051  155.2431640625 -91.73503112792969 1.5499999523162842  154.9210968017578 -92.17054748535156 1.5499999523162842  155.52108764648438 -92.02040100097656 1.5499999523162842
T Nodo051  155.04457092285156 -91.35429382324219 1.5499999523162842  155.12423706054688 -91.48391723632812 1.5499999523162842  155.14761352539062 -91.34009552001953 1.5499999523162842
T Nodo051  155.52108764648438 -91.4000015258789 1.5499999523162842  155.3982696533203 -91.3627700805664 1.5499999523162842  155.35389709472656 -91.49881744384766 1.5499999523162842
T Nodo051  155.2711181640625 -91.36581420898438 1.5499999523162842  155.14761352539062 -91.34009552001953 1.5499999523162842  155.12423706054688 -91.48391723632812 1.5499999523162842
T Nodo051  155.3982696533203 -91.3627700805664 1.5499999523162842  155.2711181640625 -91.36581420898438 1.5499999523162842  155.35389709472656 -91.49881744384766 1.5499999523162842
T Nodo051  155.35389709472656 -91.49881744384766 1.5499999523162842  155.2711181640625 -91.36581420898438 1.5499999523162842  155.12423706054688 -91.48391723632812 1.5499999523162842
T Nodo051  155.227294921875 -92.71641540527344 1.5499999523162842  155.08969116210938 -92.9446792602539 1.5499999523162842  155.31195068359375 -92.94444274902344 1.5499999523162842
T Nodo051  155.12423706054688 -91.48391723632812 1.5499999523162842  155.2431640625 -91.73503112792969 1.5499999523162842  155.35389709472656 -91.49881744384766 1.5499999523162842
T Nodo051  155.08969116210938 -92.9446792602539 1.5499999523162842  154.9210968017578 -93.05000305175781 1.5499999523162842  155.04478454589844 -93.08491516113281 1.5499999523162842
T Nodo051  155.04478454589844 -93.08491516113281 1.5499999523162842  155.1755828857422 -93.07704162597656 1.5499999523162842  155.08969116210938 -92.9446792602539 1.5499999523162842
T Nodo051  155.1755828857422 -93.07704162597656 1.5499999523162842  155.31195068359375 -92.94444274902344 1.5499999523162842  155.08969116210938 -92.9446792602539 1.5499999523162842
T Nodo051  155.16014099121094 -93.19999694824219 1.5449999570846558  155.0796661376953 -93.19999694824219 1.5449999570846558  155.13760375976562 -93.29602813720703 1.5449999570846558
T Nodo051  154.20281982421875 -94.07685089111328 1.5449999570846558  154.12966918945312 -94.1500015258789 1.5449999570846558  154.21942138671875 -94.22413635253906 1.5449999570846558
T Nodo051  154.27691650390625 -94.00274658203125 1.5449999570846558  154.20281982421875 -94.07685089111328 1.5449999570846558  154.29498291015625 -94.12889099121094 1.5449999570846558
T Nodo051  154.20281982421875 -94.07685089111328 1.5449999570846558  154.21942138671875 -94.22413635253906 1.5449999570846558  154.29498291015625 -94.12889099121094 1.5449999570846558
T Nodo051  154.3519744873047 -93.92769622802734 1.5449999570846558  154.27691650390625 -94.00274658203125 1.5449999570846558  154.37335205078125 -94.04714965820312 1.5449999570846558
T Nodo051  154.27691650390625 -94.00274658203125 1.5449999570846558  154.29498291015625 -94.12889099121094 1.5449999570846558  154.37335205078125 -94.04714965820312 1.5449999570846558
T Nodo051  154.42416381835938 -93.85549926757812 1.5449999570846558  154.3519744873047 -93.92769622802734 1.5449999570846558  154.4508819580078 -93.9689712524414 1.5449999570846558
T Nodo051  154.3519744873047 -93.92769622802734 1.5449999570846558  154.37335205078125 -94.04714965820312 1.5449999570846558  154.4508819580078 -93.9689712524414 1.5449999570846558
T Nodo051  154.497314453125 -93.7823486328125 1.5449999570846558  154.42416381835938 -93.85549926757812 1.5449999570846558  154.52789306640625 -93.8918685913086 1.5449999570846558
T Nodo051  154.42416381835938 -93.85549926757812 1.5449999570846558  154.4508819580078 -93.9689712524414 1.5449999570846558  154.52789306640625 -93.8918685913086 1.5449999570846558
T Nodo051  154.57046508789062 -93.70919799804688 1.5449999570846558  154.497314453125 -93.7823486328125 1.5449999570846558  154.6058807373047 -93.81389617919922 1.5449999570846558
T Nodo051  154.497314453125 -93.7823486328125 1.5449999570846558  154.52789306640625 -93.8918685913086 1.5449999570846558  154.6058807373047 -93.81389617919922 1.5449999570846558
T Nodo051  154.64361572265625 -93.63604736328125 1.5449999570846558  154.57046508789062 -93.70919799804688 1.5449999570846558  154.683837890625 -93.73583221435547 1.5449999570846558
T Nodo051  154.57046508789062 -93.70919799804688 1.5449999570846558  154.6058807373047 -93.81389617919922 1.5449999570846558  154.683837890625 -93.73583221435547 1.5449999570846558
T Nodo051  154.71676635742188 -93.56289672851562 1.5449999570846558  154.64361572265625 -93.63604736328125 1.5449999570846558  154.7605438232422 -93.6588363647461 1.5449999570846558
T Nodo051  154.64361572265625 -93.63604736328125 1.5449999570846558  154.683837890625 -93.73583221435547 1.5449999570846558  154.7605438232422 -93.6588363647461 1.5449999570846558
T Nodo051  154.7899169921875 -93.48975372314453 1.5449999570846558  154.71676635742188 -93.56289672851562 1.5449999570846558  154.8359832763672 -93.58206939697266 1.5449999570846558
T Nodo051  154.71676635742188 -93.56289672851562 1.5449999570846558  154.7605438232422 -93.6588363647461 1.5449999570846558  154.8359832763672 -93.58206939697266 1.5449999570846558
T Nodo051  154.8659210205078 -93.41374969482422 1.5449999570846558  154.7899169921875 -93.48975372314453 1.5449999570846558  154.90650939941406 -93.5047836303711 1.5449999570846558
T Nodo051  154.7899169921875 -93.48975372314453 1.5449999570846558  154.8359832763672 -93.58206939697266 1.5449999570846558  154.90650939941406 -93.5047836303711 1.5449999570846558
T Nodo051  154.93907165527344 -93.3405990600586 1.5449999570846558  154.8659210205078 -93.41374969482422 1.5449999570846558  154.95677185058594 -93.43028259277344 1.5449999570846558
T Nodo051  154.8659210205078 -93.41374969482422 1.5449999570846558  154.90650939941406 -93.5047836303711 1.5449999570846558  154.95677185058594 -93.43028259277344 1.5449999570846558
T Nodo051  155.0112762451172 -93.26840209960938 1.5449999570846558  154.93907165527344 -93.3405990600586 1.5449999570846558  155.0343017578125 -93.37937927246094 1.5449999570846558
T Nodo051  154.93907165527344 -93.3405990600586 1.5449999570846558  154.95677185058594 -93.43028259277344 1.5449999570846558  155.0343017578125 -93.37937927246094 1.5449999570846558
T Nodo051  155.0796661376953 -93.19999694824219 1.5449999570846558  155.0112762451172 -93.26840209960938 1.5449999570846558  155.13760375976562 -93.29602813720703 1.5449999570846558
T Nodo051  150.90565490722656 -94.1500015258789 1.5449999570846558  150.80250549316406 -94.1500015258789 1.5449999570846558  150.8034210205078 -94.26470184326172 1.5449999570846558
T Nodo051  151.0254364013672 -94.1500015258789 1.5449999570846558  150.90565490722656 -94.1500015258789 1.5449999570846558  150.96661376953125 -94.24850463867188 1.5449999570846558
T Nodo051  151.1385498046875 -94.1500015258789 1.5449999570846558  151.0254364013672 -94.1500015258789 1.5449999570846558  151.0880126953125 -94.23047637939453 1.5449999570846558
T Nodo051  151.24502563476562 -94.1500015258789 1.5449999570846558  151.1385498046875 -94.1500015258789 1.5449999570846558  151.20127868652344 -94.24562072753906 1.5449999570846558
T Nodo051  151.1385498046875 -94.1500015258789 1.5449999570846558  151.0880126953125 -94.23047637939453 1.5449999570846558  151.20127868652344 -94.24562072753906 1.5449999570846558
T Nodo051  151.36480712890625 -94.1500015258789 1.5449999570846558  151.24502563476562 -94.1500015258789 1.5449999570846558  151.31752014160156 -94.2289810180664 1.5449999570846558
T Nodo051  151.24502563476562 -94.1500015258789 1.5449999570846558  151.20127868652344 -94.24562072753906 1.5449999570846558  151.31752014160156 -94.2289810180664 1.5449999570846558
T Nodo051  151.46461486816406 -94.1500015258789 1.5449999570846558  151.36480712890625 -94.1500015258789 1.5449999570846558  151.42739868164062 -94.24423217773438 1.5449999570846558
T Nodo051  151.36480712890625 -94.1500015258789 1.5449999570846558  151.31752014160156 -94.2289810180664 1.5449999570846558  151.42739868164062 -94.24423217773438 1.5449999570846558
T Nodo051  151.5843963623047 -94.1500015258789 1.5449999570846558  151.46461486816406 -94.1500015258789 1.5449999570846558  151.53709411621094 -94.22315216064453 1.5449999570846558
T Nodo051  151.46461486816406 -94.1500015258789 1.5449999570846558  151.42739868164062 -94.24423217773438 1.5449999570846558  151.53709411621094 -94.22315216064453 1.5449999570846558
T Nodo051  151.68753051757812 -94.1500015258789 1.5449999570846558  151.5843963623047 -94.1500015258789 1.5449999570846558  151.6280517578125 -94.2234115600586 1.5449999570846558
T Nodo051  151.5843963623047 -94.1500015258789 1.5449999570846558  151.53709411621094 -94.22315216064453 1.5449999570846558  151.6280517578125 -94.2234115600586 1.5449999570846558
T Nodo051  151.80731201171875 -94.1500015258789 1.5449999570846558  151.68753051757812 -94.1500015258789 1.5449999570846558  151.73826599121094 -94.24444580078125 1.5449999570846558
T Nodo051  151.92044067382812 -94.1500015258789 1.5449999570846558  151.80731201171875 -94.1500015258789 1.5449999570846558  151.85243225097656 -94.22933959960938 1.5449999570846558
T Nodo051  152.0269012451172 -94.1500015258789 1.5449999570846558  151.92044067382812 -94.1500015258789 1.5449999570846558  151.9669647216797 -94.24539184570312 1.5449999570846558
T Nodo051  151.92044067382812 -94.1500015258789 1.5449999570846558  151.85243225097656 -94.22933959960938 1.5449999570846558  151.9669647216797 -94.24539184570312 1.5449999570846558
T Nodo051  152.1466827392578 -94.1500015258789 1.5449999570846558  152.0269012451172 -94.1500015258789 1.5449999570846558  152.0799102783203 -94.22955322265625 1.5449999570846558
T Nodo051  152.0269012451172 -94.1500015258789 1.5449999570846558  151.9669647216797 -94.24539184570312 1.5449999570846558  152.0799102783203 -94.22955322265625 1.5449999570846558
T Nodo051  152.2465057373047 -94.1500015258789 1.5449999570846558  152.1466827392578 -94.1500015258789 1.5449999570846558  152.193359375 -94.24544525146484 1.5449999570846558
T Nodo051  152.1466827392578 -94.1500015258789 1.5449999570846558  152.0799102783203 -94.22955322265625 1.5449999570846558  152.193359375 -94.24544525146484 1.5449999570846558
T Nodo051  152.35629272460938 -94.1500015258789 1.5449999570846558  152.2465057373047 -94.1500015258789 1.5449999570846558  152.30386352539062 -94.2294692993164 1.5449999570846558
T Nodo051  152.46609497070312 -94.1500015258789 1.5449999570846558  152.35629272460938 -94.1500015258789 1.5449999570846558  152.41629028320312 -94.24532318115234 1.5449999570846558
T Nodo051  152.58920288085938 -94.1500015258789 1.5449999570846558  152.46609497070312 -94.1500015258789 1.5449999570846558  152.53268432617188 -94.22966003417969 1.5449999570846558
T Nodo051  152.46609497070312 -94.1500015258789 1.5449999570846558  152.41629028320312 -94.24532318115234 1.5449999570846558  152.53268432617188 -94.22966003417969 1.5449999570846558
T Nodo051  152.6890106201172 -94.1500015258789 1.5449999570846558  152.58920288085938 -94.1500015258789 1.5449999570846558  152.64523315429688 -94.24529266357422 1.5449999570846558
T Nodo051  152.58920288085938 -94.1500015258789 1.5449999570846558  152.53268432617188 -94.22966003417969 1.5449999570846558  152.64523315429688 -94.24529266357422 1.5449999570846558
T Nodo051  152.8087921142578 -94.1500015258789 1.5449999570846558  152.6890106201172 -94.1500015258789 1.5449999570846558  152.75929260253906 -94.22903442382812 1.5449999570846558
T Nodo051  152.6890106201172 -94.1500015258789 1.5449999570846558  152.64523315429688 -94.24529266357422 1.5449999570846558  152.75929260253906 -94.22903442382812 1.5449999570846558
T Nodo051  152.90859985351562 -94.1500015258789 1.5449999570846558  152.8087921142578 -94.1500015258789 1.5449999570846558  152.86944580078125 -94.24436950683594 1.5449999570846558
T Nodo051  152.8087921142578 -94.1500015258789 1.5449999570846558  152.75929260253906 -94.22903442382812 1.5449999570846558  152.86944580078125 -94.24436950683594 1.5449999570846558
T Nodo051  153.02838134765625 -94.1500015258789 1.5449999570846558  152.90859985351562 -94.1500015258789 1.5449999570846558  152.9797821044922 -94.22344207763672 1.5449999570846558
T Nodo051  152.90859985351562 -94.1500015258789 1.5449999570846558  152.86944580078125 -94.24436950683594 1.5449999570846558  152.9797821044922 -94.22344207763672 1.5449999570846558
T Nodo051  153.13818359375 -94.1500015258789 1.5449999570846558  153.02838134765625 -94.1500015258789 1.5449999570846558  153.07179260253906 -94.22339630126953 1.5449999570846558
T Nodo051  153.2479705810547 -94.1500015258789 1.5449999570846558  153.13818359375 -94.1500015258789 1.5449999570846558  153.18162536621094 -94.24440002441406 1.5449999570846558
T Nodo051  153.37107849121094 -94.1500015258789 1.5449999570846558  153.2479705810547 -94.1500015258789 1.5449999570846558  153.29449462890625 -94.22908020019531 1.5449999570846558
T Nodo051  153.2479705810547 -94.1500015258789 1.5449999570846558  153.18162536621094 -94.24440002441406 1.5449999570846558  153.29449462890625 -94.22908020019531 1.5449999570846558
T Nodo051  153.47088623046875 -94.1500015258789 1.5449999570846558  153.37107849121094 -94.1500015258789 1.5449999570846558  153.41004943847656 -94.24533081054688 1.5449999570846558
T Nodo051  153.37107849121094 -94.1500015258789 1.5449999570846558  153.29449462890625 -94.22908020019531 1.5449999570846558  153.41004943847656 -94.24533081054688 1.5449999570846558
T Nodo051  153.57403564453125 -94.1500015258789 1.5449999570846558  153.47088623046875 -94.1500015258789 1.5449999570846558  153.51821899414062 -94.22924041748047 1.5449999570846558
T Nodo051  153.47088623046875 -94.1500015258789 1.5449999570846558  153.41004943847656 -94.24533081054688 1.5449999570846558  153.51821899414062 -94.22924041748047 1.5449999570846558
T Nodo051  153.69049072265625 -94.1500015258789 1.5449999570846558  153.57403564453125 -94.1500015258789 1.5449999570846558  153.63099670410156 -94.24535369873047 1.5449999570846558
T Nodo051  153.8069305419922 -94.1500015258789 1.5449999570846558  153.69049072265625 -94.1500015258789 1.5449999570846558  153.74603271484375 -94.22978210449219 1.5449999570846558
T Nodo051  153.9100799560547 -94.1500015258789 1.5449999570846558  153.8069305419922 -94.1500015258789 1.5449999570846558  153.85919189453125 -94.24556732177734 1.5449999570846558
T Nodo051  153.8069305419922 -94.1500015258789 1.5449999570846558  153.74603271484375 -94.22978210449219 1.5449999570846558  153.85919189453125 -94.24556732177734 1.5449999570846558
T Nodo051  154.0298614501953 -94.1500015258789 1.5449999570846558  153.9100799560547 -94.1500015258789 1.5449999570846558  153.96974182128906 -94.22799682617188 1.5449999570846558
T Nodo051  153.9100799560547 -94.1500015258789 1.5449999570846558  153.85919189453125 -94.24556732177734 1.5449999570846558  153.96974182128906 -94.22799682617188 1.5449999570846558
T Nodo051  154.12966918945312 -94.1500015258789 1.5449999570846558  154.0298614501953 -94.1500015258789 1.5449999570846558  154.06271362304688 -94.24505615234375 1.5449999570846558
T Nodo051  154.0298614501953 -94.1500015258789 1.5449999570846558  153.96974182128906 -94.22799682617188 1.5449999570846558  154.06271362304688 -94.24505615234375 1.5449999570846558
T Nodo051  150.4258270263672 -93.77434539794922 1.5449999570846558  150.36090087890625 -93.70960998535156 1.5449999570846558  150.3448028564453 -93.78874969482422 1.5449999570846558
T Nodo051  150.497802734375 -93.84613037109375 1.5449999570846558  150.4258270263672 -93.77434539794922 1.5449999570846558  150.39112854003906 -93.8685073852539 1.5449999570846558
T Nodo051  150.4258270263672 -93.77434539794922 1.5449999570846558  150.3448028564453 -93.78874969482422 1.5449999570846558  150.39112854003906 -93.8685073852539 1.5449999570846558
T Nodo051  150.57376098632812 -93.921875 1.5449999570846558  150.497802734375 -93.84613037109375 1.5449999570846558  150.45738220214844 -93.94363403320312 1.5449999570846558
T Nodo051  150.65016174316406 -93.99806213378906 1.5449999570846558  150.57376098632812 -93.921875 1.5449999570846558  150.53111267089844 -94.02020263671875 1.5449999570846558
T Nodo051  150.57376098632812 -93.921875 1.5449999570846558  150.45738220214844 -93.94363403320312 1.5449999570846558  150.53111267089844 -94.02020263671875 1.5449999570846558
T Nodo051  150.7265625 -94.07425689697266 1.5449999570846558  150.65016174316406 -93.99806213378906 1.5449999570846558  150.6136932373047 -94.11040496826172 1.5449999570846558
T Nodo051  150.65016174316406 -93.99806213378906 1.5449999570846558  150.53111267089844 -94.02020263671875 1.5449999570846558  150.6136932373047 -94.11040496826172 1.5449999570846558
T Nodo051  150.80250549316406 -94.1500015258789 1.5449999570846558  150.7265625 -94.07425689697266 1.5449999570846558  150.6973419189453 -94.16205596923828 1.5449999570846558
T Nodo051  150.7265625 -94.07425689697266 1.5449999570846558  150.6136932373047 -94.11040496826172 1.5449999570846558  150.6973419189453 -94.16205596923828 1.5449999570846558
T Nodo051  150.3448028564453 -93.78874969482422 1.5449999570846558  150.26666259765625 -93.89569091796875 1.5449999570846558  150.39112854003906 -93.8685073852539 1.5449999570846558
T Nodo051  150.62960815429688 -94.2574691772461 1.5449999570846558  150.70553588867188 -94.33314514160156 1.5449999570846558  150.72727966308594 -94.23531341552734 1.5449999570846558
T Nodo051  150.5563201904297 -94.18441009521484 1.5449999570846558  150.62960815429688 -94.2574691772461 1.5449999570846558  150.6136932373047 -94.11040496826172 1.5449999570846558
T Nodo051  150.4825897216797 -94.11092376708984 1.5449999570846558  150.5563201904297 -94.18441009521484 1.5449999570846558  150.6136932373047 -94.11040496826172 1.5449999570846558
T Nodo051  150.4093017578125 -94.0378646850586 1.5449999570846558  150.4825897216797 -94.11092376708984 1.5449999570846558  150.53111267089844 -94.02020263671875 1.5449999570846558
T Nodo051  150.3399658203125 -93.96875 1.5449999570846558  150.4093017578125 -94.0378646850586 1.5449999570846558  150.45738220214844 -93.94363403320312 1.5449999570846558
T Nodo051  150.26666259765625 -93.89569091796875 1.5449999570846558  150.3399658203125 -93.96875 1.5449999570846558  150.39112854003906 -93.8685073852539 1.5449999570846558
T Nodo051  153.9905548095703 -94.34807586669922 1.5449999570846558  154.1905975341797 -94.34807586669922 1.5449999570846558  154.06271362304688 -94.24505615234375 1.5449999570846558
T Nodo051  153.7422332763672 -94.34807586669922 1.5449999570846558  153.9905548095703 -94.34807586669922 1.5449999570846558  153.85919189453125 -94.24556732177734 1.5449999570846558
T Nodo051  153.50424194335938 -94.34807586669922 1.5449999570846558  153.7422332763672 -94.34807586669922 1.5449999570846558  153.63099670410156 -94.24535369873047 1.5449999570846558
T Nodo051  153.2628173828125 -94.34807586669922 1.5449999570846558  153.50424194335938 -94.34807586669922 1.5449999570846558  153.41004943847656 -94.24533081054688 1.5449999570846558
T Nodo051  153.0248260498047 -94.34807586669922 1.5449999570846558  153.2628173828125 -94.34807586669922 1.5449999570846558  153.18162536621094 -94.24440002441406 1.5449999570846558
T Nodo051  152.7834014892578 -94.34807586669922 1.5449999570846558  153.0248260498047 -94.34807586669922 1.5449999570846558  152.86944580078125 -94.24436950683594 1.5449999570846558
T Nodo051  152.54542541503906 -94.34807586669922 1.5449999570846558  152.7834014892578 -94.34807586669922 1.5449999570846558  152.64523315429688 -94.24529266357422 1.5449999570846558
T Nodo051  152.30743408203125 -94.34807586669922 1.5449999570846558  152.54542541503906 -94.34807586669922 1.5449999570846558  152.41629028320312 -94.24532318115234 1.5449999570846558
T Nodo051  152.06600952148438 -94.34807586669922 1.5449999570846558  152.30743408203125 -94.34807586669922 1.5449999570846558  152.193359375 -94.24544525146484 1.5449999570846558
T Nodo051  151.82801818847656 -94.34807586669922 1.5449999570846558  152.06600952148438 -94.34807586669922 1.5449999570846558  151.9669647216797 -94.24539184570312 1.5449999570846558
T Nodo051  151.5865936279297 -94.34807586669922 1.5449999570846558  151.82801818847656 -94.34807586669922 1.5449999570846558  151.73826599121094 -94.24444580078125 1.5449999570846558
T Nodo051  151.34861755371094 -94.34807586669922 1.5449999570846558  151.5865936279297 -94.34807586669922 1.5449999570846558  151.42739868164062 -94.24423217773438 1.5449999570846558
T Nodo051  151.107177734375 -94.34807586669922 1.5449999570846558  151.34861755371094 -94.34807586669922 1.5449999570846558  151.20127868652344 -94.24562072753906 1.5449999570846558
T Nodo051  150.87265014648438 -94.34807586669922 1.5449999570846558  151.107177734375 -94.34807586669922 1.5449999570846558  150.96661376953125 -94.24850463867188 1.5449999570846558
T Nodo051  150.7415771484375 -94.34807586669922 1.5449999570846558  150.87265014648438 -94.34807586669922 1.5449999570846558  150.8034210205078 -94.26470184326172 1.5449999570846558
T Nodo051  155.26544189453125 -93.29434967041016 1.5449999570846558  155.3042449951172 -93.25555419921875 1.5449999570846558  155.2773895263672 -93.23082733154297 1.5449999570846558
T Nodo051  155.20079040527344 -93.35900115966797 1.5449999570846558  155.26544189453125 -93.29434967041016 1.5449999570846558  155.13760375976562 -93.29602813720703 1.5449999570846558
T Nodo051  155.1210479736328 -93.4387435913086 1.5449999570846558  155.20079040527344 -93.35900115966797 1.5449999570846558  155.13760375976562 -93.29602813720703 1.5449999570846558
T Nodo051  155.0413055419922 -93.51848602294922 1.5449999570846558  155.1210479736328 -93.4387435913086 1.5449999570846558  155.0343017578125 -93.37937927246094 1.5449999570846558
T Nodo051  154.96588134765625 -93.59391784667969 1.5449999570846558  155.0413055419922 -93.51848602294922 1.5449999570846558  154.90650939941406 -93.5047836303711 1.5449999570846558
T Nodo051  154.88182067871094 -93.67797088623047 1.5449999570846558  154.96588134765625 -93.59391784667969 1.5449999570846558  154.8359832763672 -93.58206939697266 1.5449999570846558
T Nodo051  154.80316162109375 -93.75663757324219 1.5449999570846558  154.88182067871094 -93.67797088623047 1.5449999570846558  154.7605438232422 -93.6588363647461 1.5449999570846558
T Nodo051  154.7212677001953 -93.83853149414062 1.5449999570846558  154.80316162109375 -93.75663757324219 1.5449999570846558  154.683837890625 -93.73583221435547 1.5449999570846558
T Nodo051  154.6350555419922 -93.92474365234375 1.5449999570846558  154.7212677001953 -93.83853149414062 1.5449999570846558  154.6058807373047 -93.81389617919922 1.5449999570846558
T Nodo051  154.55316162109375 -94.00663757324219 1.5449999570846558  154.6350555419922 -93.92474365234375 1.5449999570846558  154.52789306640625 -93.8918685913086 1.5449999570846558
T Nodo051  154.47341918945312 -94.08638000488281 1.5449999570846558  154.55316162109375 -94.00663757324219 1.5449999570846558  154.4508819580078 -93.9689712524414 1.5449999570846558
T Nodo051  154.3893585205078 -94.1704330444336 1.5449999570846558  154.47341918945312 -94.08638000488281 1.5449999570846558  154.37335205078125 -94.04714965820312 1.5449999570846558
T Nodo051  154.30316162109375 -94.25663757324219 1.5449999570846558  154.3893585205078 -94.1704330444336 1.5449999570846558  154.29498291015625 -94.12889099121094 1.5449999570846558
T Nodo051  154.22665405273438 -94.33314514160156 1.5449999570846558  154.30316162109375 -94.25663757324219 1.5449999570846558  154.21942138671875 -94.22413635253906 1.5449999570846558
T Nodo051  155.13760375976562 -93.29602813720703 1.5449999570846558  155.0112762451172 -93.26840209960938 1.5449999570846558  155.0343017578125 -93.37937927246094 1.5449999570846558
T Nodo051  155.3191680908203 -93.19999694824219 1.5449999570846558  155.24061584472656 -93.19999694824219 1.5449999570846558  155.2773895263672 -93.23082733154297 1.5449999570846558
T Nodo051  150.96661376953125 -94.24850463867188 1.5449999570846558  150.90565490722656 -94.1500015258789 1.5449999570846558  150.8034210205078 -94.26470184326172 1.5449999570846558
T Nodo051  151.0254364013672 -94.1500015258789 1.5449999570846558  150.96661376953125 -94.24850463867188 1.5449999570846558  151.0880126953125 -94.23047637939453 1.5449999570846558
T Nodo051  151.80731201171875 -94.1500015258789 1.5449999570846558  151.73826599121094 -94.24444580078125 1.5449999570846558  151.85243225097656 -94.22933959960938 1.5449999570846558
T Nodo051  152.35629272460938 -94.1500015258789 1.5449999570846558  152.30386352539062 -94.2294692993164 1.5449999570846558  152.41629028320312 -94.24532318115234 1.5449999570846558
T Nodo051  152.2465057373047 -94.1500015258789 1.5449999570846558  152.193359375 -94.24544525146484 1.5449999570846558  152.30386352539062 -94.2294692993164 1.5449999570846558
T Nodo051  153.02838134765625 -94.1500015258789 1.5449999570846558  152.9797821044922 -94.22344207763672 1.5449999570846558  153.07179260253906 -94.22339630126953 1.5449999570846558
T Nodo051  153.69049072265625 -94.1500015258789 1.5449999570846558  153.63099670410156 -94.24535369873047 1.5449999570846558  153.74603271484375 -94.22978210449219 1.5449999570846558
T Nodo051  153.57403564453125 -94.1500015258789 1.5449999570846558  153.51821899414062 -94.22924041748047 1.5449999570846558  153.63099670410156 -94.24535369873047 1.5449999570846558
T Nodo051  150.62960815429688 -94.2574691772461 1.5449999570846558  150.72727966308594 -94.23531341552734 1.5449999570846558  150.6973419189453 -94.16205596923828 1.5449999570846558
T Nodo051  150.45738220214844 -93.94363403320312 1.5449999570846558  150.497802734375 -93.84613037109375 1.5449999570846558  150.39112854003906 -93.8685073852539 1.5449999570846558
T Nodo051  150.80250549316406 -94.1500015258789 1.5449999570846558  150.6973419189453 -94.16205596923828 1.5449999570846558  150.72727966308594 -94.23531341552734 1.5449999570846558
T Nodo051  150.6136932373047 -94.11040496826172 1.5449999570846558  150.62960815429688 -94.2574691772461 1.5449999570846558  150.6973419189453 -94.16205596923828 1.5449999570846558
T Nodo051  150.80250549316406 -94.1500015258789 1.5449999570846558  150.72727966308594 -94.23531341552734 1.5449999570846558  150.8034210205078 -94.26470184326172 1.5449999570846558
T Nodo051  150.4093017578125 -94.0378646850586 1.5449999570846558  150.53111267089844 -94.02020263671875 1.5449999570846558  150.45738220214844 -93.94363403320312 1.5449999570846558
T Nodo051  150.4825897216797 -94.11092376708984 1.5449999570846558  150.6136932373047 -94.11040496826172 1.5449999570846558  150.53111267089844 -94.02020263671875 1.5449999570846558
T Nodo051  150.3399658203125 -93.96875 1.5449999570846558  150.45738220214844 -93.94363403320312 1.5449999570846558  150.39112854003906 -93.8685073852539 1.5449999570846558
T Nodo051  150.87265014648438 -94.34807586669922 1.5449999570846558  150.96661376953125 -94.24850463867188 1.5449999570846558  150.8034210205078 -94.26470184326172 1.5449999570846558
T Nodo051  155.1210479736328 -93.4387435913086 1.5449999570846558  155.13760375976562 -93.29602813720703 1.5449999570846558  155.0343017578125 -93.37937927246094 1.5449999570846558
T Nodo051  154.96588134765625 -93.59391784667969 1.5449999570846558  154.90650939941406 -93.5047836303711 1.5449999570846558  154.8359832763672 -93.58206939697266 1.5449999570846558
T Nodo051  154.88182067871094 -93.67797088623047 1.5449999570846558  154.8359832763672 -93.58206939697266 1.5449999570846558  154.7605438232422 -93.6588363647461 1.5449999570846558
T Nodo051  154.80316162109375 -93.75663757324219 1.5449999570846558  154.7605438232422 -93.6588363647461 1.5449999570846558  154.683837890625 -93.73583221435547 1.5449999570846558
T Nodo051  154.7212677001953 -93.83853149414062 1.5449999570846558  154.683837890625 -93.73583221435547 1.5449999570846558  154.6058807373047 -93.81389617919922 1.5449999570846558
T Nodo051  154.6350555419922 -93.92474365234375 1.5449999570846558  154.6058807373047 -93.81389617919922 1.5449999570846558  154.52789306640625 -93.8918685913086 1.5449999570846558
T Nodo051  154.55316162109375 -94.00663757324219 1.5449999570846558  154.52789306640625 -93.8918685913086 1.5449999570846558  154.4508819580078 -93.9689712524414 1.5449999570846558
T Nodo051  154.47341918945312 -94.08638000488281 1.5449999570846558  154.4508819580078 -93.9689712524414 1.5449999570846558  154.37335205078125 -94.04714965820312 1.5449999570846558
T Nodo051  154.3893585205078 -94.1704330444336 1.5449999570846558  154.37335205078125 -94.04714965820312 1.5449999570846558  154.29498291015625 -94.12889099121094 1.5449999570846558
T Nodo051  154.30316162109375 -94.25663757324219 1.5449999570846558  154.29498291015625 -94.12889099121094 1.5449999570846558  154.21942138671875 -94.22413635253906 1.5449999570846558
T Nodo051  155.3042449951172 -93.25555419921875 1.5449999570846558  155.3191680908203 -93.2195053100586 1.5449999570846558  155.2773895263672 -93.23082733154297 1.5449999570846558
T Nodo051  155.2773895263672 -93.23082733154297 1.5449999570846558  155.24061584472656 -93.19999694824219 1.5449999570846558  155.21804809570312 -93.24549102783203 1.5449999570846558
T Nodo051  155.24061584472656 -93.19999694824219 1.5449999570846558  155.16014099121094 -93.19999694824219 1.5449999570846558  155.21804809570312 -93.24549102783203 1.5449999570846558
T Nodo051  151.68753051757812 -94.1500015258789 1.5449999570846558  151.6280517578125 -94.2234115600586 1.5449999570846558  151.73826599121094 -94.24444580078125 1.5449999570846558
T Nodo051  153.13818359375 -94.1500015258789 1.5449999570846558  153.07179260253906 -94.22339630126953 1.5449999570846558  153.18162536621094 -94.24440002441406 1.5449999570846558
T Nodo051  153.9905548095703 -94.34807586669922 1.5449999570846558  154.06271362304688 -94.24505615234375 1.5449999570846558  153.96974182128906 -94.22799682617188 1.5449999570846558
T Nodo051  154.12966918945312 -94.1500015258789 1.5449999570846558  154.06271362304688 -94.24505615234375 1.5449999570846558  154.1905975341797 -94.34807586669922 1.5449999570846558
T Nodo051  153.96974182128906 -94.22799682617188 1.5449999570846558  153.85919189453125 -94.24556732177734 1.5449999570846558  153.9905548095703 -94.34807586669922 1.5449999570846558
T Nodo051  155.21804809570312 -93.24549102783203 1.5449999570846558  155.16014099121094 -93.19999694824219 1.5449999570846558  155.13760375976562 -93.29602813720703 1.5449999570846558
T Nodo051  154.12966918945312 -94.1500015258789 1.5449999570846558  154.1905975341797 -94.34807586669922 1.5449999570846558  154.21942138671875 -94.22413635253906 1.5449999570846558
T Nodo051  150.72727966308594 -94.23531341552734 1.5449999570846558  150.70553588867188 -94.33314514160156 1.5449999570846558  150.8034210205078 -94.26470184326172 1.5449999570846558
T Nodo051  153.7422332763672 -94.34807586669922 1.5449999570846558  153.85919189453125 -94.24556732177734 1.5449999570846558  153.74603271484375 -94.22978210449219 1.5449999570846558
T Nodo051  153.50424194335938 -94.34807586669922 1.5449999570846558  153.63099670410156 -94.24535369873047 1.5449999570846558  153.51821899414062 -94.22924041748047 1.5449999570846558
T Nodo051  152.7834014892578 -94.34807586669922 1.5449999570846558  152.86944580078125 -94.24436950683594 1.5449999570846558  152.75929260253906 -94.22903442382812 1.5449999570846558
T Nodo051  152.54542541503906 -94.34807586669922 1.5449999570846558  152.64523315429688 -94.24529266357422 1.5449999570846558  152.53268432617188 -94.22966003417969 1.5449999570846558
T Nodo051  152.30743408203125 -94.34807586669922 1.5449999570846558  152.41629028320312 -94.24532318115234 1.5449999570846558  152.30386352539062 -94.2294692993164 1.5449999570846558
T Nodo051  152.06600952148438 -94.34807586669922 1.5449999570846558  152.193359375 -94.24544525146484 1.5449999570846558  152.0799102783203 -94.22955322265625 1.5449999570846558
T Nodo051  151.34861755371094 -94.34807586669922 1.5449999570846558  151.42739868164062 -94.24423217773438 1.5449999570846558  151.31752014160156 -94.2289810180664 1.5449999570846558
T Nodo051  151.107177734375 -94.34807586669922 1.5449999570846558  151.20127868652344 -94.24562072753906 1.5449999570846558  151.0880126953125 -94.23047637939453 1.5449999570846558
T Nodo051  155.26544189453125 -93.29434967041016 1.5449999570846558  155.2773895263672 -93.23082733154297 1.5449999570846558  155.21804809570312 -93.24549102783203 1.5449999570846558
T Nodo051  155.0413055419922 -93.51848602294922 1.5449999570846558  155.0343017578125 -93.37937927246094 1.5449999570846558  154.95677185058594 -93.43028259277344 1.5449999570846558
T Nodo051  152.06600952148438 -94.34807586669922 1.5449999570846558  152.0799102783203 -94.22955322265625 1.5449999570846558  151.9669647216797 -94.24539184570312 1.5449999570846558
T Nodo051  153.50424194335938 -94.34807586669922 1.5449999570846558  153.51821899414062 -94.22924041748047 1.5449999570846558  153.41004943847656 -94.24533081054688 1.5449999570846558
T Nodo051  155.0413055419922 -93.51848602294922 1.5449999570846558  154.95677185058594 -93.43028259277344 1.5449999570846558  154.90650939941406 -93.5047836303711 1.5449999570846558
T Nodo051  153.7422332763672 -94.34807586669922 1.5449999570846558  153.74603271484375 -94.22978210449219 1.5449999570846558  153.63099670410156 -94.24535369873047 1.5449999570846558
T Nodo051  151.107177734375 -94.34807586669922 1.5449999570846558  151.0880126953125 -94.23047637939453 1.5449999570846558  150.96661376953125 -94.24850463867188 1.5449999570846558
T Nodo051  152.30743408203125 -94.34807586669922 1.5449999570846558  152.30386352539062 -94.2294692993164 1.5449999570846558  152.193359375 -94.24544525146484 1.5449999570846558
T Nodo051  152.54542541503906 -94.34807586669922 1.5449999570846558  152.53268432617188 -94.22966003417969 1.5449999570846558  152.41629028320312 -94.24532318115234 1.5449999570846558
T Nodo051  152.7834014892578 -94.34807586669922 1.5449999570846558  152.75929260253906 -94.22903442382812 1.5449999570846558  152.64523315429688 -94.24529266357422 1.5449999570846558
T Nodo051  153.18162536621094 -94.24440002441406 1.5449999570846558  153.2628173828125 -94.34807586669922 1.5449999570846558  153.29449462890625 -94.22908020019531 1.5449999570846558
T Nodo051  151.73826599121094 -94.24444580078125 1.5449999570846558  151.82801818847656 -94.34807586669922 1.5449999570846558  151.85243225097656 -94.22933959960938 1.5449999570846558
T Nodo051  151.31752014160156 -94.2289810180664 1.5449999570846558  151.20127868652344 -94.24562072753906 1.5449999570846558  151.34861755371094 -94.34807586669922 1.5449999570846558
T Nodo051  151.6280517578125 -94.2234115600586 1.5449999570846558  151.53709411621094 -94.22315216064453 1.5449999570846558  151.5865936279297 -94.34807586669922 1.5449999570846558
T Nodo051  151.6280517578125 -94.2234115600586 1.5449999570846558  151.5865936279297 -94.34807586669922 1.5449999570846558  151.73826599121094 -94.24444580078125 1.5449999570846558
T Nodo051  153.07179260253906 -94.22339630126953 1.5449999570846558  152.9797821044922 -94.22344207763672 1.5449999570846558  153.0248260498047 -94.34807586669922 1.5449999570846558
T Nodo051  153.2628173828125 -94.34807586669922 1.5449999570846558  153.41004943847656 -94.24533081054688 1.5449999570846558  153.29449462890625 -94.22908020019531 1.5449999570846558
T Nodo051  153.0248260498047 -94.34807586669922 1.5449999570846558  153.18162536621094 -94.24440002441406 1.5449999570846558  153.07179260253906 -94.22339630126953 1.5449999570846558
T Nodo051  151.82801818847656 -94.34807586669922 1.5449999570846558  151.9669647216797 -94.24539184570312 1.5449999570846558  151.85243225097656 -94.22933959960938 1.5449999570846558
T Nodo051  153.0248260498047 -94.34807586669922 1.5449999570846558  152.9797821044922 -94.22344207763672 1.5449999570846558  152.86944580078125 -94.24436950683594 1.5449999570846558
T Nodo051  151.42739868164062 -94.24423217773438 1.5449999570846558  151.5865936279297 -94.34807586669922 1.5449999570846558  151.53709411621094 -94.22315216064453 1.5449999570846558
T Nodo051  155.3191680908203 -93.2195053100586 1.5449999570846558  155.3191680908203 -93.19999694824219 1.5449999570846558  155.2773895263672 -93.23082733154297 1.5449999570846558
T Nodo051  155.26544189453125 -93.29434967041016 1.5449999570846558  155.21804809570312 -93.24549102783203 1.5449999570846558  155.13760375976562 -93.29602813720703 1.5449999570846558
T Nodo051  150.70553588867188 -94.33314514160156 1.5449999570846558  150.7415771484375 -94.34807586669922 1.5449999570846558  150.8034210205078 -94.26470184326172 1.5449999570846558
T Nodo051  154.1905975341797 -94.34807586669922 1.5449999570846558  154.22665405273438 -94.33314514160156 1.5449999570846558  154.21942138671875 -94.22413635253906 1.5449999570846558
T Nodo051  150.36105346679688 -93.70418548583984 1.5099999904632568  150.36109924316406 -93.69999694824219 1.5099999904632568  150.36109924316406 -93.69999694824219 1.5160399675369263
T Nodo051  150.36090087890625 -93.70960998535156 1.5099999904632568  150.36105346679688 -93.70418548583984 1.5099999904632568  150.36090087890625 -93.70960998535156 1.5160200595855713
T Nodo051  150.36090087890625 -93.70960998535156 1.5160200595855713  150.36105346679688 -93.70418548583984 1.5099999904632568  150.36109924316406 -93.69999694824219 1.5160399675369263
T Nodo051  150.36109924316406 -93.69999694824219 1.5208799839019775  150.36109924316406 -93.69999694824219 1.5257600545883179  150.3610382080078 -93.7048110961914 1.5236319303512573
T Nodo051  150.36109924316406 -93.69999694824219 1.5257600545883179  150.36109924316406 -93.69999694824219 1.5305999517440796  150.3610382080078 -93.70480346679688 1.5283164978027344
T Nodo051  150.36109924316406 -93.69999694824219 1.5257600545883179  150.3610382080078 -93.70480346679688 1.5283164978027344  150.3610382080078 -93.7048110961914 1.5236319303512573
T Nodo051  150.36109924316406 -93.69999694824219 1.5305999517440796  150.36109924316406 -93.69999694824219 1.5359200239181519  150.36105346679688 -93.70480346679688 1.533267617225647
T Nodo051  150.36109924316406 -93.69999694824219 1.5305999517440796  150.36105346679688 -93.70480346679688 1.533267617225647  150.3610382080078 -93.70480346679688 1.5283164978027344
T Nodo051  150.36109924316406 -93.69999694824219 1.5359200239181519  150.36109924316406 -93.69999694824219 1.5414799451828003  150.36105346679688 -93.70478820800781 1.5384395122528076
T Nodo051  150.36109924316406 -93.69999694824219 1.5359200239181519  150.36105346679688 -93.70478820800781 1.5384395122528076  150.36105346679688 -93.70480346679688 1.533267617225647
T Nodo051  150.36109924316406 -93.69999694824219 1.5414799451828003  150.36109924316406 -93.69999694824219 1.5462000370025635  150.36105346679688 -93.7046890258789 1.5439488887786865
T Nodo051  150.36109924316406 -93.69999694824219 1.5414799451828003  150.36105346679688 -93.7046890258789 1.5439488887786865  150.36105346679688 -93.70478820800781 1.5384395122528076
T Nodo051  150.36109924316406 -93.69999694824219 1.5462000370025635  150.36109924316406 -93.69999694824219 1.5499999523162842  150.36106872558594 -93.70353698730469 1.5499999523162842
T Nodo051  150.36106872558594 -93.70353698730469 1.5499999523162842  150.36099243164062 -93.70706939697266 1.5499999523162842  150.3610076904297 -93.70671844482422 1.5471752882003784
T Nodo051  150.36087036132812 -93.71060180664062 1.5499999523162842  150.3607177734375 -93.71373748779297 1.5499999523162842  150.36080932617188 -93.71186828613281 1.5475835800170898
T Nodo051  150.35694885253906 -93.74530029296875 1.5499999523162842  150.35621643066406 -93.74916076660156 1.5499999523162842  150.3565673828125 -93.74736022949219 1.5476396083831787
T Nodo051  150.35621643066406 -93.74916076660156 1.5499999523162842  150.35549926757812 -93.75261688232422 1.5499999523162842  150.35594177246094 -93.75048065185547 1.5475136041641235
T Nodo051  150.35549926757812 -93.75261688232422 1.5499999523162842  150.35462951660156 -93.7564468383789 1.5499999523162842  150.3551788330078 -93.75405883789062 1.5474997758865356
T Nodo051  150.3527374267578 -93.76407623291016 1.5499999523162842  150.351806640625 -93.7674789428711 1.5499999523162842  150.35226440429688 -93.7658462524414 1.5449999570846558
T Nodo051  150.34945678710938 -93.77538299560547 1.5499999523162842  150.34837341308594 -93.77874755859375 1.5499999523162842  150.34889221191406 -93.77715301513672 1.5476847887039185
T Nodo051  150.34683227539062 -93.783203125 1.5499999523162842  150.34564208984375 -93.78652954101562 1.5499999523162842  150.34637451171875 -93.78451538085938 1.5449999570846558
T Nodo051  150.34564208984375 -93.78652954101562 1.5499999523162842  150.34439086914062 -93.78983306884766 1.5499999523162842  150.34503173828125 -93.78814697265625 1.5449999570846558
T Nodo051  150.34295654296875 -93.79348754882812 1.5499999523162842  150.34146118164062 -93.797119140625 1.5499999523162842  150.3423614501953 -93.79495239257812 1.5449999570846558
T Nodo051  150.34146118164062 -93.797119140625 1.5499999523162842  150.34022521972656 -93.80001068115234 1.5499999523162842  150.3408660888672 -93.79852294921875 1.5449999570846558
T Nodo051  150.3252716064453 -93.82894897460938 1.5499999523162842  150.32342529296875 -93.83196258544922 1.5499999523162842  150.32411193847656 -93.83085632324219 1.5475069284439087
T Nodo051  150.321533203125 -93.83495330810547 1.5499999523162842  150.31961059570312 -93.8379135131836 1.5499999523162842  150.32057189941406 -93.8364486694336 1.547980546951294
T Nodo051  150.31333923339844 -93.8469467163086 1.5499999523162842  150.31124877929688 -93.84979248046875 1.5499999523162842  150.31224060058594 -93.84844970703125 1.5476326942443848
T Nodo051  150.29783630371094 -93.8662109375 1.5499999523162842  150.2952117919922 -93.86912536621094 1.5499999523162842  150.2965087890625 -93.8676986694336 1.5474997758865356
T Nodo051  150.2928009033203 -93.87171173095703 1.5499999523162842  150.29006958007812 -93.87454223632812 1.5499999523162842  150.29122924804688 -93.87335205078125 1.5475001335144043
T Nodo051  150.29006958007812 -93.87454223632812 1.5499999523162842  150.28759765625 -93.8770523071289 1.5499999523162842  150.28855895996094 -93.87609100341797 1.5475002527236938
T Nodo051  150.2847900390625 -93.87980651855469 1.5499999523162842  150.2819366455078 -93.88250732421875 1.5499999523162842  150.2830047607422 -93.88150787353516 1.5474995374679565
T Nodo051  150.27523803710938 -93.88856506347656 1.5499999523162842  150.27255249023438 -93.89086151123047 1.5499999523162842  150.2741241455078 -93.88953399658203 1.547500491142273
T Nodo051  150.26953125 -93.89337921142578 1.5499999523162842  150.26617431640625 -93.89608764648438 1.5499999523162842  150.2679443359375 -93.8946762084961 1.5474728345870972
T Nodo051  150.26617431640625 -93.89608764648438 1.5499999523162842  150.26275634765625 -93.89873504638672 1.5499999523162842  150.2647705078125 -93.89717864990234 1.5470603704452515
T Nodo051  150.26275634765625 -93.89873504638672 1.5499999523162842  150.25962829589844 -93.90109252929688 1.5499999523162842  150.261474609375 -93.89971160888672 1.5464754104614258
T Nodo051  150.25962829589844 -93.90109252929688 1.5499999523162842  150.25611877441406 -93.90363311767578 1.5499999523162842  150.25827026367188 -93.90208435058594 1.546305537223816
T Nodo051  150.24801635742188 -93.90916442871094 1.5499999523162842  150.23426818847656 -93.91754913330078 1.5499999523162842  150.240234375 -93.9140625 1.5332239866256714
T Nodo051  150.23426818847656 -93.91754913330078 1.5499999523162842  150.21360778808594 -93.92800903320312 1.5499999523162842  150.22238159179688 -93.92386627197266 1.5307490825653076
T Nodo051  150.21360778808594 -93.92800903320312 1.5499999523162842  150.1935577392578 -93.93600463867188 1.5499999523162842  150.2030792236328 -93.93245697021484 1.5301545858383179
T Nodo051  150.1935577392578 -93.93600463867188 1.5499999523162842  150.17440795898438 -93.94184875488281 1.5499999523162842  150.18344116210938 -93.93930053710938 1.5300348997116089
T Nodo051  150.1935577392578 -93.93600463867188 1.5499999523162842  150.18344116210938 -93.93930053710938 1.5300348997116089  150.2030792236328 -93.93245697021484 1.5301545858383179
T Nodo051  150.17440795898438 -93.94184875488281 1.5499999523162842  150.15484619140625 -93.9461441040039 1.5499999523162842  150.16360473632812 -93.94441986083984 1.530015468597412
T Nodo051  150.17440795898438 -93.94184875488281 1.5499999523162842  150.16360473632812 -93.94441986083984 1.530015468597412  150.18344116210938 -93.93930053710938 1.5300348997116089
T Nodo051  150.15484619140625 -93.9461441040039 1.5499999523162842  150.1322784423828 -93.94910430908203 1.5499999523162842  150.1436309814453 -93.9478759765625 1.5300711393356323
T Nodo051  150.15484619140625 -93.9461441040039 1.5499999523162842  150.1436309814453 -93.9478759765625 1.5300711393356323  150.16360473632812 -93.94441986083984 1.530015468597412
T Nodo051  150.2501220703125 -93.90776824951172 1.5099999904632568  150.26666259765625 -93.89569091796875 1.5099999904632568  150.26666259765625 -93.89569091796875 1.528725028038025
T Nodo051  150.2303009033203 -93.91974639892578 1.5099999904632568  150.2501220703125 -93.90776824951172 1.5099999904632568  150.240234375 -93.9140625 1.5332239866256714
T Nodo051  150.21221923828125 -93.92863464355469 1.5099999904632568  150.2303009033203 -93.91974639892578 1.5099999904632568  150.22238159179688 -93.92386627197266 1.5307490825653076
T Nodo051  150.1922149658203 -93.93647003173828 1.5099999904632568  150.21221923828125 -93.92863464355469 1.5099999904632568  150.2030792236328 -93.93245697021484 1.5301545858383179
T Nodo051  150.17291259765625 -93.9422378540039 1.5099999904632568  150.1922149658203 -93.93647003173828 1.5099999904632568  150.18344116210938 -93.93930053710938 1.5300348997116089
T Nodo051  150.15155029296875 -93.94670104980469 1.5099999904632568  150.17291259765625 -93.9422378540039 1.5099999904632568  150.16360473632812 -93.94441986083984 1.530015468597412
T Nodo051  150.1312255859375 -93.94918823242188 1.5099999904632568  150.15155029296875 -93.94670104980469 1.5099999904632568  150.1436309814453 -93.9478759765625 1.5300711393356323
T Nodo051  150.26666259765625 -93.89569091796875 1.528725028038025  150.26666259765625 -93.89569091796875 1.5393650531768799  150.26095581054688 -93.90010070800781 1.5363599061965942
T Nodo051  150.3607635498047 -93.71283721923828 1.5449999570846558  150.36090087890625 -93.70960998535156 1.5449999570846558  150.36080932617188 -93.71186828613281 1.5475835800170898
T Nodo051  150.36053466796875 -93.71670532226562 1.5449999570846558  150.3607635498047 -93.71283721923828 1.5449999570846558  150.36062622070312 -93.71527862548828 1.5475095510482788
T Nodo051  150.3607635498047 -93.71283721923828 1.5449999570846558  150.36080932617188 -93.71186828613281 1.5475835800170898  150.36062622070312 -93.71527862548828 1.5475095510482788
T Nodo051  150.36026000976562 -93.72035217285156 1.5449999570846558  150.36053466796875 -93.71670532226562 1.5449999570846558  150.36036682128906 -93.71900939941406 1.54750657081604
T Nodo051  150.36053466796875 -93.71670532226562 1.5449999570846558  150.36062622070312 -93.71527862548828 1.5475095510482788  150.36036682128906 -93.71900939941406 1.54750657081604
T Nodo051  150.35992431640625 -93.72420501708984 1.5449999570846558  150.36026000976562 -93.72035217285156 1.5449999570846558  150.36001586914062 -93.72315979003906 1.5475777387619019
T Nodo051  150.36026000976562 -93.72035217285156 1.5449999570846558  150.36036682128906 -93.71900939941406 1.54750657081604  150.36001586914062 -93.72315979003906 1.5475777387619019
T Nodo051  150.35848999023438 -93.73595428466797 1.5449999570846558  150.3589630126953 -93.7325439453125 1.5449999570846558  150.3588104248047 -93.73367309570312 1.5499999523162842
T Nodo051  150.35780334472656 -93.74041748046875 1.5449999570846558  150.35848999023438 -93.73595428466797 1.5449999570846558  150.35826110839844 -93.73755645751953 1.5499999523162842
T Nodo051  150.35647583007812 -93.74783325195312 1.5449999570846558  150.35719299316406 -93.74402618408203 1.5449999570846558  150.3565673828125 -93.74736022949219 1.5476396083831787
T Nodo051  150.35565185546875 -93.75183868408203 1.5449999570846558  150.35647583007812 -93.74783325195312 1.5449999570846558  150.35594177246094 -93.75048065185547 1.5475136041641235
T Nodo051  150.35487365722656 -93.75540924072266 1.5449999570846558  150.35565185546875 -93.75183868408203 1.5449999570846558  150.3551788330078 -93.75405883789062 1.5474997758865356
T Nodo051  150.35403442382812 -93.75897216796875 1.5449999570846558  150.35487365722656 -93.75540924072266 1.5449999570846558  150.3543701171875 -93.757568359375 1.5474786758422852
T Nodo051  150.35487365722656 -93.75540924072266 1.5449999570846558  150.3551788330078 -93.75405883789062 1.5474997758865356  150.3543701171875 -93.757568359375 1.5474786758422852
T Nodo051  150.35325622558594 -93.76210021972656 1.5449999570846558  150.35403442382812 -93.75897216796875 1.5449999570846558  150.35366821289062 -93.76044464111328 1.5473583936691284
T Nodo051  150.35403442382812 -93.75897216796875 1.5449999570846558  150.3543701171875 -93.757568359375 1.5474786758422852  150.35366821289062 -93.76044464111328 1.5473583936691284
T Nodo051  150.35011291503906 -93.77328491210938 1.5449999570846558  150.3512725830078 -93.76937103271484 1.5449999570846558  150.35072326660156 -93.77127075195312 1.547320008277893
T Nodo051  150.34371948242188 -93.79156494140625 1.5449999570846558  150.34503173828125 -93.78814697265625 1.5449999570846558  150.34439086914062 -93.78983306884766 1.5499999523162842
T Nodo051  150.3394775390625 -93.80168151855469 1.5449999570846558  150.3408660888672 -93.79852294921875 1.5449999570846558  150.34022521972656 -93.80001068115234 1.5499999523162842
T Nodo051  150.33071899414062 -93.81942749023438 1.5449999570846558  150.3326416015625 -93.8158187866211 1.5449999570846558  150.33157348632812 -93.81783294677734 1.547381043434143
T Nodo051  150.3287353515625 -93.82300567626953 1.5449999570846558  150.33071899414062 -93.81942749023438 1.5449999570846558  150.33001708984375 -93.82072448730469 1.5474865436553955
T Nodo051  150.32681274414062 -93.82636260986328 1.5449999570846558  150.3287353515625 -93.82300567626953 1.5449999570846558  150.32810974121094 -93.8241195678711 1.5474989414215088
T Nodo051  150.32278442382812 -93.8329849243164 1.5449999570846558  150.3248291015625 -93.8296890258789 1.5449999570846558  150.32411193847656 -93.83085632324219 1.5475069284439087
T Nodo051  150.31651306152344 -93.84249877929688 1.5449999570846558  150.31845092773438 -93.83965301513672 1.5449999570846558  150.31747436523438 -93.8410873413086 1.5473576784133911
T Nodo051  150.31439208984375 -93.84548950195312 1.5449999570846558  150.31651306152344 -93.84249877929688 1.5449999570846558  150.31507873535156 -93.84452056884766 1.5468412637710571
T Nodo051  150.3101806640625 -93.85120391845703 1.5449999570846558  150.3125 -93.84809875488281 1.5449999570846558  150.31224060058594 -93.84844970703125 1.5476326942443848
T Nodo051  150.30809020996094 -93.85392761230469 1.5449999570846558  150.3101806640625 -93.85120391845703 1.5449999570846558  150.30911254882812 -93.85260772705078 1.5473438501358032
T Nodo051  150.30581665039062 -93.85679626464844 1.5449999570846558  150.30809020996094 -93.85392761230469 1.5449999570846558  150.30728149414062 -93.8549575805664 1.5474766492843628
T Nodo051  150.2949981689453 -93.86934661865234 1.5449999570846558  150.29788208007812 -93.86615753173828 1.5449999570846558  150.2965087890625 -93.8676986694336 1.5474997758865356
T Nodo051  150.2923583984375 -93.8721694946289 1.5449999570846558  150.2949981689453 -93.86934661865234 1.5449999570846558  150.29385375976562 -93.8705825805664 1.5475006103515625
T Nodo051  150.2867889404297 -93.87786102294922 1.5449999570846558  150.2896728515625 -93.87496185302734 1.5449999570846558  150.28855895996094 -93.87609100341797 1.5475002527236938
T Nodo051  150.28134155273438 -93.88306427001953 1.5449999570846558  150.2840118408203 -93.88055419921875 1.5449999570846558  150.2830047607422 -93.88150787353516 1.5474995374679565
T Nodo051  150.2784881591797 -93.88568115234375 1.5449999570846558  150.28134155273438 -93.88306427001953 1.5449999570846558  150.28005981445312 -93.88426208496094 1.5475012063980103
T Nodo051  150.2728271484375 -93.89064025878906 1.5449999570846558  150.27590942382812 -93.88796997070312 1.5449999570846558  150.2741241455078 -93.88953399658203 1.547500491142273
T Nodo051  150.26666259765625 -93.89569091796875 1.5449999570846558  150.26934814453125 -93.8935317993164 1.5449999570846558  150.2679443359375 -93.8946762084961 1.5474728345870972
T Nodo051  150.36090087890625 -93.70960998535156 1.5404850244522095  150.36090087890625 -93.70960998535156 1.5355850458145142  150.36105346679688 -93.70478820800781 1.5384395122528076
T Nodo051  150.36090087890625 -93.70960998535156 1.5355850458145142  150.36090087890625 -93.70960998535156 1.5306849479675293  150.36105346679688 -93.70480346679688 1.533267617225647
T Nodo051  150.36090087890625 -93.70960998535156 1.5306849479675293  150.36090087890625 -93.70960998535156 1.525820016860962  150.3610382080078 -93.70480346679688 1.5283164978027344
T Nodo051  150.36090087890625 -93.70960998535156 1.525820016860962  150.36090087890625 -93.70960998535156 1.5209200382232666  150.3610382080078 -93.7048110961914 1.5236319303512573
T Nodo051  150.35780334472656 -93.74041748046875 1.5449999570846558  150.35826110839844 -93.73755645751953 1.5499999523162842  150.35757446289062 -93.7418212890625 1.5499999523162842
T Nodo051  150.36109924316406 -93.69999694824219 1.5160399675369263  150.36109924316406 -93.69999694824219 1.5208799839019775  150.3610382080078 -93.7048110961914 1.5194872617721558
T Nodo051  150.36080932617188 -93.71186828613281 1.5475835800170898  150.3607177734375 -93.71373748779297 1.5499999523162842  150.36062622070312 -93.71527862548828 1.5475095510482788
T Nodo051  150.36087036132812 -93.71060180664062 1.5499999523162842  150.36080932617188 -93.71186828613281 1.5475835800170898  150.3609161376953 -93.70919036865234 1.5479391813278198
T Nodo051  150.36099243164062 -93.70706939697266 1.5499999523162842  150.36087036132812 -93.71060180664062 1.5499999523162842  150.3609161376953 -93.70919036865234 1.5479391813278198
T Nodo051  150.36080932617188 -93.71186828613281 1.5475835800170898  150.36090087890625 -93.70960998535156 1.5449999570846558  150.3609161376953 -93.70919036865234 1.5479391813278198
T Nodo051  150.35694885253906 -93.74530029296875 1.5499999523162842  150.3565673828125 -93.74736022949219 1.5476396083831787  150.35719299316406 -93.74402618408203 1.5449999570846558
T Nodo051  150.3607177734375 -93.71373748779297 1.5499999523162842  150.3604736328125 -93.71765899658203 1.5499999523162842  150.36062622070312 -93.71527862548828 1.5475095510482788
T Nodo051  150.3604736328125 -93.71765899658203 1.5499999523162842  150.36019897460938 -93.72118377685547 1.5499999523162842  150.36036682128906 -93.71900939941406 1.54750657081604
T Nodo051  150.36019897460938 -93.72118377685547 1.5499999523162842  150.35975646972656 -93.72586822509766 1.5499999523162842  150.36001586914062 -93.72315979003906 1.5475777387619019
T Nodo051  150.35975646972656 -93.72586822509766 1.5499999523162842  150.35931396484375 -93.72977447509766 1.5499999523162842  150.35943603515625 -93.72869873046875 1.5449999570846558
T Nodo051  150.25827026367188 -93.90208435058594 1.546305537223816  150.25389099121094 -93.90521240234375 1.5416064262390137  150.259765625 -93.90098571777344 1.5425658226013184
T Nodo051  150.35757446289062 -93.7418212890625 1.5499999523162842  150.35694885253906 -93.74530029296875 1.5499999523162842  150.35719299316406 -93.74402618408203 1.5449999570846558
T Nodo051  150.35549926757812 -93.75261688232422 1.5499999523162842  150.3551788330078 -93.75405883789062 1.5474997758865356  150.35594177246094 -93.75048065185547 1.5475136041641235
T Nodo051  150.3527374267578 -93.76407623291016 1.5499999523162842  150.35226440429688 -93.7658462524414 1.5449999570846558  150.35325622558594 -93.76210021972656 1.5449999570846558
T Nodo051  150.35462951660156 -93.7564468383789 1.5499999523162842  150.35382080078125 -93.7598876953125 1.5499999523162842  150.3543701171875 -93.757568359375 1.5474786758422852
T Nodo051  150.351806640625 -93.7674789428711 1.5499999523162842  150.35061645507812 -93.7716293334961 1.5499999523162842  150.35072326660156 -93.77127075195312 1.547320008277893
T Nodo051  150.35061645507812 -93.7716293334961 1.5499999523162842  150.34945678710938 -93.77538299560547 1.5499999523162842  150.3498077392578 -93.77428436279297 1.5475014448165894
T Nodo051  150.35072326660156 -93.77127075195312 1.547320008277893  150.35061645507812 -93.7716293334961 1.5499999523162842  150.3498077392578 -93.77428436279297 1.5475014448165894
T Nodo051  150.34945678710938 -93.77538299560547 1.5499999523162842  150.34889221191406 -93.77715301513672 1.5476847887039185  150.3498077392578 -93.77428436279297 1.5475014448165894
T Nodo051  150.34837341308594 -93.77874755859375 1.5499999523162842  150.34683227539062 -93.783203125 1.5499999523162842  150.34771728515625 -93.78065490722656 1.5449999570846558
T Nodo051  150.34564208984375 -93.78652954101562 1.5499999523162842  150.34503173828125 -93.78814697265625 1.5449999570846558  150.34637451171875 -93.78451538085938 1.5449999570846558
T Nodo051  150.34439086914062 -93.78983306884766 1.5499999523162842  150.34295654296875 -93.79348754882812 1.5499999523162842  150.34371948242188 -93.79156494140625 1.5449999570846558
T Nodo051  150.34146118164062 -93.797119140625 1.5499999523162842  150.3408660888672 -93.79852294921875 1.5449999570846558  150.3423614501953 -93.79495239257812 1.5449999570846558
T Nodo051  150.3252716064453 -93.82894897460938 1.5499999523162842  150.32411193847656 -93.83085632324219 1.5475069284439087  150.3260955810547 -93.82757568359375 1.5475009679794312
T Nodo051  150.3274688720703 -93.82522583007812 1.5499999523162842  150.3252716064453 -93.82894897460938 1.5499999523162842  150.3260955810547 -93.82757568359375 1.5475009679794312
T Nodo051  150.32411193847656 -93.83085632324219 1.5475069284439087  150.3248291015625 -93.8296890258789 1.5449999570846558  150.3260955810547 -93.82757568359375 1.5475009679794312
T Nodo051  150.34022521972656 -93.80001068115234 1.5499999523162842  150.3384552001953 -93.803955078125 1.5499999523162842  150.3394775390625 -93.80168151855469 1.5449999570846558
T Nodo051  150.3366241455078 -93.807861328125 1.5499999523162842  150.3350830078125 -93.81104278564453 1.5499999523162842  150.33631896972656 -93.80850982666016 1.5449999570846558
T Nodo051  150.3350830078125 -93.81104278564453 1.5499999523162842  150.3331298828125 -93.81489562988281 1.5499999523162842  150.33441162109375 -93.81237030029297 1.5449999570846558
T Nodo051  150.3331298828125 -93.81489562988281 1.5499999523162842  150.331298828125 -93.81836700439453 1.5499999523162842  150.33157348632812 -93.81783294677734 1.547381043434143
T Nodo051  150.331298828125 -93.81836700439453 1.5499999523162842  150.32940673828125 -93.82181549072266 1.5499999523162842  150.33001708984375 -93.82072448730469 1.5474865436553955
T Nodo051  150.32940673828125 -93.82181549072266 1.5499999523162842  150.3274688720703 -93.82522583007812 1.5499999523162842  150.32810974121094 -93.8241195678711 1.5474989414215088
T Nodo051  150.3394775390625 -93.80168151855469 1.5449999570846558  150.3384552001953 -93.803955078125 1.5499999523162842  150.3379669189453 -93.80500793457031 1.5449999570846558
T Nodo051  150.35757446289062 -93.7418212890625 1.5499999523162842  150.35719299316406 -93.74402618408203 1.5449999570846558  150.35780334472656 -93.74041748046875 1.5449999570846558
T Nodo051  150.33631896972656 -93.80850982666016 1.5449999570846558  150.3350830078125 -93.81104278564453 1.5499999523162842  150.33441162109375 -93.81237030029297 1.5449999570846558
T Nodo051  150.3604736328125 -93.71765899658203 1.5499999523162842  150.36036682128906 -93.71900939941406 1.54750657081604  150.36062622070312 -93.71527862548828 1.5475095510482788
T Nodo051  150.3588104248047 -93.73367309570312 1.5499999523162842  150.35826110839844 -93.73755645751953 1.5499999523162842  150.35848999023438 -93.73595428466797 1.5449999570846558
T Nodo051  150.35943603515625 -93.72869873046875 1.5449999570846558  150.35931396484375 -93.72977447509766 1.5499999523162842  150.3589630126953 -93.7325439453125 1.5449999570846558
T Nodo051  150.36036682128906 -93.71900939941406 1.54750657081604  150.36019897460938 -93.72118377685547 1.5499999523162842  150.36001586914062 -93.72315979003906 1.5475777387619019
T Nodo051  150.35975646972656 -93.72586822509766 1.5499999523162842  150.35943603515625 -93.72869873046875 1.5449999570846558  150.36001586914062 -93.72315979003906 1.5475777387619019
T Nodo051  150.34771728515625 -93.78065490722656 1.5449999570846558  150.34683227539062 -93.783203125 1.5499999523162842  150.34637451171875 -93.78451538085938 1.5449999570846558
T Nodo051  150.3543701171875 -93.757568359375 1.5474786758422852  150.35382080078125 -93.7598876953125 1.5499999523162842  150.35366821289062 -93.76044464111328 1.5473583936691284
T Nodo051  150.34837341308594 -93.77874755859375 1.5499999523162842  150.34771728515625 -93.78065490722656 1.5449999570846558  150.34889221191406 -93.77715301513672 1.5476847887039185
T Nodo051  150.32810974121094 -93.8241195678711 1.5474989414215088  150.3274688720703 -93.82522583007812 1.5499999523162842  150.3260955810547 -93.82757568359375 1.5475009679794312
T Nodo051  150.33001708984375 -93.82072448730469 1.5474865436553955  150.32940673828125 -93.82181549072266 1.5499999523162842  150.32810974121094 -93.8241195678711 1.5474989414215088
T Nodo051  150.3260955810547 -93.82757568359375 1.5475009679794312  150.3248291015625 -93.8296890258789 1.5449999570846558  150.32681274414062 -93.82636260986328 1.5449999570846558
T Nodo051  150.33157348632812 -93.81783294677734 1.547381043434143  150.331298828125 -93.81836700439453 1.5499999523162842  150.33001708984375 -93.82072448730469 1.5474865436553955
T Nodo051  150.3331298828125 -93.81489562988281 1.5499999523162842  150.33157348632812 -93.81783294677734 1.547381043434143  150.3326416015625 -93.8158187866211 1.5449999570846558
T Nodo051  150.3331298828125 -93.81489562988281 1.5499999523162842  150.3326416015625 -93.8158187866211 1.5449999570846558  150.33441162109375 -93.81237030029297 1.5449999570846558
T Nodo051  150.3260955810547 -93.82757568359375 1.5475009679794312  150.32681274414062 -93.82636260986328 1.5449999570846558  150.32810974121094 -93.8241195678711 1.5474989414215088
T Nodo051  150.32342529296875 -93.83196258544922 1.5499999523162842  150.321533203125 -93.83495330810547 1.5499999523162842  150.3221893310547 -93.83394622802734 1.5475670099258423
T Nodo051  150.31333923339844 -93.8469467163086 1.5499999523162842  150.31224060058594 -93.84844970703125 1.5476326942443848  150.3137969970703 -93.8463363647461 1.54739248752594
T Nodo051  150.3156280517578 -93.84375 1.5499999523162842  150.31333923339844 -93.8469467163086 1.5499999523162842  150.3137969970703 -93.8463363647461 1.54739248752594
T Nodo051  150.31224060058594 -93.84844970703125 1.5476326942443848  150.3125 -93.84809875488281 1.5449999570846558  150.3137969970703 -93.8463363647461 1.54739248752594
T Nodo051  150.31961059570312 -93.8379135131836 1.5499999523162842  150.31764221191406 -93.8408432006836 1.5499999523162842  150.3190460205078 -93.8387680053711 1.5475596189498901
T Nodo051  150.31764221191406 -93.8408432006836 1.5499999523162842  150.3156280517578 -93.84375 1.5499999523162842  150.31747436523438 -93.8410873413086 1.5473576784133911
T Nodo051  150.3190460205078 -93.8387680053711 1.5475596189498901  150.31764221191406 -93.8408432006836 1.5499999523162842  150.31747436523438 -93.8410873413086 1.5473576784133911
T Nodo051  150.29783630371094 -93.8662109375 1.5499999523162842  150.2965087890625 -93.8676986694336 1.5474997758865356  150.29928588867188 -93.86456298828125 1.5475000143051147
T Nodo051  150.30068969726562 -93.86296081542969 1.5499999523162842  150.29783630371094 -93.8662109375 1.5499999523162842  150.29928588867188 -93.86456298828125 1.5475000143051147
T Nodo051  150.2965087890625 -93.8676986694336 1.5474997758865356  150.29788208007812 -93.86615753173828 1.5449999570846558  150.29928588867188 -93.86456298828125 1.5475000143051147
T Nodo051  150.31124877929688 -93.84979248046875 1.5499999523162842  150.30886840820312 -93.85291290283203 1.5499999523162842  150.30911254882812 -93.85260772705078 1.5473438501358032
T Nodo051  150.30886840820312 -93.85291290283203 1.5499999523162842  150.3066864013672 -93.85569763183594 1.5499999523162842  150.30728149414062 -93.8549575805664 1.5474766492843628
T Nodo051  150.30911254882812 -93.85260772705078 1.5473438501358032  150.30886840820312 -93.85291290283203 1.5499999523162842  150.30728149414062 -93.8549575805664 1.5474766492843628
T Nodo051  150.2928009033203 -93.87171173095703 1.5499999523162842  150.29122924804688 -93.87335205078125 1.5475001335144043  150.29385375976562 -93.8705825805664 1.5475006103515625
T Nodo051  150.2952117919922 -93.86912536621094 1.5499999523162842  150.2928009033203 -93.87171173095703 1.5499999523162842  150.29385375976562 -93.8705825805664 1.5475006103515625
T Nodo051  150.29006958007812 -93.87454223632812 1.5499999523162842  150.28855895996094 -93.87609100341797 1.5475002527236938  150.29122924804688 -93.87335205078125 1.5475001335144043
T Nodo051  150.2847900390625 -93.87980651855469 1.5499999523162842  150.2830047607422 -93.88150787353516 1.5474995374679565  150.28579711914062 -93.87882995605469 1.5475000143051147
T Nodo051  150.28759765625 -93.8770523071289 1.5499999523162842  150.2847900390625 -93.87980651855469 1.5499999523162842  150.28579711914062 -93.87882995605469 1.5475000143051147
T Nodo051  150.2830047607422 -93.88150787353516 1.5474995374679565  150.2840118408203 -93.88055419921875 1.5449999570846558  150.28579711914062 -93.87882995605469 1.5475000143051147
T Nodo051  150.27523803710938 -93.88856506347656 1.5499999523162842  150.2741241455078 -93.88953399658203 1.547500491142273  150.2770538330078 -93.886962890625 1.547499418258667
T Nodo051  150.27847290039062 -93.88569641113281 1.5499999523162842  150.27523803710938 -93.88856506347656 1.5499999523162842  150.2770538330078 -93.886962890625 1.547499418258667
T Nodo051  150.2741241455078 -93.88953399658203 1.547500491142273  150.27590942382812 -93.88796997070312 1.5449999570846558  150.2770538330078 -93.886962890625 1.547499418258667
T Nodo051  150.2819366455078 -93.88250732421875 1.5499999523162842  150.27847290039062 -93.88569641113281 1.5499999523162842  150.28005981445312 -93.88426208496094 1.5475012063980103
T Nodo051  150.28005981445312 -93.88426208496094 1.5475012063980103  150.27847290039062 -93.88569641113281 1.5499999523162842  150.2770538330078 -93.886962890625 1.547499418258667
T Nodo051  150.26953125 -93.89337921142578 1.5499999523162842  150.2679443359375 -93.8946762084961 1.5474728345870972  150.2710723876953 -93.8921127319336 1.5474977493286133
T Nodo051  150.27255249023438 -93.89086151123047 1.5499999523162842  150.26953125 -93.89337921142578 1.5499999523162842  150.2710723876953 -93.8921127319336 1.5474977493286133
T Nodo051  150.2679443359375 -93.8946762084961 1.5474728345870972  150.26934814453125 -93.8935317993164 1.5449999570846558  150.2710723876953 -93.8921127319336 1.5474977493286133
T Nodo051  150.26617431640625 -93.89608764648438 1.5499999523162842  150.2647705078125 -93.89717864990234 1.5470603704452515  150.2679443359375 -93.8946762084961 1.5474728345870972
T Nodo051  150.26275634765625 -93.89873504638672 1.5499999523162842  150.261474609375 -93.89971160888672 1.5464754104614258  150.2647705078125 -93.89717864990234 1.5470603704452515
T Nodo051  150.25962829589844 -93.90109252929688 1.5499999523162842  150.25827026367188 -93.90208435058594 1.546305537223816  150.261474609375 -93.89971160888672 1.5464754104614258
T Nodo051  150.23426818847656 -93.91754913330078 1.5499999523162842  150.22238159179688 -93.92386627197266 1.5307490825653076  150.240234375 -93.9140625 1.5332239866256714
T Nodo051  150.21360778808594 -93.92800903320312 1.5499999523162842  150.2030792236328 -93.93245697021484 1.5301545858383179  150.22238159179688 -93.92386627197266 1.5307490825653076
T Nodo051  150.22238159179688 -93.92386627197266 1.5307490825653076  150.2303009033203 -93.91974639892578 1.5099999904632568  150.240234375 -93.9140625 1.5332239866256714
T Nodo051  150.1322784423828 -93.94910430908203 1.5499999523162842  150.11109924316406 -93.94999694824219 1.5499999523162842  150.12583923339844 -93.9495620727539 1.5301154851913452
T Nodo051  150.21221923828125 -93.92863464355469 1.5099999904632568  150.22238159179688 -93.92386627197266 1.5307490825653076  150.2030792236328 -93.93245697021484 1.5301545858383179
T Nodo051  150.1922149658203 -93.93647003173828 1.5099999904632568  150.2030792236328 -93.93245697021484 1.5301545858383179  150.18344116210938 -93.93930053710938 1.5300348997116089
T Nodo051  150.17291259765625 -93.9422378540039 1.5099999904632568  150.18344116210938 -93.93930053710938 1.5300348997116089  150.16360473632812 -93.94441986083984 1.530015468597412
T Nodo051  150.15155029296875 -93.94670104980469 1.5099999904632568  150.16360473632812 -93.94441986083984 1.530015468597412  150.1436309814453 -93.9478759765625 1.5300711393356323
T Nodo051  150.1312255859375 -93.94918823242188 1.5099999904632568  150.1436309814453 -93.9478759765625 1.5300711393356323  150.12583923339844 -93.9495620727539 1.5301154851913452
T Nodo051  150.11109924316406 -93.94999694824219 1.5099999904632568  150.1312255859375 -93.94918823242188 1.5099999904632568  150.12583923339844 -93.9495620727539 1.5301154851913452
T Nodo051  150.26666259765625 -93.89569091796875 1.5393650531768799  150.26666259765625 -93.89569091796875 1.5449999570846558  150.2635498046875 -93.89813232421875 1.5429644584655762
T Nodo051  150.3589630126953 -93.7325439453125 1.5449999570846558  150.35931396484375 -93.72977447509766 1.5499999523162842  150.3588104248047 -93.73367309570312 1.5499999523162842
T Nodo051  150.3610382080078 -93.7048110961914 1.5194872617721558  150.36109924316406 -93.69999694824219 1.5208799839019775  150.3610382080078 -93.7048110961914 1.5236319303512573
T Nodo051  150.35647583007812 -93.74783325195312 1.5449999570846558  150.3565673828125 -93.74736022949219 1.5476396083831787  150.35594177246094 -93.75048065185547 1.5475136041641235
T Nodo051  150.35565185546875 -93.75183868408203 1.5449999570846558  150.35594177246094 -93.75048065185547 1.5475136041641235  150.3551788330078 -93.75405883789062 1.5474997758865356
T Nodo051  150.35011291503906 -93.77328491210938 1.5449999570846558  150.35072326660156 -93.77127075195312 1.547320008277893  150.3498077392578 -93.77428436279297 1.5475014448165894
T Nodo051  150.35462951660156 -93.7564468383789 1.5499999523162842  150.3543701171875 -93.757568359375 1.5474786758422852  150.3551788330078 -93.75405883789062 1.5474997758865356
T Nodo051  150.3512725830078 -93.76937103271484 1.5449999570846558  150.35226440429688 -93.7658462524414 1.5449999570846558  150.351806640625 -93.7674789428711 1.5499999523162842
T Nodo051  150.25611877441406 -93.90363311767578 1.5499999523162842  150.25389099121094 -93.90521240234375 1.5416064262390137  150.25827026367188 -93.90208435058594 1.546305537223816
T Nodo051  150.34893798828125 -93.7769775390625 1.5449999570846558  150.35011291503906 -93.77328491210938 1.5449999570846558  150.3498077392578 -93.77428436279297 1.5475014448165894
T Nodo051  150.34771728515625 -93.78065490722656 1.5449999570846558  150.34893798828125 -93.7769775390625 1.5449999570846558  150.34889221191406 -93.77715301513672 1.5476847887039185
T Nodo051  150.2635498046875 -93.89813232421875 1.5429644584655762  150.259765625 -93.90098571777344 1.5425658226013184  150.26095581054688 -93.90010070800781 1.5363599061965942
T Nodo051  150.33001708984375 -93.82072448730469 1.5474865436553955  150.33071899414062 -93.81942749023438 1.5449999570846558  150.33157348632812 -93.81783294677734 1.547381043434143
T Nodo051  150.25389099121094 -93.90521240234375 1.5416064262390137  150.26095581054688 -93.90010070800781 1.5363599061965942  150.259765625 -93.90098571777344 1.5425658226013184
T Nodo051  150.3287353515625 -93.82300567626953 1.5449999570846558  150.33001708984375 -93.82072448730469 1.5474865436553955  150.32810974121094 -93.8241195678711 1.5474989414215088
T Nodo051  150.3221893310547 -93.83394622802734 1.5475670099258423  150.321533203125 -93.83495330810547 1.5499999523162842  150.32057189941406 -93.8364486694336 1.547980546951294
T Nodo051  150.32278442382812 -93.8329849243164 1.5449999570846558  150.32411193847656 -93.83085632324219 1.5475069284439087  150.3221893310547 -93.83394622802734 1.5475670099258423
T Nodo051  150.3423614501953 -93.79495239257812 1.5449999570846558  150.34371948242188 -93.79156494140625 1.5449999570846558  150.34295654296875 -93.79348754882812 1.5499999523162842
T Nodo051  150.32046508789062 -93.83660888671875 1.5449999570846558  150.32278442382812 -93.8329849243164 1.5449999570846558  150.3221893310547 -93.83394622802734 1.5475670099258423
T Nodo051  150.31845092773438 -93.83965301513672 1.5449999570846558  150.32046508789062 -93.83660888671875 1.5449999570846558  150.3190460205078 -93.8387680053711 1.5475596189498901
T Nodo051  150.3101806640625 -93.85120391845703 1.5449999570846558  150.31224060058594 -93.84844970703125 1.5476326942443848  150.31124877929688 -93.84979248046875 1.5499999523162842
T Nodo051  150.3125 -93.84809875488281 1.5449999570846558  150.31439208984375 -93.84548950195312 1.5449999570846558  150.3137969970703 -93.8463363647461 1.54739248752594
T Nodo051  150.30809020996094 -93.85392761230469 1.5449999570846558  150.30911254882812 -93.85260772705078 1.5473438501358032  150.30728149414062 -93.8549575805664 1.5474766492843628
T Nodo051  150.30581665039062 -93.85679626464844 1.5449999570846558  150.30728149414062 -93.8549575805664 1.5474766492843628  150.30479431152344 -93.8580551147461 1.547502040863037
T Nodo051  150.30335998535156 -93.85979461669922 1.5449999570846558  150.30581665039062 -93.85679626464844 1.5449999570846558  150.30479431152344 -93.8580551147461 1.547502040863037
T Nodo051  150.30728149414062 -93.8549575805664 1.5474766492843628  150.3066864013672 -93.85569763183594 1.5499999523162842  150.30479431152344 -93.8580551147461 1.547502040863037
T Nodo051  150.2949981689453 -93.86934661865234 1.5449999570846558  150.2965087890625 -93.8676986694336 1.5474997758865356  150.29385375976562 -93.8705825805664 1.5475006103515625
T Nodo051  150.29788208007812 -93.86615753173828 1.5449999570846558  150.30072021484375 -93.8629150390625 1.5449999570846558  150.29928588867188 -93.86456298828125 1.5475000143051147
T Nodo051  150.2923583984375 -93.8721694946289 1.5449999570846558  150.29385375976562 -93.8705825805664 1.5475006103515625  150.29122924804688 -93.87335205078125 1.5475001335144043
T Nodo051  150.2867889404297 -93.87786102294922 1.5449999570846558  150.28855895996094 -93.87609100341797 1.5475002527236938  150.28579711914062 -93.87882995605469 1.5475000143051147
T Nodo051  150.2896728515625 -93.87496185302734 1.5449999570846558  150.2923583984375 -93.8721694946289 1.5449999570846558  150.29122924804688 -93.87335205078125 1.5475001335144043
T Nodo051  150.28134155273438 -93.88306427001953 1.5449999570846558  150.2830047607422 -93.88150787353516 1.5474995374679565  150.28005981445312 -93.88426208496094 1.5475012063980103
T Nodo051  150.2840118408203 -93.88055419921875 1.5449999570846558  150.2867889404297 -93.87786102294922 1.5449999570846558  150.28579711914062 -93.87882995605469 1.5475000143051147
T Nodo051  150.2784881591797 -93.88568115234375 1.5449999570846558  150.28005981445312 -93.88426208496094 1.5475012063980103  150.2770538330078 -93.886962890625 1.547499418258667
T Nodo051  150.2728271484375 -93.89064025878906 1.5449999570846558  150.2741241455078 -93.88953399658203 1.547500491142273  150.2710723876953 -93.8921127319336 1.5474977493286133
T Nodo051  150.27590942382812 -93.88796997070312 1.5449999570846558  150.2784881591797 -93.88568115234375 1.5449999570846558  150.2770538330078 -93.886962890625 1.547499418258667
T Nodo051  150.26934814453125 -93.8935317993164 1.5449999570846558  150.2728271484375 -93.89064025878906 1.5449999570846558  150.2710723876953 -93.8921127319336 1.5474977493286133
T Nodo051  150.36090087890625 -93.70960998535156 1.5404850244522095  150.36105346679688 -93.70478820800781 1.5384395122528076  150.36105346679688 -93.7046890258789 1.5439488887786865
T Nodo051  150.36090087890625 -93.70960998535156 1.5449999570846558  150.36090087890625 -93.70960998535156 1.5404850244522095  150.36105346679688 -93.7046890258789 1.5439488887786865
T Nodo051  150.36090087890625 -93.70960998535156 1.5355850458145142  150.36105346679688 -93.70480346679688 1.533267617225647  150.36105346679688 -93.70478820800781 1.5384395122528076
T Nodo051  150.36090087890625 -93.70960998535156 1.5306849479675293  150.3610382080078 -93.70480346679688 1.5283164978027344  150.36105346679688 -93.70480346679688 1.533267617225647
T Nodo051  150.36090087890625 -93.70960998535156 1.525820016860962  150.3610382080078 -93.7048110961914 1.5236319303512573  150.3610382080078 -93.70480346679688 1.5283164978027344
T Nodo051  150.36090087890625 -93.70960998535156 1.5209200382232666  150.36090087890625 -93.70960998535156 1.5160200595855713  150.3610382080078 -93.7048110961914 1.5194872617721558
T Nodo051  150.3512725830078 -93.76937103271484 1.5449999570846558  150.351806640625 -93.7674789428711 1.5499999523162842  150.35072326660156 -93.77127075195312 1.547320008277893
T Nodo051  150.3101806640625 -93.85120391845703 1.5449999570846558  150.31124877929688 -93.84979248046875 1.5499999523162842  150.30911254882812 -93.85260772705078 1.5473438501358032
T Nodo051  150.31845092773438 -93.83965301513672 1.5449999570846558  150.3190460205078 -93.8387680053711 1.5475596189498901  150.31747436523438 -93.8410873413086 1.5473576784133911
T Nodo051  150.30068969726562 -93.86296081542969 1.5499999523162842  150.29928588867188 -93.86456298828125 1.5475000143051147  150.30206298828125 -93.86133575439453 1.5475000143051147
T Nodo051  150.303466796875 -93.85965728759766 1.5499999523162842  150.30068969726562 -93.86296081542969 1.5499999523162842  150.30206298828125 -93.86133575439453 1.5475000143051147
T Nodo051  150.29928588867188 -93.86456298828125 1.5475000143051147  150.30072021484375 -93.8629150390625 1.5449999570846558  150.30206298828125 -93.86133575439453 1.5475000143051147
T Nodo051  150.30206298828125 -93.86133575439453 1.5475000143051147  150.30072021484375 -93.8629150390625 1.5449999570846558  150.30335998535156 -93.85979461669922 1.5449999570846558
T Nodo051  150.30479431152344 -93.8580551147461 1.547502040863037  150.3066864013672 -93.85569763183594 1.5499999523162842  150.303466796875 -93.85965728759766 1.5499999523162842
T Nodo051  150.2952117919922 -93.86912536621094 1.5499999523162842  150.29385375976562 -93.8705825805664 1.5475006103515625  150.2965087890625 -93.8676986694336 1.5474997758865356
T Nodo051  150.30479431152344 -93.8580551147461 1.547502040863037  150.303466796875 -93.85965728759766 1.5499999523162842  150.30206298828125 -93.86133575439453 1.5475000143051147
T Nodo051  150.2896728515625 -93.87496185302734 1.5449999570846558  150.29122924804688 -93.87335205078125 1.5475001335144043  150.28855895996094 -93.87609100341797 1.5475002527236938
T Nodo051  150.32342529296875 -93.83196258544922 1.5499999523162842  150.3221893310547 -93.83394622802734 1.5475670099258423  150.32411193847656 -93.83085632324219 1.5475069284439087
T Nodo051  150.28759765625 -93.8770523071289 1.5499999523162842  150.28579711914062 -93.87882995605469 1.5475000143051147  150.28855895996094 -93.87609100341797 1.5475002527236938
T Nodo051  150.2830047607422 -93.88150787353516 1.5474995374679565  150.2819366455078 -93.88250732421875 1.5499999523162842  150.28005981445312 -93.88426208496094 1.5475012063980103
T Nodo051  150.2741241455078 -93.88953399658203 1.547500491142273  150.27255249023438 -93.89086151123047 1.5499999523162842  150.2710723876953 -93.8921127319336 1.5474977493286133
T Nodo051  150.1322784423828 -93.94910430908203 1.5499999523162842  150.12583923339844 -93.9495620727539 1.5301154851913452  150.1436309814453 -93.9478759765625 1.5300711393356323
T Nodo051  150.36099243164062 -93.70706939697266 1.5499999523162842  150.3609161376953 -93.70919036865234 1.5479391813278198  150.3610076904297 -93.70671844482422 1.5471752882003784
T Nodo051  150.30335998535156 -93.85979461669922 1.5449999570846558  150.30479431152344 -93.8580551147461 1.547502040863037  150.30206298828125 -93.86133575439453 1.5475000143051147
T Nodo051  150.36090087890625 -93.70960998535156 1.5209200382232666  150.3610382080078 -93.7048110961914 1.5194872617721558  150.3610382080078 -93.7048110961914 1.5236319303512573
T Nodo051  150.3565673828125 -93.74736022949219 1.5476396083831787  150.35621643066406 -93.74916076660156 1.5499999523162842  150.35594177246094 -93.75048065185547 1.5475136041641235
T Nodo051  150.36090087890625 -93.70960998535156 1.5449999570846558  150.36105346679688 -93.7046890258789 1.5439488887786865  150.3610076904297 -93.70671844482422 1.5471752882003784
T Nodo051  150.36109924316406 -93.69999694824219 1.5462000370025635  150.36106872558594 -93.70353698730469 1.5499999523162842  150.36105346679688 -93.7046890258789 1.5439488887786865
T Nodo051  150.3609161376953 -93.70919036865234 1.5479391813278198  150.36090087890625 -93.70960998535156 1.5449999570846558  150.3610076904297 -93.70671844482422 1.5471752882003784
T Nodo051  150.25389099121094 -93.90521240234375 1.5416064262390137  150.2501220703125 -93.90776824951172 1.5099999904632568  150.26095581054688 -93.90010070800781 1.5363599061965942
T Nodo051  150.35382080078125 -93.7598876953125 1.5499999523162842  150.3527374267578 -93.76407623291016 1.5499999523162842  150.35366821289062 -93.76044464111328 1.5473583936691284
T Nodo051  150.32046508789062 -93.83660888671875 1.5449999570846558  150.3221893310547 -93.83394622802734 1.5475670099258423  150.32057189941406 -93.8364486694336 1.547980546951294
T Nodo051  150.3384552001953 -93.803955078125 1.5499999523162842  150.3366241455078 -93.807861328125 1.5499999523162842  150.3379669189453 -93.80500793457031 1.5449999570846558
T Nodo051  150.3156280517578 -93.84375 1.5499999523162842  150.3137969970703 -93.8463363647461 1.54739248752594  150.31507873535156 -93.84452056884766 1.5468412637710571
T Nodo051  150.31747436523438 -93.8410873413086 1.5473576784133911  150.3156280517578 -93.84375 1.5499999523162842  150.31651306152344 -93.84249877929688 1.5449999570846558
T Nodo051  150.24801635742188 -93.90916442871094 1.5499999523162842  150.240234375 -93.9140625 1.5332239866256714  150.25389099121094 -93.90521240234375 1.5416064262390137
T Nodo051  150.25611877441406 -93.90363311767578 1.5499999523162842  150.24801635742188 -93.90916442871094 1.5499999523162842  150.25389099121094 -93.90521240234375 1.5416064262390137
T Nodo051  150.240234375 -93.9140625 1.5332239866256714  150.2501220703125 -93.90776824951172 1.5099999904632568  150.25389099121094 -93.90521240234375 1.5416064262390137
T Nodo051  150.2635498046875 -93.89813232421875 1.5429644584655762  150.26666259765625 -93.89569091796875 1.5449999570846558  150.2647705078125 -93.89717864990234 1.5470603704452515
T Nodo051  150.3379669189453 -93.80500793457031 1.5449999570846558  150.3366241455078 -93.807861328125 1.5499999523162842  150.33631896972656 -93.80850982666016 1.5449999570846558
T Nodo051  150.32046508789062 -93.83660888671875 1.5449999570846558  150.32057189941406 -93.8364486694336 1.547980546951294  150.3190460205078 -93.8387680053711 1.5475596189498901
T Nodo051  150.31507873535156 -93.84452056884766 1.5468412637710571  150.3137969970703 -93.8463363647461 1.54739248752594  150.31439208984375 -93.84548950195312 1.5449999570846558
T Nodo051  150.2635498046875 -93.89813232421875 1.5429644584655762  150.2647705078125 -93.89717864990234 1.5470603704452515  150.261474609375 -93.89971160888672 1.5464754104614258
T Nodo051  150.2647705078125 -93.89717864990234 1.5470603704452515  150.26666259765625 -93.89569091796875 1.5449999570846558  150.2679443359375 -93.8946762084961 1.5474728345870972
T Nodo051  150.35943603515625 -93.72869873046875 1.5449999570846558  150.35992431640625 -93.72420501708984 1.5449999570846558  150.36001586914062 -93.72315979003906 1.5475777387619019
T Nodo051  150.31651306152344 -93.84249877929688 1.5449999570846558  150.3156280517578 -93.84375 1.5499999523162842  150.31507873535156 -93.84452056884766 1.5468412637710571
T Nodo051  150.34893798828125 -93.7769775390625 1.5449999570846558  150.3498077392578 -93.77428436279297 1.5475014448165894  150.34889221191406 -93.77715301513672 1.5476847887039185
T Nodo051  150.3190460205078 -93.8387680053711 1.5475596189498901  150.32057189941406 -93.8364486694336 1.547980546951294  150.31961059570312 -93.8379135131836 1.5499999523162842
T Nodo051  150.2635498046875 -93.89813232421875 1.5429644584655762  150.261474609375 -93.89971160888672 1.5464754104614258  150.259765625 -93.90098571777344 1.5425658226013184
T Nodo051  150.261474609375 -93.89971160888672 1.5464754104614258  150.25827026367188 -93.90208435058594 1.546305537223816  150.259765625 -93.90098571777344 1.5425658226013184
T Nodo051  150.3527374267578 -93.76407623291016 1.5499999523162842  150.35325622558594 -93.76210021972656 1.5449999570846558  150.35366821289062 -93.76044464111328 1.5473583936691284
T Nodo051  150.26666259765625 -93.89569091796875 1.5393650531768799  150.2635498046875 -93.89813232421875 1.5429644584655762  150.26095581054688 -93.90010070800781 1.5363599061965942
T Nodo051  150.2501220703125 -93.90776824951172 1.5099999904632568  150.26666259765625 -93.89569091796875 1.528725028038025  150.26095581054688 -93.90010070800781 1.5363599061965942
T Nodo051  150.11109924316406 -93.94999694824219 1.5499999523162842  150.11109924316406 -93.94999694824219 1.5099999904632568  150.12583923339844 -93.9495620727539 1.5301154851913452
T Nodo051  150.36090087890625 -93.70960998535156 1.5160200595855713  150.36109924316406 -93.69999694824219 1.5160399675369263  150.3610382080078 -93.7048110961914 1.5194872617721558
T Nodo051  150.36105346679688 -93.7046890258789 1.5439488887786865  150.36106872558594 -93.70353698730469 1.5499999523162842  150.3610076904297 -93.70671844482422 1.5471752882003784
T Nodo051  150.06858825683594 -93.94999694824219 1.5099999904632568  150.11109924316406 -93.94999694824219 1.5099999904632568  150.0753936767578 -93.94999694824219 1.5499999523162842
T Nodo051  150.02609252929688 -93.94999694824219 1.5099999904632568  150.06858825683594 -93.94999694824219 1.5099999904632568  150.03968811035156 -93.94999694824219 1.5499999523162842
T Nodo051  149.9835968017578 -93.94999694824219 1.5099999904632568  150.02609252929688 -93.94999694824219 1.5099999904632568  150.00399780273438 -93.94999694824219 1.5499999523162842
T Nodo051  149.9410858154297 -93.94999694824219 1.5099999904632568  149.9835968017578 -93.94999694824219 1.5099999904632568  149.96829223632812 -93.94999694824219 1.5499999523162842
T Nodo051  149.9005889892578 -93.94999694824219 1.5099999904632568  149.9410858154297 -93.94999694824219 1.5099999904632568  149.9283905029297 -93.94999694824219 1.5499999523162842
T Nodo051  149.86109924316406 -93.94999694824219 1.5099999904632568  149.9005889892578 -93.94999694824219 1.5099999904632568  149.86109924316406 -93.94999694824219 1.5449999570846558
T Nodo051  150.11109924316406 -93.94999694824219 1.5099999904632568  150.11109924316406 -93.94999694824219 1.5499999523162842  150.0753936767578 -93.94999694824219 1.5499999523162842
T Nodo051  150.0753936767578 -93.94999694824219 1.5499999523162842  150.03968811035156 -93.94999694824219 1.5499999523162842  150.06858825683594 -93.94999694824219 1.5099999904632568
T Nodo051  150.03968811035156 -93.94999694824219 1.5499999523162842  150.00399780273438 -93.94999694824219 1.5499999523162842  150.02609252929688 -93.94999694824219 1.5099999904632568
T Nodo051  150.00399780273438 -93.94999694824219 1.5499999523162842  149.96829223632812 -93.94999694824219 1.5499999523162842  149.9835968017578 -93.94999694824219 1.5099999904632568
T Nodo051  149.96829223632812 -93.94999694824219 1.5499999523162842  149.9283905029297 -93.94999694824219 1.5499999523162842  149.9410858154297 -93.94999694824219 1.5099999904632568
T Nodo051  149.63648986816406 -93.94999694824219 1.5499999523162842  149.59658813476562 -93.94999694824219 1.5499999523162842  149.62429809570312 -93.94999694824219 1.5099999904632568
T Nodo051  149.59658813476562 -93.94999694824219 1.5499999523162842  149.5566864013672 -93.94999694824219 1.5499999523162842  149.5868377685547 -93.94999694824219 1.5099999904632568
T Nodo051  149.5566864013672 -93.94999694824219 1.5499999523162842  149.51748657226562 -93.94999694824219 1.5499999523162842  149.5491180419922 -93.94999694824219 1.5099999904632568
T Nodo051  149.51748657226562 -93.94999694824219 1.5499999523162842  149.48179626464844 -93.94999694824219 1.5499999523162842  149.51568603515625 -93.94999694824219 1.5099999904632568
T Nodo051  149.48179626464844 -93.94999694824219 1.5499999523162842  149.4460906982422 -93.94999694824219 1.5499999523162842  149.48223876953125 -93.94999694824219 1.5099999904632568
T Nodo051  149.4460906982422 -93.94999694824219 1.5499999523162842  149.4110870361328 -93.94999694824219 1.5499999523162842  149.44427490234375 -93.94999694824219 1.5099999904632568
T Nodo051  149.4110870361328 -93.94999694824219 1.5499999523162842  149.4110870361328 -93.94999694824219 1.5099999904632568  149.44427490234375 -93.94999694824219 1.5099999904632568
T Nodo051  149.62429809570312 -93.94999694824219 1.5099999904632568  149.6625213623047 -93.94999694824219 1.5099999904632568  149.63648986816406 -93.94999694824219 1.5499999523162842
T Nodo051  149.5868377685547 -93.94999694824219 1.5099999904632568  149.62429809570312 -93.94999694824219 1.5099999904632568  149.59658813476562 -93.94999694824219 1.5499999523162842
T Nodo051  149.5491180419922 -93.94999694824219 1.5099999904632568  149.5868377685547 -93.94999694824219 1.5099999904632568  149.5566864013672 -93.94999694824219 1.5499999523162842
T Nodo051  149.51568603515625 -93.94999694824219 1.5099999904632568  149.5491180419922 -93.94999694824219 1.5099999904632568  149.51748657226562 -93.94999694824219 1.5499999523162842
T Nodo051  149.48223876953125 -93.94999694824219 1.5099999904632568  149.51568603515625 -93.94999694824219 1.5099999904632568  149.48179626464844 -93.94999694824219 1.5499999523162842
T Nodo051  149.44427490234375 -93.94999694824219 1.5099999904632568  149.48223876953125 -93.94999694824219 1.5099999904632568  149.4460906982422 -93.94999694824219 1.5499999523162842
T Nodo051  149.9005889892578 -93.94999694824219 1.5099999904632568  149.9283905029297 -93.94999694824219 1.5499999523162842  149.88848876953125 -93.94999694824219 1.5499999523162842
T Nodo051  149.78208923339844 -93.94999694824219 1.5499999523162842  149.74708557128906 -93.94999694824219 1.5499999523162842  149.76161193847656 -93.94999694824219 1.5449999570846558
T Nodo051  149.74708557128906 -93.94999694824219 1.5499999523162842  149.71209716796875 -93.94999694824219 1.5499999523162842  149.72903442382812 -93.94999694824219 1.5449999570846558
T Nodo051  149.71209716796875 -93.94999694824219 1.5499999523162842  149.6763916015625 -93.94999694824219 1.5499999523162842  149.6956787109375 -93.94999694824219 1.5449999570846558
T Nodo051  149.76161193847656 -93.94999694824219 1.5449999570846558  149.74708557128906 -93.94999694824219 1.5499999523162842  149.72903442382812 -93.94999694824219 1.5449999570846558
T Nodo051  149.72903442382812 -93.94999694824219 1.5449999570846558  149.71209716796875 -93.94999694824219 1.5499999523162842  149.6956787109375 -93.94999694824219 1.5449999570846558
T Nodo051  149.78208923339844 -93.94999694824219 1.5499999523162842  149.76161193847656 -93.94999694824219 1.5449999570846558  149.79457092285156 -93.94999694824219 1.5449999570846558
T Nodo051  149.6956787109375 -93.94999694824219 1.5449999570846558  149.6763916015625 -93.94999694824219 1.5499999523162842  149.6625213623047 -93.94999694824219 1.5449999570846558
T Nodo051  149.79457092285156 -93.94999694824219 1.5449999570846558  149.82772827148438 -93.94999694824219 1.5449999570846558  149.8177947998047 -93.94999694824219 1.5499999523162842
T Nodo051  149.82772827148438 -93.94999694824219 1.5449999570846558  149.86109924316406 -93.94999694824219 1.5449999570846558  149.85348510742188 -93.94999694824219 1.5499999523162842
T Nodo051  149.79457092285156 -93.94999694824219 1.5449999570846558  149.8177947998047 -93.94999694824219 1.5499999523162842  149.78208923339844 -93.94999694824219 1.5499999523162842
T Nodo051  149.85348510742188 -93.94999694824219 1.5499999523162842  149.86109924316406 -93.94999694824219 1.5449999570846558  149.88848876953125 -93.94999694824219 1.5499999523162842
T Nodo051  149.85348510742188 -93.94999694824219 1.5499999523162842  149.8177947998047 -93.94999694824219 1.5499999523162842  149.82772827148438 -93.94999694824219 1.5449999570846558
T Nodo051  149.6763916015625 -93.94999694824219 1.5499999523162842  149.63648986816406 -93.94999694824219 1.5499999523162842  149.6625213623047 -93.94999694824219 1.5449999570846558
T Nodo051  149.9005889892578 -93.94999694824219 1.5099999904632568  149.88848876953125 -93.94999694824219 1.5499999523162842  149.86109924316406 -93.94999694824219 1.5449999570846558
T Nodo051  149.6625213623047 -93.94999694824219 1.5099999904632568  149.6625213623047 -93.94999694824219 1.5449999570846558  149.63648986816406 -93.94999694824219 1.5499999523162842
T Nodo051  149.2351531982422 -92.62239074707031 1.5499999523162842  149.1610870361328 -92.80000305175781 1.5499999523162842  149.35118103027344 -92.67671203613281 1.5499999523162842
T Nodo051  149.2351531982422 -92.62239074707031 1.5499999523162842  149.35118103027344 -92.67671203613281 1.5499999523162842  149.4110870361328 -92.55000305175781 1.5499999523162842
T Nodo051  149.76388549804688 -92.55000305175781 1.5499999523162842  149.4110870361328 -92.55000305175781 1.5499999523162842  149.5725860595703 -92.75269317626953 1.5499999523162842
T Nodo051  149.4110870361328 -92.55000305175781 1.5499999523162842  149.35118103027344 -92.67671203613281 1.5499999523162842  149.5725860595703 -92.75269317626953 1.5499999523162842
T Nodo051  150.28787231445312 -92.62322235107422 1.5499999523162842  150.11109924316406 -92.55000305175781 1.5499999523162842  150.11732482910156 -92.73847198486328 1.5499999523162842
T Nodo051  150.28787231445312 -92.62322235107422 1.5499999523162842  150.11732482910156 -92.73847198486328 1.5499999523162842  150.36109924316406 -92.80000305175781 1.5499999523162842
T Nodo051  150.28759765625 -93.8770523071289 1.5499999523162842  150.36109924316406 -93.69999694824219 1.5499999523162842  150.1643829345703 -93.75621032714844 1.5499999523162842
T Nodo051  150.28759765625 -93.8770523071289 1.5499999523162842  150.1643829345703 -93.75621032714844 1.5499999523162842  150.11109924316406 -93.94999694824219 1.5499999523162842
T Nodo051  149.4110870361328 -93.94999694824219 1.5499999523162842  149.71559143066406 -93.94999694824219 1.5499999523162842  149.6217803955078 -93.66067504882812 1.5499999523162842
T Nodo051  149.23403930664062 -93.87649536132812 1.5499999523162842  149.4110870361328 -93.94999694824219 1.5499999523162842  149.3560791015625 -93.70832061767578 1.5499999523162842
T Nodo051  149.1610870361328 -93.69999694824219 1.5499999523162842  149.23403930664062 -93.87649536132812 1.5499999523162842  149.3560791015625 -93.70832061767578 1.5499999523162842
T Nodo051  149.4110870361328 -93.94999694824219 1.5499999523162842  149.6217803955078 -93.66067504882812 1.5499999523162842  149.3560791015625 -93.70832061767578 1.5499999523162842
T Nodo051  150.11109924316406 -92.55000305175781 1.5499999523162842  149.76388549804688 -92.55000305175781 1.5499999523162842  149.88003540039062 -92.73027038574219 1.5499999523162842
T Nodo051  150.36109924316406 -93.18070220947266 1.5499999523162842  150.36109924316406 -92.80000305175781 1.5499999523162842  149.8642578125 -93.03520202636719 1.5499999523162842
T Nodo051  150.11109924316406 -92.55000305175781 1.5499999523162842  149.88003540039062 -92.73027038574219 1.5499999523162842  150.11732482910156 -92.73847198486328 1.5499999523162842
T Nodo051  149.1610870361328 -92.80000305175781 1.5499999523162842  149.1610870361328 -93.23829650878906 1.5499999523162842  149.8642578125 -93.03520202636719 1.5499999523162842
T Nodo051  149.76388549804688 -92.55000305175781 1.5499999523162842  149.5725860595703 -92.75269317626953 1.5499999523162842  149.88003540039062 -92.73027038574219 1.5499999523162842
T Nodo051  150.36109924316406 -93.18070220947266 1.5499999523162842  149.8642578125 -93.03520202636719 1.5499999523162842  149.864013671875 -93.39588928222656 1.5499999523162842
T Nodo051  150.1643829345703 -93.75621032714844 1.5499999523162842  150.36109924316406 -93.69999694824219 1.5499999523162842  150.1338348388672 -93.5470199584961 1.5499999523162842
T Nodo051  150.11109924316406 -93.94999694824219 1.5499999523162842  150.1643829345703 -93.75621032714844 1.5499999523162842  149.93453979492188 -93.71492004394531 1.5499999523162842
T Nodo051  150.36109924316406 -93.69999694824219 1.5499999523162842  150.36109924316406 -93.18070220947266 1.5499999523162842  150.1338348388672 -93.5470199584961 1.5499999523162842
T Nodo051  149.6217803955078 -93.66067504882812 1.5499999523162842  149.71559143066406 -93.94999694824219 1.5499999523162842  149.93453979492188 -93.71492004394531 1.5499999523162842
T Nodo051  149.8642578125 -93.03520202636719 1.5499999523162842  149.1610870361328 -93.23829650878906 1.5499999523162842  149.864013671875 -93.39588928222656 1.5499999523162842
T Nodo051  149.71559143066406 -93.94999694824219 1.5499999523162842  150.11109924316406 -93.94999694824219 1.5499999523162842  149.93453979492188 -93.71492004394531 1.5499999523162842
T Nodo051  149.8642578125 -93.03520202636719 1.5499999523162842  150.36109924316406 -92.80000305175781 1.5499999523162842  150.11732482910156 -92.73847198486328 1.5499999523162842
T Nodo051  150.1643829345703 -93.75621032714844 1.5499999523162842  150.1338348388672 -93.5470199584961 1.5499999523162842  149.93453979492188 -93.71492004394531 1.5499999523162842
T Nodo051  149.864013671875 -93.39588928222656 1.5499999523162842  149.1610870361328 -93.23829650878906 1.5499999523162842  149.6217803955078 -93.66067504882812 1.5499999523162842
T Nodo051  149.1610870361328 -93.23829650878906 1.5499999523162842  149.1610870361328 -93.69999694824219 1.5499999523162842  149.3560791015625 -93.70832061767578 1.5499999523162842
T Nodo051  149.93453979492188 -93.71492004394531 1.5499999523162842  150.1338348388672 -93.5470199584961 1.5499999523162842  149.864013671875 -93.39588928222656 1.5499999523162842
T Nodo051  149.6217803955078 -93.66067504882812 1.5499999523162842  149.93453979492188 -93.71492004394531 1.5499999523162842  149.864013671875 -93.39588928222656 1.5499999523162842
T Nodo051  150.1338348388672 -93.5470199584961 1.5499999523162842  150.36109924316406 -93.18070220947266 1.5499999523162842  149.864013671875 -93.39588928222656 1.5499999523162842
T Nodo051  150.11732482910156 -92.73847198486328 1.5499999523162842  149.88003540039062 -92.73027038574219 1.5499999523162842  149.8642578125 -93.03520202636719 1.5499999523162842
T Nodo051  149.6217803955078 -93.66067504882812 1.5499999523162842  149.1610870361328 -93.23829650878906 1.5499999523162842  149.3560791015625 -93.70832061767578 1.5499999523162842
T Nodo051  149.1610870361328 -92.80000305175781 1.5499999523162842  149.8642578125 -93.03520202636719 1.5499999523162842  149.5725860595703 -92.75269317626953 1.5499999523162842
T Nodo051  149.8642578125 -93.03520202636719 1.5499999523162842  149.88003540039062 -92.73027038574219 1.5499999523162842  149.5725860595703 -92.75269317626953 1.5499999523162842
T Nodo051  149.1610870361328 -92.80000305175781 1.5499999523162842  149.5725860595703 -92.75269317626953 1.5499999523162842  149.35118103027344 -92.67671203613281 1.5499999523162842
T Nodo051  149.4501495361328 -95.5 1.5099999904632568  149.4110870361328 -95.5 1.5099999904632568  149.44679260253906 -95.5 1.5499999523162842
T Nodo051  149.491455078125 -95.5 1.5099999904632568  149.4501495361328 -95.5 1.5099999904632568  149.4824981689453 -95.5 1.5499999523162842
T Nodo051  149.53402709960938 -95.5 1.5099999904632568  149.491455078125 -95.5 1.5099999904632568  149.52378845214844 -95.5 1.5499999523162842
T Nodo051  149.5765838623047 -95.5 1.5099999904632568  149.53402709960938 -95.5 1.5099999904632568  149.56158447265625 -95.5 1.5499999523162842
T Nodo051  149.61688232421875 -95.5 1.5099999904632568  149.5765838623047 -95.5 1.5099999904632568  149.6014862060547 -95.5 1.5499999523162842
T Nodo051  149.4110870361328 -95.5 1.5099999904632568  149.4110870361328 -95.5 1.5499999523162842  149.44679260253906 -95.5 1.5499999523162842
T Nodo051  149.44679260253906 -95.5 1.5499999523162842  149.4824981689453 -95.5 1.5499999523162842  149.4501495361328 -95.5 1.5099999904632568
T Nodo051  149.4824981689453 -95.5 1.5499999523162842  149.52378845214844 -95.5 1.5499999523162842  149.491455078125 -95.5 1.5099999904632568
T Nodo051  149.52378845214844 -95.5 1.5499999523162842  149.56158447265625 -95.5 1.5499999523162842  149.53402709960938 -95.5 1.5099999904632568
T Nodo051  149.56158447265625 -95.5 1.5499999523162842  149.6014862060547 -95.5 1.5499999523162842  149.5765838623047 -95.5 1.5099999904632568
T Nodo051  149.6014862060547 -95.5 1.5499999523162842  149.63719177246094 -95.5 1.5499999523162842  149.61688232421875 -95.5 1.5099999904632568
T Nodo051  149.88499450683594 -95.5 1.5499999523162842  149.92489624023438 -95.5 1.5499999523162842  149.89584350585938 -95.5 1.5099999904632568
T Nodo051  149.92489624023438 -95.5 1.5499999523162842  149.96058654785156 -95.5 1.5499999523162842  149.93434143066406 -95.5 1.5099999904632568
T Nodo051  149.96058654785156 -95.5 1.5499999523162842  149.99559020996094 -95.5 1.5499999523162842  149.96908569335938 -95.5 1.5099999904632568
T Nodo051  149.99559020996094 -95.5 1.5499999523162842  150.0312957763672 -95.5 1.5499999523162842  150.00384521484375 -95.5 1.5099999904632568
T Nodo051  150.0312957763672 -95.5 1.5499999523162842  150.07119750976562 -95.5 1.5499999523162842  150.04183959960938 -95.5 1.5099999904632568
T Nodo051  150.07119750976562 -95.5 1.5499999523162842  150.11109924316406 -95.5 1.5499999523162842  150.0763397216797 -95.5 1.5099999904632568
T Nodo051  150.11109924316406 -95.5 1.5499999523162842  150.11109924316406 -95.5 1.5099999904632568  150.0763397216797 -95.5 1.5099999904632568
T Nodo051  149.89584350585938 -95.5 1.5099999904632568  149.86109924316406 -95.5 1.5099999904632568  149.88499450683594 -95.5 1.5499999523162842
T Nodo051  149.93434143066406 -95.5 1.5099999904632568  149.89584350585938 -95.5 1.5099999904632568  149.92489624023438 -95.5 1.5499999523162842
T Nodo051  149.96908569335938 -95.5 1.5099999904632568  149.93434143066406 -95.5 1.5099999904632568  149.96058654785156 -95.5 1.5499999523162842
T Nodo051  150.00384521484375 -95.5 1.5099999904632568  149.96908569335938 -95.5 1.5099999904632568  149.99559020996094 -95.5 1.5499999523162842
T Nodo051  150.04183959960938 -95.5 1.5099999904632568  150.00384521484375 -95.5 1.5099999904632568  150.0312957763672 -95.5 1.5499999523162842
T Nodo051  150.0763397216797 -95.5 1.5099999904632568  150.04183959960938 -95.5 1.5099999904632568  150.07119750976562 -95.5 1.5499999523162842
T Nodo051  149.61688232421875 -95.5 1.5099999904632568  149.63719177246094 -95.5 1.5499999523162842  149.6614532470703 -95.5 1.5099999904632568
T Nodo051  149.6728973388672 -95.5 1.5499999523162842  149.7078857421875 -95.5 1.5499999523162842  149.69459533691406 -95.5 1.5449999570846558
T Nodo051  149.7078857421875 -95.5 1.5499999523162842  149.74288940429688 -95.5 1.5499999523162842  149.7275390625 -95.5 1.5449999570846558
T Nodo051  149.74288940429688 -95.5 1.5499999523162842  149.77859497070312 -95.5 1.5499999523162842  149.76087951660156 -95.5 1.5449999570846558
T Nodo051  149.77859497070312 -95.5 1.5499999523162842  149.8142852783203 -95.5 1.5499999523162842  149.79421997070312 -95.5 1.5449999570846558
T Nodo051  149.8142852783203 -95.5 1.5499999523162842  149.84999084472656 -95.5 1.5499999523162842  149.82754516601562 -95.5 1.5449999570846558
T Nodo051  149.84999084472656 -95.5 1.5499999523162842  149.88499450683594 -95.5 1.5499999523162842  149.86109924316406 -95.5 1.5449999570846558
T Nodo051  149.86109924316406 -95.5 1.5449999570846558  149.88499450683594 -95.5 1.5499999523162842  149.86109924316406 -95.5 1.5099999904632568
T Nodo051  149.82754516601562 -95.5 1.5449999570846558  149.84999084472656 -95.5 1.5499999523162842  149.86109924316406 -95.5 1.5449999570846558
T Nodo051  149.69459533691406 -95.5 1.5449999570846558  149.7078857421875 -95.5 1.5499999523162842  149.7275390625 -95.5 1.5449999570846558
T Nodo051  149.6728973388672 -95.5 1.5499999523162842  149.69459533691406 -95.5 1.5449999570846558  149.6614532470703 -95.5 1.5449999570846558
T Nodo051  149.74288940429688 -95.5 1.5499999523162842  149.76087951660156 -95.5 1.5449999570846558  149.7275390625 -95.5 1.5449999570846558
T Nodo051  149.77859497070312 -95.5 1.5499999523162842  149.79421997070312 -95.5 1.5449999570846558  149.76087951660156 -95.5 1.5449999570846558
T Nodo051  149.8142852783203 -95.5 1.5499999523162842  149.82754516601562 -95.5 1.5449999570846558  149.79421997070312 -95.5 1.5449999570846558
T Nodo051  149.63719177246094 -95.5 1.5499999523162842  149.6728973388672 -95.5 1.5499999523162842  149.6614532470703 -95.5 1.5449999570846558
T Nodo051  149.63719177246094 -95.5 1.5499999523162842  149.6614532470703 -95.5 1.5449999570846558  149.6614532470703 -95.5 1.5099999904632568
T Nodo051  149.2351531982422 -95.57239532470703 1.5499999523162842  149.1610870361328 -95.75 1.5499999523162842  149.35118103027344 -95.62671661376953 1.5499999523162842
T Nodo051  149.2351531982422 -95.57239532470703 1.5499999523162842  149.35118103027344 -95.62671661376953 1.5499999523162842  149.4110870361328 -95.5 1.5499999523162842
T Nodo051  149.76388549804688 -95.5 1.5499999523162842  149.4110870361328 -95.5 1.5499999523162842  149.5725860595703 -95.70269012451172 1.5499999523162842
T Nodo051  149.4110870361328 -95.5 1.5499999523162842  149.35118103027344 -95.62671661376953 1.5499999523162842  149.5725860595703 -95.70269012451172 1.5499999523162842
T Nodo051  150.28787231445312 -95.5732192993164 1.5499999523162842  150.11109924316406 -95.5 1.5499999523162842  150.11732482910156 -95.6884765625 1.5499999523162842
T Nodo051  150.28787231445312 -95.5732192993164 1.5499999523162842  150.11732482910156 -95.6884765625 1.5499999523162842  150.36109924316406 -95.75 1.5499999523162842
T Nodo051  150.28787231445312 -96.82677459716797 1.5499999523162842  150.36109924316406 -96.6500015258789 1.5499999523162842  150.16445922851562 -96.70613861083984 1.5499999523162842
T Nodo051  150.28787231445312 -96.82677459716797 1.5499999523162842  150.16445922851562 -96.70613861083984 1.5499999523162842  150.11109924316406 -96.9000015258789 1.5499999523162842
T Nodo051  149.4110870361328 -96.9000015258789 1.5499999523162842  149.71559143066406 -96.9000015258789 1.5499999523162842  149.6217803955078 -96.61066436767578 1.5499999523162842
T Nodo051  149.23403930664062 -96.82649993896484 1.5499999523162842  149.4110870361328 -96.9000015258789 1.5499999523162842  149.3560791015625 -96.65831756591797 1.5499999523162842
T Nodo051  149.1610870361328 -96.6500015258789 1.5499999523162842  149.23403930664062 -96.82649993896484 1.5499999523162842  149.3560791015625 -96.65831756591797 1.5499999523162842
T Nodo051  149.4110870361328 -96.9000015258789 1.5499999523162842  149.6217803955078 -96.61066436767578 1.5499999523162842  149.3560791015625 -96.65831756591797 1.5499999523162842
T Nodo051  150.11109924316406 -95.5 1.5499999523162842  149.76388549804688 -95.5 1.5499999523162842  149.88003540039062 -95.68026733398438 1.5499999523162842
T Nodo051  150.36109924316406 -96.13069915771484 1.5499999523162842  150.36109924316406 -95.75 1.5499999523162842  149.8642578125 -95.98519897460938 1.5499999523162842
T Nodo051  150.11109924316406 -95.5 1.5499999523162842  149.88003540039062 -95.68026733398438 1.5499999523162842  150.11732482910156 -95.6884765625 1.5499999523162842
T Nodo051  149.1610870361328 -95.75 1.5499999523162842  149.1610870361328 -96.18830108642578 1.5499999523162842  149.8642578125 -95.98519897460938 1.5499999523162842
T Nodo051  149.76388549804688 -95.5 1.5499999523162842  149.5725860595703 -95.70269012451172 1.5499999523162842  149.88003540039062 -95.68026733398438 1.5499999523162842
T Nodo051  150.36109924316406 -96.13069915771484 1.5499999523162842  149.8642578125 -95.98519897460938 1.5499999523162842  149.86404418945312 -96.34587097167969 1.5499999523162842
T Nodo051  150.16445922851562 -96.70613861083984 1.5499999523162842  150.36109924316406 -96.6500015258789 1.5499999523162842  150.1338653564453 -96.49697875976562 1.5499999523162842
T Nodo051  150.11109924316406 -96.9000015258789 1.5499999523162842  150.16445922851562 -96.70613861083984 1.5499999523162842  149.9345703125 -96.66488647460938 1.5499999523162842
T Nodo051  150.36109924316406 -96.6500015258789 1.5499999523162842  150.36109924316406 -96.13069915771484 1.5499999523162842  150.1338653564453 -96.49697875976562 1.5499999523162842
T Nodo051  149.6217803955078 -96.61066436767578 1.5499999523162842  149.71559143066406 -96.9000015258789 1.5499999523162842  149.9345703125 -96.66488647460938 1.5499999523162842
T Nodo051  149.8642578125 -95.98519897460938 1.5499999523162842  149.1610870361328 -96.18830108642578 1.5499999523162842  149.86404418945312 -96.34587097167969 1.5499999523162842
T Nodo051  149.71559143066406 -96.9000015258789 1.5499999523162842  150.11109924316406 -96.9000015258789 1.5499999523162842  149.9345703125 -96.66488647460938 1.5499999523162842
T Nodo051  149.8642578125 -95.98519897460938 1.5499999523162842  150.36109924316406 -95.75 1.5499999523162842  150.11732482910156 -95.6884765625 1.5499999523162842
T Nodo051  150.16445922851562 -96.70613861083984 1.5499999523162842  150.1338653564453 -96.49697875976562 1.5499999523162842  149.9345703125 -96.66488647460938 1.5499999523162842
T Nodo051  149.86404418945312 -96.34587097167969 1.5499999523162842  149.1610870361328 -96.18830108642578 1.5499999523162842  149.6217803955078 -96.61066436767578 1.5499999523162842
T Nodo051  149.1610870361328 -96.18830108642578 1.5499999523162842  149.1610870361328 -96.6500015258789 1.5499999523162842  149.3560791015625 -96.65831756591797 1.5499999523162842
T Nodo051  149.9345703125 -96.66488647460938 1.5499999523162842  150.1338653564453 -96.49697875976562 1.5499999523162842  149.86404418945312 -96.34587097167969 1.5499999523162842
T Nodo051  149.6217803955078 -96.61066436767578 1.5499999523162842  149.9345703125 -96.66488647460938 1.5499999523162842  149.86404418945312 -96.34587097167969 1.5499999523162842
T Nodo051  150.1338653564453 -96.49697875976562 1.5499999523162842  150.36109924316406 -96.13069915771484 1.5499999523162842  149.86404418945312 -96.34587097167969 1.5499999523162842
T Nodo051  150.11732482910156 -95.6884765625 1.5499999523162842  149.88003540039062 -95.68026733398438 1.5499999523162842  149.8642578125 -95.98519897460938 1.5499999523162842
T Nodo051  149.6217803955078 -96.61066436767578 1.5499999523162842  149.1610870361328 -96.18830108642578 1.5499999523162842  149.3560791015625 -96.65831756591797 1.5499999523162842
T Nodo051  149.1610870361328 -95.75 1.5499999523162842  149.8642578125 -95.98519897460938 1.5499999523162842  149.5725860595703 -95.70269012451172 1.5499999523162842
T Nodo051  149.8642578125 -95.98519897460938 1.5499999523162842  149.88003540039062 -95.68026733398438 1.5499999523162842  149.5725860595703 -95.70269012451172 1.5499999523162842
T Nodo051  149.1610870361328 -95.75 1.5499999523162842  149.5725860595703 -95.70269012451172 1.5499999523162842  149.35118103027344 -95.62671661376953 1.5499999523162842


